Devonta Freeman,ATL,2015.0,15.0,264.0,1061.0,11.0,97.0,73.0,578.0,3.0,280.4,18.7
Adrian Peterson,MIN,2015.0,16.0,327.0,1485.0,11.0,36.0,30.0,222.0,0.0,245.7,15.4
Doug Martin,TB,2015.0,16.0,288.0,1402.0,6.0,44.0,33.0,271.0,1.0,215.8,13.5
DeAngelo Williams,PIT,2015.0,16.0,200.0,907.0,11.0,47.0,40.0,367.0,0.0,209.4,13.1
Lamar Miller,MIA,2015.0,16.0,194.0,872.0,8.0,57.0,47.0,397.0,2.0,208.4,13.0
Danny Woodhead,SD,2015.0,16.0,97.0,335.0,3.0,107.0,81.0,756.0,6.0,203.6,12.7
Todd Gurley,STL,2015.0,13.0,229.0,1108.0,10.0,26.0,21.0,188.0,0.0,198.1,15.2
David Johnson,ARI,2015.0,16.0,125.0,581.0,8.0,57.0,36.0,457.0,4.0,191.8,12.0
Matt Forte,CHI,2015.0,13.0,218.0,898.0,4.0,58.0,44.0,389.0,3.0,190.7,14.7
Chris Ivory,NYJ,2015.0,15.0,247.0,1070.0,7.0,37.0,30.0,217.0,1.0,187.7,12.5
Latavius Murray,OAK,2015.0,16.0,267.0,1066.0,6.0,53.0,41.0,232.0,0.0,184.3,11.5
Frank Gore,IND,2015.0,16.0,260.0,967.0,6.0,58.0,34.0,267.0,1.0,176.4,11.0
Mark Ingram,NO,2015.0,12.0,165.0,767.0,6.0,60.0,50.0,405.0,0.0,176.2,14.7
Darren McFadden,DAL,2015.0,16.0,239.0,1089.0,3.0,53.0,40.0,328.0,0.0,173.7,10.9
DeMarco Murray,PHI,2015.0,15.0,194.0,699.0,6.0,55.0,44.0,322.0,1.0,162.1,10.8
Jeremy Hill,CIN,2015.0,16.0,223.0,794.0,11.0,19.0,15.0,79.0,1.0,160.8,10.1
LeSean McCoy,BUF,2015.0,12.0,203.0,895.0,3.0,49.0,32.0,292.0,2.0,160.7,13.4
Giovani Bernard,CIN,2015.0,16.0,154.0,730.0,2.0,66.0,49.0,472.0,0.0,156.7,9.8
Jonathan Stewart,CAR,2015.0,13.0,242.0,989.0,6.0,21.0,16.0,99.0,1.0,154.8,11.9
Charles Sims,TB,2015.0,16.0,107.0,529.0,0.0,70.0,51.0,561.0,4.0,154.5,9.7
Rashad Jennings,NYG,2015.0,16.0,195.0,863.0,3.0,39.0,29.0,296.0,1.0,150.4,9.4
Ronnie Hillman,DEN,2015.0,16.0,207.0,863.0,7.0,35.0,24.0,111.0,0.0,149.4,9.3
James Starks,GB,2015.0,16.0,148.0,601.0,2.0,53.0,43.0,392.0,3.0,144.8,9.1
Theo Riddick,DET,2015.0,16.0,43.0,133.0,0.0,99.0,80.0,697.0,3.0,139.0,8.7
T.J. Yeldon,JAC,2015.0,12.0,182.0,740.0,2.0,46.0,36.0,279.0,1.0,137.9,11.5
Jeremy Langford,CHI,2015.0,15.0,148.0,537.0,6.0,42.0,22.0,279.0,1.0,134.6,9.0
Duke Johnson,CLE,2015.0,16.0,104.0,379.0,0.0,74.0,61.0,534.0,2.0,133.8,8.4
Eddie Lacy,GB,2015.0,15.0,187.0,758.0,3.0,28.0,20.0,188.0,2.0,130.6,8.7
Shane Vereen,NYG,2015.0,16.0,61.0,260.0,0.0,81.0,59.0,495.0,4.0,129.0,8.1
C.J. Anderson,DEN,2015.0,15.0,152.0,720.0,5.0,36.0,25.0,183.0,0.0,128.8,8.6
Isaiah Crowell,CLE,2015.0,16.0,185.0,706.0,4.0,22.0,19.0,182.0,1.0,128.3,8.0
Javorius Allen,BAL,2015.0,16.0,138.0,516.0,1.0,62.0,45.0,353.0,2.0,123.4,7.7
Thomas Rawls,SEA,2015.0,12.0,147.0,830.0,4.0,11.0,9.0,76.0,1.0,123.1,10.3
Charcandrick West,KC,2015.0,12.0,160.0,634.0,4.0,33.0,20.0,214.0,1.0,122.8,10.2
Darren Sproles,PHI,2015.0,16.0,83.0,317.0,3.0,83.0,55.0,388.0,1.0,122.0,7.6
LeGarrette Blount,NE,2015.0,12.0,165.0,703.0,6.0,7.0,6.0,43.0,1.0,119.6,10.0
Karlos Williams,BUF,2015.0,11.0,93.0,517.0,7.0,14.0,11.0,96.0,2.0,118.8,10.8
Ryan Mathews,PHI,2015.0,13.0,108.0,539.0,6.0,28.0,20.0,146.0,1.0,114.5,8.8
Bilal Powell,NYJ,2015.0,11.0,70.0,313.0,1.0,63.0,47.0,388.0,2.0,111.6,10.1
Justin Forsett,BAL,2015.0,10.0,151.0,641.0,2.0,41.0,31.0,153.0,0.0,106.9,10.7
Matt Jones,WAS,2015.0,13.0,144.0,490.0,3.0,25.0,19.0,304.0,1.0,104.9,8.1
Ameer Abdullah,DET,2015.0,16.0,143.0,598.0,2.0,38.0,25.0,183.0,1.0,104.6,6.5
Alfred Blue,HOU,2015.0,14.0,183.0,698.0,2.0,16.0,15.0,109.0,1.0,104.2,7.4
Chris Johnson,ARI,2015.0,11.0,196.0,814.0,3.0,12.0,6.0,58.0,0.0,104.2,9.5
James White,NE,2015.0,12.0,22.0,56.0,2.0,54.0,40.0,410.0,4.0,102.6,8.6
Dion Lewis,NE,2015.0,7.0,49.0,234.0,2.0,50.0,36.0,388.0,2.0,102.2,14.6
Le'Veon Bell,PIT,2015.0,6.0,113.0,556.0,3.0,26.0,24.0,136.0,0.0,99.2,16.5
Antonio Andrews,TEN,2015.0,14.0,143.0,520.0,3.0,29.0,21.0,174.0,0.0,95.9,6.9
Joique Bell,DET,2015.0,13.0,90.0,311.0,4.0,27.0,22.0,286.0,0.0,94.7,7.3
Alfred Morris,WAS,2015.0,16.0,202.0,763.0,1.0,13.0,10.0,55.0,0.0,92.8,5.8
Melvin Gordon,SD,2015.0,14.0,184.0,641.0,0.0,37.0,33.0,192.0,0.0,91.8,6.6
Jamaal Charles,KC,2015.0,5.0,71.0,364.0,4.0,30.0,21.0,177.0,1.0,90.6,18.1
Tim Hightower,NO,2015.0,6.0,96.0,375.0,4.0,13.0,12.0,129.0,0.0,80.4,13.4
Spencer Ware,KC,2015.0,9.0,72.0,403.0,6.0,6.0,6.0,5.0,0.0,79.8,8.9
Kyle Juszczyk,BAL,2015.0,16.0,2.0,3.0,0.0,56.0,41.0,321.0,4.0,76.9,4.8
Carlos Hyde,SF,2015.0,7.0,115.0,470.0,3.0,15.0,11.0,53.0,0.0,75.8,10.8
Chris Thompson,WAS,2015.0,13.0,35.0,216.0,0.0,47.0,35.0,240.0,2.0,75.1,5.8
Marshawn Lynch,SEA,2015.0,7.0,111.0,417.0,3.0,21.0,13.0,80.0,0.0,74.2,10.6
Dexter McCluster,TEN,2015.0,11.0,55.0,247.0,1.0,41.0,31.0,260.0,1.0,74.2,6.7
Mike Tolbert,CAR,2015.0,16.0,62.0,256.0,1.0,23.0,18.0,154.0,3.0,74.0,4.6
Jerick McKinnon,MIN,2015.0,16.0,52.0,271.0,2.0,29.0,21.0,173.0,1.0,72.9,4.6
Jonathan Grimes,HOU,2015.0,13.0,56.0,282.0,1.0,31.0,26.0,173.0,1.0,70.5,5.4
Joseph Randle,DAL,2015.0,6.0,76.0,313.0,4.0,10.0,10.0,87.0,0.0,69.0,11.5
Andre Ellington,ARI,2015.0,10.0,45.0,289.0,3.0,24.0,15.0,148.0,0.0,67.2,6.7
Arian Foster,HOU,2015.0,4.0,63.0,163.0,1.0,28.0,22.0,227.0,2.0,66.0,16.5
Shaun Draughn,CLE,2015.0,9.0,78.0,273.0,1.0,34.0,27.0,176.0,0.0,64.4,7.2
Chris Polk,HOU,2015.0,15.0,99.0,334.0,1.0,28.0,16.0,109.0,1.0,64.3,4.3
C.J. Spiller,NO,2015.0,13.0,36.0,112.0,0.0,44.0,34.0,239.0,2.0,64.1,4.9
Marcel Reece,OAK,2015.0,15.0,10.0,36.0,0.0,37.0,30.0,269.0,3.0,63.5,4.2
Khiry Robinson,NO,2015.0,8.0,56.0,180.0,4.0,20.0,17.0,115.0,0.0,62.0,7.8
Fred Jackson,SEA,2015.0,15.0,26.0,100.0,0.0,41.0,32.0,257.0,2.0,61.7,4.1
Brandon Bolden,NE,2015.0,11.0,63.0,207.0,0.0,30.0,19.0,180.0,2.0,60.2,5.5
Denard Robinson,JAC,2015.0,12.0,67.0,253.0,1.0,30.0,21.0,165.0,0.0,56.3,4.7
Benny Cunningham,STL,2015.0,14.0,37.0,140.0,0.0,36.0,26.0,250.0,0.0,52.0,3.7
Bishop Sankey,TEN,2015.0,12.0,47.0,193.0,1.0,23.0,14.0,139.0,1.0,50.2,4.2
Mike Gillislee,BUF,2015.0,5.0,47.0,267.0,3.0,7.0,6.0,29.0,0.0,48.6,9.7
Tre Mason,STL,2015.0,13.0,75.0,207.0,1.0,21.0,18.0,88.0,0.0,42.5,3.3
Donald Brown,SD,2015.0,6.0,59.0,229.0,1.0,13.0,8.0,88.0,0.0,41.7,7.0
Tevin Coleman,ATL,2015.0,12.0,87.0,392.0,1.0,9.0,2.0,14.0,0.0,41.6,3.5
Lance Dunbar,DAL,2015.0,4.0,5.0,67.0,0.0,24.0,21.0,215.0,0.0,38.7,9.7
Ahmad Bradshaw,IND,2015.0,6.0,31.0,85.0,0.0,14.0,10.0,64.0,3.0,37.9,6.3
Jay Ajayi,MIA,2015.0,9.0,49.0,187.0,1.0,11.0,7.0,90.0,0.0,37.2,4.1
Travaris Cadet,NE,2015.0,6.0,11.0,28.0,0.0,22.0,17.0,214.0,1.0,36.7,6.1
Ka'Deem Carey,CHI,2015.0,7.0,43.0,159.0,2.0,3.0,3.0,19.0,1.0,35.3,5.0
Damien Williams,MIA,2015.0,13.0,16.0,59.0,0.0,28.0,21.0,142.0,1.0,34.6,2.7
Ty Montgomery,GB,2015.0,5.0,3.0,14.0,0.0,19.0,15.0,136.0,2.0,34.5,6.9
Matt Asiata,MIN,2015.0,15.0,29.0,112.0,0.0,22.0,19.0,132.0,0.0,33.9,2.3
Andre Williams,NYG,2015.0,16.0,88.0,257.0,1.0,3.0,1.0,7.0,0.0,32.9,2.1
Cameron Artis-Payne,CAR,2015.0,6.0,45.0,183.0,1.0,5.0,5.0,58.0,0.0,32.6,5.4
Robert Turbin,CLE,2015.0,10.0,50.0,199.0,1.0,10.0,7.0,23.0,0.0,31.7,3.2
Zach Line,MIN,2015.0,10.0,6.0,10.0,2.0,9.0,6.0,95.0,1.0,31.5,3.2
DuJuan Harris,SEA,2015.0,4.0,48.0,189.0,0.0,14.0,9.0,97.0,0.0,31.1,7.8
Jamize Olawale,OAK,2015.0,10.0,24.0,110.0,1.0,11.0,9.0,84.0,0.0,29.9,3.0
Patrick DiMarco,ATL,2015.0,10.0,1.0,0.0,0.0,17.0,13.0,110.0,2.0,29.5,3.0
Fozzy Whittaker,CAR,2015.0,13.0,25.0,108.0,1.0,15.0,12.0,64.0,0.0,29.2,2.2
Jonas Gray,MIA,2015.0,7.0,45.0,176.0,0.0,8.0,7.0,76.0,0.0,28.7,4.1
Branden Oliver,SD,2015.0,6.0,31.0,108.0,0.0,15.0,13.0,112.0,0.0,28.5,4.8
Christine Michael,DAL,2015.0,8.0,54.0,243.0,0.0,6.0,3.0,16.0,0.0,27.4,3.4
Terron Ward,ATL,2015.0,10.0,29.0,95.0,1.0,13.0,9.0,73.0,0.0,27.3,2.7
Orleans Darkwa,NYG,2015.0,8.0,37.0,153.0,1.0,5.0,3.0,31.0,0.0,25.9,3.2
Bruce Miller,SF,2015.0,10.0,6.0,14.0,1.0,14.0,10.0,135.0,0.0,25.9,2.6
Zac Stacy,NYJ,2015.0,6.0,31.0,89.0,1.0,12.0,9.0,65.0,0.0,25.9,4.3
Taiwan Jones,OAK,2015.0,8.0,15.0,72.0,0.0,9.0,7.0,106.0,1.0,25.3,3.2
John Kuhn,GB,2015.0,9.0,9.0,28.0,2.0,10.0,6.0,56.0,0.0,23.4,2.6
Terrance West,TEN,2015.0,8.0,61.0,229.0,0.0,5.0,4.0,21.0,0.0,23.0,2.9
Roy Helu,OAK,2015.0,8.0,17.0,39.0,0.0,16.0,9.0,75.0,1.0,21.9,2.7
David Cobb,TEN,2015.0,7.0,52.0,146.0,1.0,2.0,1.0,-2.0,0.0,20.9,3.0
Kerwynn Williams,ARI,2015.0,5.0,27.0,142.0,1.0,2.0,2.0,16.0,0.0,20.8,4.2
Jalston Fowler,TEN,2015.0,7.0,7.0,13.0,1.0,6.0,5.0,44.0,1.0,20.2,2.9
Pierre Thomas,SF,2015.0,4.0,15.0,64.0,0.0,11.0,9.0,84.0,0.0,19.3,4.8
Rex Burkhead,CIN,2015.0,12.0,4.0,4.0,0.0,15.0,10.0,94.0,1.0,18.8,1.6
Anthony Dixon,BUF,2015.0,8.0,21.0,44.0,1.0,7.0,6.0,44.0,0.0,17.8,2.2
Kenjon Barner,PHI,2015.0,5.0,28.0,124.0,0.0,12.0,9.0,22.0,0.0,17.1,3.4
Dan Herron,BUF,2015.0,8.0,25.0,79.0,0.0,10.0,9.0,47.0,0.0,17.1,2.1
Knile Davis,KC,2015.0,9.0,28.0,72.0,1.0,3.0,2.0,24.0,0.0,16.6,1.8
Akeem Hunt,HOU,2015.0,7.0,17.0,96.0,0.0,10.0,6.0,39.0,0.0,16.5,2.4
Lorenzo Taliaferro,BAL,2015.0,3.0,13.0,47.0,1.0,5.0,5.0,29.0,0.0,16.1,5.4
Kendall Gaskins,SF,2015.0,4.0,16.0,38.0,0.0,10.0,8.0,69.0,0.0,14.7,3.7
Steven Jackson,NE,2015.0,2.0,21.0,50.0,1.0,1.0,1.0,20.0,0.0,13.5,6.8
Bryce Brown,SEA,2015.0,3.0,26.0,72.0,1.0,2.0,0.0,0.0,0.0,13.2,4.4
Michael Burton,DET,2015.0,8.0,4.0,2.0,0.0,6.0,6.0,39.0,1.0,13.1,1.6
Mike Davis,SF,2015.0,5.0,35.0,58.0,0.0,13.0,7.0,38.0,0.0,13.1,2.6
Juwan Thompson,DEN,2015.0,7.0,18.0,48.0,0.0,9.0,6.0,51.0,0.0,12.9,1.8
Austin Johnson,NO,2015.0,5.0,4.0,9.0,1.0,5.0,5.0,30.0,0.0,12.4,2.5
Will Tukuafu,SEA,2015.0,4.0,4.0,1.0,1.0,1.0,1.0,7.0,1.0,11.3,2.8
Stevan Ridley,NYJ,2015.0,8.0,36.0,90.0,0.0,5.0,4.0,-2.0,0.0,10.8,1.4
Zurlon Tipton,IND,2015.0,4.0,5.0,20.0,0.0,8.0,5.0,57.0,0.0,10.2,2.6
Will Johnson,PIT,2015.0,5.0,4.0,7.0,1.0,4.0,2.0,16.0,0.0,9.3,1.9
Jarryd Hayne,SF,2015.0,4.0,17.0,52.0,0.0,7.0,6.0,27.0,0.0,8.9,2.2
Toby Gerhart,JAC,2015.0,5.0,20.0,44.0,0.0,5.0,3.0,23.0,0.0,8.2,1.6
Josh Robinson,IND,2015.0,5.0,17.0,39.0,0.0,6.0,6.0,33.0,0.0,8.2,1.6
Zach Zenner,DET,2015.0,4.0,17.0,60.0,0.0,3.0,2.0,11.0,0.0,8.1,2.0
Tommy Bohanon,NYJ,2015.0,5.0,2.0,2.0,0.0,8.0,4.0,56.0,0.0,7.8,1.6
Reggie Bush,SF,2015.0,5.0,8.0,28.0,0.0,9.0,4.0,19.0,0.0,6.7,1.3
Stepfan Taylor,ARI,2015.0,6.0,17.0,58.0,0.0,3.0,1.0,4.0,0.0,6.7,1.1
Darrel Young,WAS,2015.0,9.0,6.0,14.0,0.0,6.0,6.0,22.0,0.0,6.6,0.7
Jacquizz Rodgers,CHI,2015.0,5.0,14.0,41.0,0.0,2.0,1.0,10.0,0.0,5.6,1.1
Anthony Sherman,KC,2015.0,4.0,1.0,0.0,0.0,5.0,4.0,34.0,0.0,5.4,1.4
Joey Iosefa,NE,2015.0,2.0,15.0,51.0,0.0,0.0,0.0,0.0,0.0,5.1,2.6
Fitzgerald Toussaint,PIT,2015.0,3.0,18.0,42.0,0.0,0.0,0.0,0.0,0.0,4.2,1.4
Derrick Coleman,SEA,2015.0,5.0,8.0,32.0,0.0,1.0,1.0,0.0,0.0,3.7,0.7
Bernard Pierce,JAC,2015.0,4.0,6.0,11.0,0.0,5.0,3.0,7.0,0.0,3.3,0.8
Jay Prosch,HOU,2015.0,4.0,6.0,33.0,0.0,1.0,0.0,0.0,0.0,3.3,0.8
Bobby Rainey,TB,2015.0,6.0,5.0,18.0,0.0,3.0,3.0,16.0,0.0,2.9,0.5
Roosevelt Nix,PIT,2015.0,3.0,0.0,0.0,0.0,3.0,2.0,16.0,0.0,2.6,0.9
Tyler Varga,IND,2015.0,1.0,1.0,2.0,0.0,1.0,1.0,18.0,0.0,2.5,2.5
Jorvorskie Lane,TB,2015.0,3.0,1.0,0.0,0.0,2.0,2.0,13.0,0.0,2.3,0.8
Aaron Ripkowski,GB,2015.0,1.0,0.0,0.0,0.0,1.0,1.0,18.0,0.0,2.3,2.3
Jordan Todman,PIT,2015.0,3.0,4.0,22.0,0.0,2.0,0.0,0.0,0.0,2.2,0.7
John Crockett,GB,2015.0,2.0,9.0,21.0,0.0,0.0,0.0,0.0,0.0,2.1,1.1
David Johnson,ARI,2016.0,16.0,293.0,1239.0,16.0,120.0,80.0,879.0,4.0,365.8,22.9
Ezekiel Elliott,DAL,2016.0,15.0,322.0,1631.0,15.0,40.0,32.0,363.0,1.0,309.4,20.6
Le'Veon Bell,PIT,2016.0,12.0,261.0,1268.0,7.0,94.0,75.0,616.0,2.0,277.9,23.2
LeSean McCoy,BUF,2016.0,15.0,234.0,1267.0,13.0,58.0,51.0,356.0,1.0,271.8,18.1
DeMarco Murray,TEN,2016.0,16.0,293.0,1287.0,9.0,67.0,53.0,377.0,3.0,262.9,16.4
Devonta Freeman,ATL,2016.0,16.0,227.0,1079.0,11.0,65.0,54.0,462.0,2.0,257.1,16.1
Melvin Gordon,SD,2016.0,13.0,254.0,997.0,10.0,57.0,41.0,419.0,2.0,230.1,17.7
LeGarrette Blount,NE,2016.0,16.0,299.0,1161.0,18.0,8.0,7.0,38.0,0.0,229.4,14.3
Jordan Howard,CHI,2016.0,15.0,252.0,1313.0,6.0,50.0,29.0,298.0,1.0,215.6,14.4
Mark Ingram,NO,2016.0,16.0,205.0,1044.0,6.0,58.0,46.0,319.0,4.0,215.3,13.5
Jay Ajayi,MIA,2016.0,15.0,260.0,1272.0,8.0,35.0,27.0,151.0,0.0,201.8,13.5
Frank Gore,IND,2016.0,16.0,263.0,1026.0,4.0,47.0,38.0,277.0,4.0,195.3,12.2
Latavius Murray,OAK,2016.0,14.0,195.0,788.0,12.0,43.0,33.0,264.0,0.0,191.7,13.7
Isaiah Crowell,CLE,2016.0,16.0,197.0,944.0,7.0,53.0,40.0,319.0,0.0,184.3,11.5
Spencer Ware,KC,2016.0,14.0,214.0,922.0,3.0,42.0,33.0,447.0,2.0,177.4,12.7
Todd Gurley,LAR,2016.0,16.0,278.0,885.0,6.0,58.0,43.0,327.0,0.0,176.7,11.0
Carlos Hyde,SF,2016.0,13.0,217.0,988.0,6.0,33.0,27.0,163.0,3.0,176.6,13.6
Tevin Coleman,ATL,2016.0,13.0,118.0,520.0,8.0,40.0,31.0,421.0,3.0,175.6,13.5
Lamar Miller,HOU,2016.0,14.0,268.0,1073.0,5.0,39.0,31.0,188.0,1.0,175.6,12.5
Matt Forte,NYJ,2016.0,14.0,218.0,813.0,7.0,43.0,30.0,263.0,1.0,168.6,12.0
Bilal Powell,NYJ,2016.0,16.0,131.0,722.0,3.0,75.0,58.0,388.0,2.0,168.0,10.5
Jeremy Hill,CIN,2016.0,15.0,222.0,839.0,9.0,27.0,21.0,174.0,0.0,165.8,11.1
Terrance West,BAL,2016.0,16.0,193.0,774.0,5.0,45.0,34.0,236.0,1.0,154.0,9.6
Jonathan Stewart,CAR,2016.0,13.0,218.0,824.0,9.0,21.0,8.0,60.0,0.0,142.4,11.0
Darren Sproles,PHI,2016.0,15.0,94.0,438.0,2.0,71.0,52.0,427.0,2.0,136.5,9.1
Theo Riddick,DET,2016.0,10.0,92.0,357.0,1.0,67.0,53.0,371.0,5.0,135.3,13.5
Ryan Mathews,PHI,2016.0,13.0,155.0,661.0,8.0,14.0,13.0,115.0,1.0,134.1,10.3
James White,NE,2016.0,16.0,39.0,166.0,0.0,86.0,60.0,551.0,5.0,131.7,8.2
Devontae Booker,DEN,2016.0,16.0,174.0,612.0,4.0,46.0,31.0,265.0,1.0,129.2,8.1
Christine Michael,SEA,2016.0,15.0,148.0,583.0,7.0,29.0,22.0,107.0,1.0,128.0,8.5
Rob Kelley,WAS,2016.0,14.0,168.0,704.0,6.0,18.0,12.0,82.0,1.0,126.6,9.0
Jerick McKinnon,MIN,2016.0,15.0,159.0,539.0,2.0,53.0,43.0,255.0,2.0,124.9,8.3
Chris Thompson,WAS,2016.0,16.0,68.0,356.0,3.0,62.0,49.0,349.0,2.0,123.0,7.7
Mike Gillislee,BUF,2016.0,15.0,101.0,576.0,8.0,11.0,9.0,50.0,1.0,121.1,8.1
Rashad Jennings,NYG,2016.0,13.0,181.0,593.0,3.0,42.0,35.0,201.0,1.0,120.9,9.3
Duke Johnson,CLE,2016.0,16.0,74.0,366.0,1.0,74.0,53.0,514.0,0.0,118.5,7.4
Ty Montgomery,GB,2016.0,13.0,77.0,457.0,3.0,56.0,44.0,348.0,0.0,118.5,9.1
Matt Asiata,MIN,2016.0,16.0,121.0,402.0,6.0,38.0,32.0,263.0,0.0,116.5,7.3
Tim Hightower,NO,2016.0,15.0,133.0,548.0,4.0,26.0,22.0,200.0,1.0,115.8,7.7
T.J. Yeldon,JAC,2016.0,15.0,130.0,465.0,1.0,68.0,50.0,312.0,1.0,112.7,7.5
Giovani Bernard,CIN,2016.0,10.0,91.0,337.0,2.0,51.0,39.0,336.0,1.0,102.8,10.3
Jalen Richard,OAK,2016.0,16.0,84.0,492.0,1.0,39.0,29.0,194.0,2.0,101.1,6.3
Derrick Henry,TEN,2016.0,14.0,110.0,490.0,5.0,15.0,13.0,137.0,0.0,99.2,7.1
Robert Turbin,IND,2016.0,15.0,47.0,164.0,7.0,35.0,26.0,179.0,1.0,95.3,6.4
C.J. Anderson,DEN,2016.0,7.0,110.0,437.0,4.0,24.0,16.0,128.0,1.0,94.5,13.5
Shaun Draughn,SF,2016.0,14.0,74.0,196.0,4.0,39.0,29.0,263.0,2.0,94.4,6.7
DeAngelo Williams,PIT,2016.0,8.0,98.0,343.0,4.0,27.0,18.0,118.0,2.0,91.1,11.4
Kenneth Dixon,BAL,2016.0,12.0,88.0,382.0,2.0,41.0,30.0,162.0,1.0,87.4,7.3
Chris Ivory,JAC,2016.0,11.0,117.0,439.0,3.0,28.0,20.0,186.0,0.0,84.5,7.7
Jacquizz Rodgers,TB,2016.0,10.0,129.0,560.0,2.0,16.0,13.0,98.0,0.0,84.3,8.4
Zach Zenner,DET,2016.0,11.0,88.0,334.0,4.0,23.0,18.0,196.0,0.0,84.0,7.6
Damien Williams,MIA,2016.0,15.0,35.0,115.0,3.0,31.0,23.0,249.0,3.0,81.9,5.5
Charcandrick West,KC,2016.0,15.0,88.0,293.0,1.0,34.0,28.0,188.0,2.0,80.1,5.3
Doug Martin,TB,2016.0,8.0,144.0,421.0,3.0,16.0,14.0,134.0,0.0,78.5,9.8
DeAndre Washington,OAK,2016.0,13.0,86.0,467.0,2.0,23.0,17.0,115.0,0.0,76.7,5.9
Travaris Cadet,NO,2016.0,13.0,4.0,19.0,0.0,54.0,40.0,281.0,4.0,74.0,5.7
Matt Jones,WAS,2016.0,7.0,99.0,460.0,3.0,8.0,8.0,73.0,0.0,71.3,10.2
Paul Perkins,NYG,2016.0,13.0,112.0,456.0,0.0,24.0,15.0,162.0,0.0,69.3,5.3
Thomas Rawls,SEA,2016.0,9.0,109.0,349.0,3.0,17.0,13.0,96.0,0.0,69.0,7.7
Rex Burkhead,CIN,2016.0,9.0,74.0,344.0,2.0,20.0,17.0,145.0,0.0,67.4,7.5
Jeremy Langford,CHI,2016.0,12.0,62.0,200.0,4.0,27.0,19.0,142.0,0.0,63.7,5.3
Fozzy Whittaker,CAR,2016.0,16.0,57.0,265.0,0.0,33.0,25.0,226.0,0.0,59.6,3.7
Alfred Blue,HOU,2016.0,14.0,100.0,420.0,1.0,16.0,12.0,40.0,0.0,56.0,4.0
Charles Sims,TB,2016.0,7.0,51.0,149.0,1.0,32.0,24.0,190.0,1.0,55.9,8.0
Kyle Juszczyk,BAL,2016.0,16.0,5.0,22.0,1.0,49.0,37.0,266.0,0.0,53.3,3.3
C.J. Prosise,SEA,2016.0,6.0,30.0,172.0,1.0,19.0,17.0,208.0,0.0,52.5,8.8
Justin Forsett,BAL,2016.0,9.0,87.0,291.0,1.0,28.0,21.0,85.0,0.0,52.1,5.8
Jamize Olawale,OAK,2016.0,13.0,17.0,47.0,2.0,14.0,12.0,227.0,1.0,51.4,4.0
James Starks,GB,2016.0,9.0,63.0,145.0,0.0,25.0,19.0,134.0,2.0,49.4,5.5
John Kuhn,NO,2016.0,13.0,18.0,37.0,4.0,20.0,16.0,70.0,1.0,48.7,3.7
Dion Lewis,NE,2016.0,7.0,64.0,283.0,0.0,24.0,17.0,94.0,0.0,46.2,6.6
Wendell Smallwood,PHI,2016.0,12.0,77.0,312.0,1.0,13.0,6.0,55.0,0.0,43.7,3.6
Dwayne Washington,DET,2016.0,11.0,90.0,265.0,1.0,15.0,10.0,62.0,0.0,43.7,4.0
Aaron Ripkowski,GB,2016.0,10.0,34.0,150.0,2.0,10.0,9.0,46.0,1.0,42.1,4.2
Eddie Lacy,GB,2016.0,5.0,71.0,360.0,0.0,7.0,4.0,28.0,0.0,40.8,8.2
Kenyan Drake,MIA,2016.0,13.0,33.0,179.0,2.0,10.0,9.0,46.0,0.0,39.0,3.0
Alfred Morris,DAL,2016.0,13.0,69.0,243.0,2.0,6.0,3.0,11.0,0.0,38.9,3.0
Corey Grant,JAC,2016.0,5.0,32.0,164.0,1.0,7.0,4.0,35.0,1.0,33.9,6.8
Peyton Barber,TB,2016.0,9.0,55.0,223.0,1.0,6.0,5.0,28.0,0.0,33.6,3.7
DuJuan Harris,SF,2016.0,8.0,38.0,138.0,0.0,9.0,8.0,115.0,1.0,33.3,4.2
Shane Vereen,NYG,2016.0,5.0,33.0,158.0,1.0,19.0,11.0,94.0,0.0,32.7,6.5
Kenjon Barner,PHI,2016.0,10.0,27.0,129.0,2.0,11.0,5.0,42.0,0.0,31.6,3.2
Kenneth Farrow,SD,2016.0,10.0,60.0,192.0,0.0,16.0,13.0,70.0,0.0,30.7,3.1
Alex Collins,SEA,2016.0,9.0,31.0,125.0,1.0,11.0,11.0,84.0,0.0,30.4,3.4
Bobby Rainey,NYG,2016.0,9.0,17.0,63.0,0.0,25.0,20.0,153.0,0.0,29.6,3.3
Mike Tolbert,CAR,2016.0,15.0,35.0,114.0,0.0,15.0,10.0,72.0,1.0,29.6,2.0
Lance Dunbar,DAL,2016.0,10.0,9.0,31.0,1.0,24.0,16.0,122.0,0.0,29.3,2.9
Kerwynn Williams,ARI,2016.0,4.0,18.0,157.0,2.0,2.0,1.0,6.0,0.0,28.8,7.2
Cameron Artis-Payne,CAR,2016.0,3.0,36.0,144.0,2.0,1.0,1.0,11.0,0.0,28.0,9.3
Kapri Bibbs,DEN,2016.0,8.0,29.0,129.0,0.0,4.0,2.0,75.0,1.0,27.4,3.4
Benny Cunningham,LAR,2016.0,10.0,21.0,101.0,0.0,21.0,16.0,91.0,0.0,27.2,2.7
Jonathan Grimes,HOU,2016.0,8.0,23.0,105.0,0.0,18.0,13.0,94.0,0.0,26.4,3.3
Ronnie Hillman,MIN,2016.0,8.0,41.0,131.0,0.0,15.0,7.0,93.0,0.0,25.9,3.2
Josh Ferguson,IND,2016.0,8.0,15.0,20.0,0.0,26.0,20.0,136.0,0.0,25.6,3.2
Orleans Darkwa,NYG,2016.0,4.0,30.0,111.0,2.0,4.0,2.0,12.0,0.0,25.3,6.3
Ameer Abdullah,DET,2016.0,2.0,18.0,101.0,0.0,5.0,5.0,57.0,1.0,24.3,12.2
Andre Ellington,ARI,2016.0,13.0,34.0,96.0,0.0,19.0,12.0,85.0,0.0,24.1,1.9
Danny Woodhead,SD,2016.0,2.0,19.0,116.0,0.0,8.0,6.0,35.0,1.0,24.1,12.1
Ka'Deem Carey,CHI,2016.0,11.0,32.0,126.0,0.0,7.0,5.0,55.0,0.0,20.6,1.9
Reggie Bush,BUF,2016.0,10.0,12.0,-3.0,1.0,10.0,7.0,90.0,0.0,18.2,1.8
Denard Robinson,JAC,2016.0,6.0,41.0,144.0,0.0,5.0,3.0,22.0,0.0,18.1,3.0
Terron Ward,ATL,2016.0,5.0,31.0,151.0,0.0,2.0,1.0,11.0,0.0,16.7,3.3
Arian Foster,MIA,2016.0,4.0,22.0,55.0,0.0,10.0,6.0,78.0,0.0,16.3,4.1
Andy Janovich,DEN,2016.0,7.0,4.0,33.0,1.0,7.0,5.0,44.0,0.0,16.2,2.3
C.J. Spiller,SEA,2016.0,5.0,6.0,18.0,0.0,13.0,6.0,50.0,1.0,15.8,3.2
Chris Johnson,ARI,2016.0,4.0,25.0,95.0,1.0,1.0,0.0,0.0,0.0,15.5,3.9
Antone Smith,TB,2016.0,3.0,10.0,47.0,0.0,9.0,6.0,77.0,0.0,15.4,5.1
Akeem Hunt,HOU,2016.0,6.0,20.0,109.0,0.0,4.0,3.0,29.0,0.0,15.3,2.6
Patrick DiMarco,ATL,2016.0,9.0,0.0,0.0,0.0,10.0,7.0,52.0,1.0,14.7,1.6
Mack Brown,WAS,2016.0,1.0,8.0,82.0,1.0,1.0,1.0,-2.0,0.0,14.5,14.5
Mike Davis,SF,2016.0,6.0,19.0,50.0,1.0,5.0,3.0,25.0,0.0,13.0,2.2
Jamaal Charles,KC,2016.0,3.0,12.0,40.0,1.0,3.0,2.0,14.0,0.0,12.4,4.1
Darren McFadden,DAL,2016.0,3.0,24.0,87.0,0.0,5.0,3.0,17.0,0.0,11.9,4.0
Jonathan Williams,BUF,2016.0,8.0,27.0,94.0,1.0,2.0,1.0,0.0,0.0,11.9,1.5
Derek Watt,SD,2016.0,6.0,2.0,4.0,0.0,4.0,4.0,83.0,0.0,10.7,1.8
Fitzgerald Toussaint,PIT,2016.0,5.0,14.0,58.0,0.0,3.0,3.0,33.0,0.0,10.6,2.1
Jerome Felton,BUF,2016.0,11.0,8.0,13.0,0.0,9.0,6.0,57.0,0.0,10.0,0.9
Terrell Watson,PHI,2016.0,1.0,9.0,28.0,1.0,1.0,1.0,5.0,0.0,9.8,9.8
Marcel Reece,SEA,2016.0,4.0,2.0,0.0,0.0,5.0,5.0,72.0,0.0,9.7,2.4
George Atkinson,CLE,2016.0,1.0,7.0,34.0,1.0,0.0,0.0,0.0,0.0,9.4,9.4
Byron Marshall,PHI,2016.0,2.0,19.0,64.0,0.0,5.0,3.0,10.0,0.0,8.9,4.5
Andre Williams,SD,2016.0,1.0,18.0,87.0,0.0,2.0,0.0,0.0,0.0,8.7,8.7
Juwan Thompson,DEN,2016.0,4.0,8.0,26.0,1.0,1.0,0.0,0.0,0.0,8.6,2.2
Malcolm Brown,LAR,2016.0,8.0,18.0,39.0,0.0,3.0,3.0,46.0,0.0,8.0,1.0
Knile Davis,KC,2016.0,6.0,18.0,28.0,0.0,7.0,5.0,25.0,0.0,7.8,1.3
Adrian Peterson,MIN,2016.0,3.0,37.0,72.0,0.0,6.0,3.0,8.0,0.0,7.5,2.5
Dexter McCluster,SD,2016.0,6.0,3.0,2.0,0.0,11.0,7.0,36.0,0.0,7.3,1.2
Javorius Allen,BAL,2016.0,3.0,9.0,34.0,0.0,4.0,3.0,15.0,0.0,6.4,2.1
Mike James,TB,2016.0,3.0,4.0,19.0,0.0,4.0,4.0,22.0,0.0,6.1,2.0
Jordan Todman,IND,2016.0,4.0,9.0,59.0,0.0,1.0,0.0,0.0,0.0,5.9,1.5
Brandon Wilds,NYJ,2016.0,3.0,10.0,27.0,0.0,2.0,2.0,20.0,0.0,5.7,1.9
Taiwan Jones,OAK,2016.0,3.0,1.0,-8.0,0.0,4.0,4.0,43.0,0.0,5.5,1.8
Troymaine Pope,NYJ,2016.0,4.0,12.0,44.0,0.0,2.0,1.0,5.0,0.0,5.4,1.4
Daniel Lasco,NO,2016.0,3.0,11.0,32.0,0.0,4.0,2.0,11.0,0.0,5.3,1.8
Dan Vitale,CLE,2016.0,5.0,0.0,0.0,0.0,5.0,4.0,27.0,0.0,4.7,0.9
Keith Smith,DAL,2016.0,4.0,2.0,5.0,0.0,3.0,3.0,20.0,0.0,4.0,1.0
James Develin,NE,2016.0,5.0,0.0,0.0,0.0,6.0,3.0,18.0,0.0,3.3,0.7
Isaiah Pead,MIA,2016.0,2.0,8.0,22.0,0.0,1.0,1.0,6.0,0.0,3.3,1.7
Don Jackson,GB,2016.0,3.0,10.0,32.0,0.0,1.0,0.0,0.0,0.0,3.2,1.1
D.J. Foster,NE,2016.0,2.0,7.0,24.0,0.0,2.0,1.0,2.0,0.0,3.1,1.6
Anthony Sherman,KC,2016.0,6.0,0.0,0.0,0.0,6.0,4.0,11.0,0.0,3.1,0.5
Brandon Bolden,NE,2016.0,3.0,1.0,4.0,0.0,4.0,2.0,15.0,0.0,2.9,1.0
J.D. McKissic,SEA,2016.0,1.0,1.0,2.0,0.0,2.0,2.0,16.0,0.0,2.8,2.8
Lorenzo Taliaferro,BAL,2016.0,1.0,1.0,0.0,0.0,3.0,3.0,10.0,0.0,2.5,2.5
Jalston Fowler,TEN,2016.0,3.0,1.0,3.0,0.0,2.0,1.0,14.0,0.0,2.2,0.7
Jay Prosch,HOU,2016.0,4.0,4.0,9.0,0.0,1.0,1.0,6.0,0.0,2.0,0.5
Paul Lasike,CHI,2016.0,4.0,3.0,8.0,0.0,1.0,1.0,3.0,0.0,1.6,0.4
Antonio Andrews,TEN,2016.0,1.0,2.0,15.0,0.0,0.0,0.0,0.0,0.0,1.5,1.5
Zach Line,MIN,2016.0,6.0,7.0,15.0,0.0,3.0,0.0,0.0,0.0,1.5,0.3
Roosevelt Nix,PIT,2016.0,1.0,0.0,0.0,0.0,2.0,2.0,5.0,0.0,1.5,1.5
Todd Gurley,LAR,2017.0,15.0,279.0,1305.0,13.0,87.0,64.0,788.0,6.0,351.3,23.4
Le'Veon Bell,PIT,2017.0,15.0,321.0,1291.0,9.0,106.0,85.0,655.0,2.0,299.1,19.9
Alvin Kamara,NO,2017.0,16.0,120.0,728.0,8.0,101.0,82.0,826.0,5.0,272.4,17.0
Kareem Hunt,KC,2017.0,16.0,272.0,1327.0,8.0,63.0,53.0,455.0,3.0,268.7,16.8
Melvin Gordon,LAC,2017.0,16.0,284.0,1105.0,8.0,79.0,57.0,470.0,4.0,258.0,16.1
Mark Ingram,NO,2017.0,16.0,230.0,1124.0,12.0,71.0,58.0,416.0,0.0,249.0,15.6
LeSean McCoy,BUF,2017.0,16.0,287.0,1138.0,6.0,77.0,59.0,448.0,2.0,234.1,14.6
Leonard Fournette,JAC,2017.0,13.0,268.0,1040.0,9.0,48.0,36.0,302.0,1.0,212.2,16.3
Carlos Hyde,SF,2017.0,16.0,240.0,940.0,8.0,88.0,59.0,350.0,0.0,204.5,12.8
Ezekiel Elliott,DAL,2017.0,10.0,242.0,983.0,7.0,38.0,26.0,269.0,2.0,190.2,19.0
Christian McCaffrey,CAR,2017.0,16.0,117.0,435.0,2.0,113.0,80.0,651.0,5.0,188.6,11.8
Jordan Howard,CHI,2017.0,16.0,276.0,1120.0,9.0,32.0,23.0,125.0,0.0,188.0,11.8
Devonta Freeman,ATL,2017.0,14.0,196.0,865.0,7.0,47.0,36.0,317.0,1.0,182.2,13.0
Dion Lewis,NE,2017.0,16.0,180.0,896.0,6.0,35.0,32.0,214.0,3.0,181.0,11.3
Duke Johnson,CLE,2017.0,16.0,82.0,348.0,4.0,93.0,74.0,693.0,3.0,179.1,11.2
Lamar Miller,HOU,2017.0,16.0,238.0,888.0,3.0,45.0,36.0,327.0,3.0,175.5,11.0
Alex Collins,BAL,2017.0,15.0,212.0,973.0,6.0,36.0,23.0,187.0,0.0,159.5,10.6
C.J. Anderson,DEN,2017.0,16.0,245.0,1007.0,3.0,40.0,28.0,224.0,1.0,159.1,9.9
Frank Gore,IND,2017.0,16.0,261.0,961.0,3.0,35.0,26.0,234.0,1.0,156.5,9.8
Tevin Coleman,ATL,2017.0,15.0,156.0,630.0,5.0,39.0,27.0,299.0,3.0,154.4,10.3
Marshawn Lynch,OAK,2017.0,15.0,207.0,891.0,7.0,31.0,20.0,152.0,0.0,154.3,10.3
DeMarco Murray,TEN,2017.0,15.0,184.0,659.0,6.0,47.0,39.0,266.0,1.0,152.0,10.1
Jerick McKinnon,MIN,2017.0,16.0,151.0,570.0,3.0,68.0,51.0,421.0,2.0,150.6,9.4
Latavius Murray,MIN,2017.0,16.0,216.0,842.0,8.0,17.0,15.0,102.0,0.0,149.9,9.4
Javorius Allen,BAL,2017.0,16.0,153.0,591.0,4.0,60.0,46.0,250.0,2.0,143.1,8.9
Bilal Powell,NYJ,2017.0,15.0,178.0,772.0,5.0,33.0,23.0,170.0,0.0,133.7,8.9
Chris Thompson,WAS,2017.0,10.0,64.0,294.0,2.0,54.0,39.0,510.0,4.0,131.9,13.2
Jamaal Williams,GB,2017.0,14.0,153.0,556.0,4.0,34.0,25.0,262.0,2.0,130.3,9.3
Giovani Bernard,CIN,2017.0,16.0,105.0,458.0,2.0,60.0,43.0,389.0,2.0,130.2,8.1
Derrick Henry,TEN,2017.0,16.0,176.0,744.0,5.0,17.0,11.0,136.0,1.0,129.5,8.1
Isaiah Crowell,CLE,2017.0,16.0,206.0,853.0,2.0,42.0,28.0,182.0,0.0,127.5,8.0
Theo Riddick,DET,2017.0,16.0,84.0,286.0,3.0,71.0,53.0,444.0,2.0,127.5,8.0
Joe Mixon,CIN,2017.0,14.0,178.0,626.0,4.0,34.0,30.0,287.0,0.0,126.3,9.0
Orleans Darkwa,NYG,2017.0,15.0,171.0,751.0,5.0,28.0,19.0,116.0,0.0,126.2,8.4
Kenyan Drake,MIA,2017.0,14.0,133.0,644.0,3.0,48.0,32.0,239.0,1.0,124.3,8.9
Jay Ajayi,MIA,2017.0,14.0,208.0,873.0,1.0,34.0,24.0,158.0,1.0,123.1,8.8
Rex Burkhead,NE,2017.0,10.0,64.0,264.0,5.0,36.0,30.0,254.0,3.0,114.8,11.5
Jonathan Stewart,CAR,2017.0,15.0,198.0,680.0,6.0,15.0,8.0,52.0,1.0,113.2,7.5
Tarik Cohen,CHI,2017.0,16.0,87.0,370.0,2.0,71.0,53.0,353.0,1.0,112.8,7.1
Ameer Abdullah,DET,2017.0,14.0,165.0,552.0,4.0,35.0,25.0,162.0,1.0,111.9,8.0
James White,NE,2017.0,14.0,43.0,171.0,0.0,72.0,56.0,429.0,3.0,106.0,7.6
Matt Forte,NYJ,2017.0,12.0,103.0,381.0,2.0,46.0,38.0,293.0,1.0,102.4,8.5
LeGarrette Blount,PHI,2017.0,16.0,173.0,766.0,2.0,8.0,8.0,50.0,1.0,101.6,6.4
Samaje Perine,WAS,2017.0,13.0,175.0,603.0,1.0,24.0,22.0,182.0,1.0,97.5,7.5
Austin Ekeler,LAC,2017.0,13.0,47.0,260.0,2.0,35.0,27.0,279.0,3.0,93.4,7.2
Matt Breida,SF,2017.0,16.0,105.0,465.0,2.0,36.0,21.0,180.0,1.0,93.0,5.8
Marlon Mack,IND,2017.0,14.0,93.0,358.0,3.0,33.0,21.0,225.0,1.0,92.8,6.6
Wayne Gallman,NYG,2017.0,13.0,111.0,476.0,0.0,48.0,34.0,193.0,1.0,87.9,6.8
Corey Clement,PHI,2017.0,14.0,74.0,321.0,4.0,15.0,10.0,123.0,2.0,85.4,6.1
Rod Smith,DAL,2017.0,10.0,55.0,232.0,4.0,23.0,19.0,202.0,1.0,82.9,8.3
J.D. McKissic,SEA,2017.0,12.0,46.0,187.0,1.0,46.0,34.0,266.0,2.0,80.3,6.7
Ty Montgomery,GB,2017.0,8.0,71.0,273.0,3.0,31.0,23.0,173.0,1.0,80.1,10.0
Peyton Barber,TB,2017.0,11.0,108.0,423.0,3.0,19.0,16.0,114.0,0.0,77.7,7.1
Devontae Booker,DEN,2017.0,13.0,79.0,299.0,1.0,38.0,30.0,275.0,0.0,76.4,5.9
Aaron Jones,GB,2017.0,10.0,81.0,448.0,4.0,18.0,9.0,22.0,0.0,75.5,7.6
Chris Ivory,JAC,2017.0,14.0,112.0,381.0,1.0,28.0,21.0,175.0,1.0,74.1,5.3
Adrian Peterson,NO,2017.0,10.0,156.0,529.0,2.0,19.0,11.0,70.0,0.0,73.4,7.3
T.J. Yeldon,JAC,2017.0,10.0,49.0,253.0,2.0,41.0,30.0,224.0,0.0,72.7,7.3
Jalen Richard,OAK,2017.0,15.0,56.0,275.0,1.0,36.0,27.0,256.0,1.0,72.6,4.8
Doug Martin,TB,2017.0,11.0,138.0,406.0,3.0,18.0,9.0,84.0,0.0,69.5,6.3
Alfred Morris,DAL,2017.0,13.0,115.0,547.0,1.0,9.0,7.0,45.0,0.0,68.7,5.3
Mike Gillislee,NE,2017.0,9.0,104.0,383.0,5.0,1.0,1.0,15.0,0.0,68.3,7.6
DeAndre Washington,OAK,2017.0,15.0,57.0,153.0,2.0,45.0,34.0,197.0,1.0,68.0,4.5
Andre Ellington,ARI,2017.0,11.0,20.0,55.0,1.0,59.0,39.0,369.0,0.0,67.9,6.2
Elijah McGuire,NYJ,2017.0,15.0,88.0,315.0,1.0,26.0,17.0,177.0,1.0,65.7,4.4
Shane Vereen,NYG,2017.0,15.0,45.0,164.0,0.0,53.0,44.0,253.0,0.0,63.7,4.2
Kerwynn Williams,ARI,2017.0,15.0,120.0,426.0,1.0,15.0,10.0,93.0,0.0,62.9,4.2
Dalvin Cook,MIN,2017.0,4.0,74.0,354.0,2.0,16.0,11.0,90.0,0.0,59.9,15.0
Charcandrick West,KC,2017.0,12.0,18.0,72.0,2.0,34.0,27.0,150.0,2.0,59.7,5.0
Jamaal Charles,DEN,2017.0,13.0,69.0,296.0,1.0,28.0,23.0,129.0,0.0,56.0,4.3
Charles Sims,TB,2017.0,15.0,21.0,95.0,0.0,47.0,35.0,249.0,1.0,55.9,3.7
D'Onta Foreman,HOU,2017.0,9.0,78.0,327.0,2.0,8.0,6.0,83.0,0.0,54.0,6.0
Kyle Juszczyk,SF,2017.0,13.0,7.0,31.0,0.0,42.0,33.0,315.0,1.0,53.1,4.1
Damien Williams,MIA,2017.0,10.0,46.0,181.0,0.0,28.0,20.0,155.0,1.0,49.6,5.0
Benny Cunningham,CHI,2017.0,11.0,9.0,29.0,0.0,26.0,20.0,240.0,2.0,46.9,4.3
Mike Davis,SEA,2017.0,6.0,68.0,240.0,0.0,18.0,15.0,131.0,0.0,44.6,7.4
Mike Tolbert,BUF,2017.0,12.0,66.0,247.0,1.0,17.0,14.0,78.0,0.0,43.5,3.6
Jacquizz Rodgers,TB,2017.0,13.0,64.0,244.0,1.0,11.0,9.0,74.0,0.0,42.3,3.3
Danny Woodhead,BAL,2017.0,8.0,14.0,56.0,0.0,39.0,33.0,200.0,0.0,42.1,5.3
Rob Kelley,WAS,2017.0,7.0,62.0,194.0,3.0,7.0,4.0,18.0,0.0,41.2,5.9
Alfred Blue,HOU,2017.0,8.0,71.0,262.0,1.0,9.0,7.0,54.0,0.0,41.1,5.1
Malcolm Brown,LAR,2017.0,11.0,63.0,246.0,1.0,11.0,9.0,53.0,0.0,40.4,3.7
Corey Grant,JAC,2017.0,9.0,30.0,248.0,2.0,4.0,3.0,41.0,0.0,40.4,4.5
Wendell Smallwood,PHI,2017.0,8.0,47.0,174.0,1.0,18.0,13.0,103.0,0.0,40.2,5.0
Chris Carson,SEA,2017.0,4.0,49.0,208.0,0.0,8.0,7.0,59.0,1.0,36.2,9.1
Kapri Bibbs,WAS,2017.0,3.0,21.0,79.0,0.0,17.0,14.0,128.0,1.0,33.7,11.2
Tion Green,DET,2017.0,5.0,42.0,165.0,2.0,2.0,2.0,14.0,0.0,30.9,6.2
Elijhaa Penny,ARI,2017.0,7.0,31.0,124.0,2.0,6.0,4.0,38.0,0.0,30.2,4.3
Travaris Cadet,NYJ,2017.0,7.0,23.0,96.0,0.0,19.0,16.0,119.0,0.0,29.5,4.2
Thomas Rawls,SEA,2017.0,9.0,58.0,157.0,0.0,13.0,9.0,94.0,0.0,27.6,3.1
Terrance West,BAL,2017.0,5.0,39.0,138.0,2.0,4.0,2.0,23.0,0.0,27.1,5.4
Tommy Bohanon,JAC,2017.0,9.0,5.0,5.0,2.0,11.0,6.0,43.0,1.0,25.8,2.9
Eddie Lacy,SEA,2017.0,9.0,69.0,179.0,0.0,6.0,6.0,47.0,0.0,25.6,2.8
D.J. Foster,ARI,2017.0,7.0,6.0,19.0,0.0,28.0,17.0,133.0,0.0,23.7,3.4
Robert Turbin,IND,2017.0,6.0,23.0,53.0,1.0,11.0,9.0,56.0,0.0,21.4,3.6
Kenjon Barner,PHI,2017.0,9.0,16.0,57.0,1.0,8.0,5.0,56.0,0.0,19.8,2.2
Chris Johnson,ARI,2017.0,4.0,45.0,114.0,0.0,6.0,5.0,43.0,0.0,18.2,4.6
Anthony Sherman,KC,2017.0,5.0,14.0,40.0,1.0,8.0,6.0,47.0,0.0,17.7,3.5
C.J. Ham,MIN,2017.0,10.0,7.0,13.0,1.0,8.0,7.0,68.0,0.0,17.6,1.8
Paul Perkins,NYG,2017.0,7.0,41.0,90.0,0.0,10.0,8.0,46.0,0.0,17.6,2.5
Stevan Ridley,PIT,2017.0,2.0,26.0,108.0,1.0,0.0,0.0,0.0,0.0,16.8,8.4
Jamize Olawale,OAK,2017.0,6.0,9.0,43.0,1.0,7.0,6.0,33.0,0.0,16.6,2.8
Cameron Artis-Payne,CAR,2017.0,5.0,18.0,95.0,1.0,1.0,1.0,2.0,0.0,16.2,3.2
Jeremy Hill,CIN,2017.0,7.0,37.0,116.0,0.0,4.0,4.0,16.0,0.0,15.2,2.2
Patrick Ricard,BAL,2017.0,4.0,0.0,0.0,0.0,4.0,4.0,12.0,2.0,15.2,3.8
Fozzy Whittaker,CAR,2017.0,8.0,7.0,18.0,0.0,6.0,5.0,47.0,1.0,15.0,1.9
Darren Sproles,PHI,2017.0,3.0,15.0,61.0,0.0,12.0,7.0,73.0,0.0,14.9,5.0
James Conner,PIT,2017.0,12.0,32.0,144.0,0.0,1.0,0.0,0.0,0.0,14.4,1.2
C.J. Prosise,SEA,2017.0,4.0,11.0,23.0,0.0,11.0,6.0,87.0,0.0,14.0,3.5
Branden Oliver,LAC,2017.0,8.0,35.0,83.0,0.0,11.0,6.0,26.0,0.0,13.9,1.7
Roosevelt Nix,PIT,2017.0,4.0,3.0,0.0,1.0,3.0,2.0,6.0,1.0,13.6,3.4
Andy Janovich,DEN,2017.0,9.0,6.0,12.0,1.0,6.0,4.0,35.0,0.0,12.7,1.4
De'Angelo Henderson,DEN,2017.0,3.0,7.0,13.0,0.0,2.0,2.0,36.0,1.0,11.9,4.0
Lance Dunbar,LAR,2017.0,2.0,11.0,51.0,1.0,3.0,1.0,1.0,0.0,11.7,5.9
Trey Edmunds,NO,2017.0,1.0,9.0,48.0,1.0,0.0,0.0,0.0,0.0,10.8,10.8
Zach Line,NO,2017.0,7.0,7.0,28.0,0.0,5.0,2.0,8.0,1.0,10.6,1.5
David Johnson,ARI,2017.0,1.0,11.0,23.0,0.0,9.0,6.0,68.0,0.0,10.1,10.1
Byron Marshall,WAS,2017.0,3.0,9.0,32.0,0.0,8.0,6.0,36.0,0.0,9.8,3.3
Tyler Ervin,HOU,2017.0,3.0,4.0,12.0,0.0,11.0,8.0,38.0,0.0,9.0,3.0
Aaron Ripkowski,GB,2017.0,11.0,5.0,13.0,0.0,10.0,7.0,39.0,0.0,8.7,0.8
Terron Ward,ATL,2017.0,3.0,22.0,89.0,0.0,2.0,2.0,8.0,0.0,8.7,2.9
Zach Zenner,DET,2017.0,7.0,14.0,26.0,1.0,1.0,0.0,0.0,0.0,8.6,1.2
Brian Hill,CIN,2017.0,3.0,11.0,37.0,0.0,2.0,2.0,36.0,0.0,8.3,2.8
Brandon Bolden,NE,2017.0,3.0,13.0,67.0,0.0,4.0,1.0,7.0,0.0,7.9,2.6
Tre Madden,SEA,2017.0,2.0,0.0,0.0,0.0,2.0,2.0,65.0,0.0,7.5,3.8
Akeem Hunt,KC,2017.0,7.0,8.0,23.0,0.0,7.0,4.0,31.0,0.0,7.4,1.1
Derek Watt,LAC,2017.0,6.0,6.0,24.0,0.0,3.0,2.0,35.0,0.0,6.9,1.2
James Develin,NE,2017.0,8.0,0.0,0.0,0.0,10.0,6.0,38.0,0.0,6.8,0.9
Dwayne Washington,DET,2017.0,5.0,20.0,44.0,0.0,2.0,2.0,14.0,0.0,6.8,1.4
Nick Bellore,DET,2017.0,1.0,0.0,0.0,0.0,1.0,1.0,1.0,1.0,6.6,6.6
Jalston Fowler,TEN,2017.0,3.0,2.0,4.0,1.0,1.0,0.0,0.0,0.0,6.4,2.1
Matt Dayes,CLE,2017.0,5.0,5.0,12.0,0.0,5.0,4.0,29.0,0.0,6.1,1.2
Patrick DiMarco,BUF,2017.0,8.0,2.0,-2.0,0.0,10.0,7.0,28.0,0.0,6.1,0.8
Marcus Murphy,BUF,2017.0,1.0,7.0,41.0,0.0,2.0,2.0,7.0,0.0,5.8,5.8
Jay Prosch,HOU,2017.0,4.0,0.0,0.0,0.0,4.0,4.0,31.0,0.0,5.1,1.3
Keith Smith,DAL,2017.0,4.0,0.0,0.0,0.0,5.0,5.0,26.0,0.0,5.1,1.3
Mack Brown,WAS,2017.0,2.0,8.0,29.0,0.0,1.0,1.0,11.0,0.0,4.5,2.3
Bobby Rainey,BAL,2017.0,3.0,1.0,2.0,0.0,7.0,5.0,18.0,0.0,4.5,1.5
Fitzgerald Toussaint,PIT,2017.0,2.0,6.0,25.0,0.0,3.0,2.0,9.0,0.0,4.4,2.2
De'Veon Smith,MIA,2017.0,1.0,0.0,0.0,0.0,3.0,3.0,27.0,0.0,4.2,4.2
Derrick Coleman,ATL,2017.0,7.0,2.0,8.0,0.0,7.0,2.0,20.0,0.0,3.8,0.5
Senorise Perry,MIA,2017.0,2.0,8.0,30.0,0.0,1.0,1.0,3.0,0.0,3.8,1.9
Josh Ferguson,IND,2017.0,3.0,1.0,5.0,0.0,4.0,3.0,16.0,0.0,3.6,1.2
Dan Vitale,CLE,2017.0,5.0,0.0,0.0,0.0,5.0,3.0,19.0,0.0,3.4,0.7
Michael Burton,CHI,2017.0,7.0,4.0,9.0,0.0,4.0,2.0,8.0,0.0,2.7,0.4
Andre Williams,LAC,2017.0,2.0,9.0,25.0,0.0,0.0,0.0,0.0,0.0,2.5,1.3
David Fluellen,TEN,2017.0,3.0,4.0,21.0,0.0,1.0,0.0,0.0,0.0,2.1,0.7
Taiwan Jones,BUF,2017.0,1.0,0.0,0.0,0.0,2.0,1.0,11.0,0.0,1.6,1.6
LeShun Daniels Jr,WAS,2017.0,2.0,3.0,14.0,0.0,0.0,0.0,0.0,0.0,1.4,0.7
Matt Jones,IND,2017.0,2.0,5.0,14.0,0.0,0.0,0.0,0.0,0.0,1.4,0.7
Saquon Barkley,NYG,2018.0,16.0,261.0,1307.0,11.0,121.0,91.0,721.0,4.0,338.3,21.1
Todd Gurley,LAR,2018.0,14.0,256.0,1251.0,17.0,81.0,59.0,580.0,4.0,336.6,24.0
Christian McCaffrey,CAR,2018.0,16.0,219.0,1098.0,7.0,124.0,107.0,867.0,6.0,326.0,20.4
Alvin Kamara,NO,2018.0,15.0,194.0,883.0,14.0,105.0,81.0,709.0,4.0,307.7,20.5
Ezekiel Elliott,DAL,2018.0,15.0,304.0,1434.0,6.0,95.0,77.0,567.0,3.0,288.6,19.2
James Conner,PIT,2018.0,13.0,215.0,973.0,12.0,71.0,55.0,497.0,1.0,248.5,19.1
Melvin Gordon,LAC,2018.0,12.0,175.0,885.0,10.0,66.0,50.0,490.0,4.0,246.5,20.5
James White,NE,2018.0,16.0,94.0,425.0,5.0,123.0,87.0,751.0,7.0,233.1,14.6
Joe Mixon,CIN,2018.0,14.0,237.0,1168.0,8.0,55.0,43.0,296.0,1.0,221.9,15.9
David Johnson,ARI,2018.0,16.0,258.0,940.0,7.0,76.0,50.0,446.0,3.0,219.6,13.7
Kareem Hunt,KC,2018.0,11.0,181.0,824.0,7.0,35.0,26.0,378.0,7.0,217.2,19.7
Phillip Lindsay,DEN,2018.0,15.0,192.0,1037.0,9.0,47.0,35.0,241.0,1.0,205.3,13.7
Tarik Cohen,CHI,2018.0,16.0,99.0,444.0,3.0,91.0,71.0,725.0,5.0,194.4,12.2
Derrick Henry,TEN,2018.0,16.0,215.0,1059.0,12.0,18.0,15.0,99.0,0.0,193.3,12.1
Chris Carson,SEA,2018.0,14.0,247.0,1151.0,9.0,24.0,20.0,163.0,0.0,191.4,13.7
Nick Chubb,CLE,2018.0,16.0,192.0,996.0,8.0,29.0,20.0,149.0,2.0,184.5,11.5
Kenyan Drake,MIA,2018.0,16.0,120.0,535.0,4.0,73.0,53.0,477.0,5.0,179.7,11.2
Adrian Peterson,WAS,2018.0,16.0,251.0,1042.0,7.0,26.0,20.0,208.0,1.0,179.0,11.2
Tevin Coleman,ATL,2018.0,16.0,167.0,800.0,4.0,44.0,32.0,276.0,5.0,177.6,11.1
Jordan Howard,CHI,2018.0,16.0,250.0,935.0,9.0,27.0,20.0,145.0,0.0,170.0,10.6
Marlon Mack,IND,2018.0,12.0,195.0,908.0,9.0,26.0,17.0,103.0,1.0,165.6,13.8
Lamar Miller,HOU,2018.0,14.0,210.0,973.0,5.0,35.0,25.0,163.0,1.0,160.1,11.4
Aaron Jones,GB,2018.0,12.0,133.0,728.0,8.0,35.0,26.0,206.0,1.0,158.4,13.2
Austin Ekeler,LAC,2018.0,14.0,106.0,554.0,3.0,53.0,39.0,404.0,3.0,149.3,10.7
Matt Breida,SF,2018.0,14.0,153.0,814.0,3.0,31.0,27.0,261.0,2.0,149.0,10.6
T.J. Yeldon,JAC,2018.0,14.0,104.0,414.0,1.0,78.0,55.0,487.0,4.0,145.6,10.4
Peyton Barber,TB,2018.0,16.0,234.0,871.0,5.0,29.0,20.0,92.0,1.0,140.3,8.8
Sony Michel,NE,2018.0,13.0,209.0,931.0,6.0,11.0,7.0,50.0,0.0,135.6,10.4
Dalvin Cook,MIN,2018.0,11.0,133.0,615.0,2.0,49.0,40.0,305.0,2.0,132.0,12.0
Mark Ingram,NO,2018.0,12.0,138.0,645.0,6.0,27.0,21.0,170.0,1.0,132.0,11.0
Dion Lewis,TEN,2018.0,16.0,155.0,517.0,1.0,67.0,59.0,400.0,1.0,131.2,8.2
Nyheim Hines,IND,2018.0,16.0,85.0,314.0,2.0,81.0,63.0,425.0,2.0,129.4,8.1
Isaiah Crowell,NYJ,2018.0,13.0,143.0,685.0,6.0,28.0,21.0,152.0,0.0,128.2,9.9
Kerryon Johnson,DET,2018.0,10.0,118.0,641.0,3.0,39.0,32.0,213.0,1.0,123.4,12.3
Jalen Richard,OAK,2018.0,16.0,55.0,259.0,1.0,81.0,68.0,607.0,0.0,122.6,7.7
Mike Davis,SEA,2018.0,15.0,112.0,514.0,4.0,42.0,34.0,214.0,1.0,119.8,8.0
Latavius Murray,MIN,2018.0,16.0,140.0,578.0,6.0,26.0,22.0,141.0,0.0,118.9,7.4
Doug Martin,OAK,2018.0,16.0,172.0,723.0,4.0,24.0,18.0,116.0,0.0,110.9,6.9
LeSean McCoy,BUF,2018.0,14.0,161.0,514.0,3.0,46.0,34.0,238.0,0.0,110.2,7.9
Leonard Fournette,JAC,2018.0,8.0,133.0,439.0,5.0,26.0,22.0,185.0,1.0,109.4,13.7
Duke Johnson,CLE,2018.0,16.0,40.0,201.0,0.0,62.0,47.0,429.0,3.0,104.5,6.5
Wendell Smallwood,PHI,2018.0,13.0,87.0,364.0,3.0,35.0,28.0,230.0,2.0,101.4,7.8
Alex Collins,BAL,2018.0,10.0,114.0,411.0,7.0,21.0,15.0,105.0,1.0,101.1,10.1
Jamaal Williams,GB,2018.0,16.0,121.0,464.0,3.0,41.0,27.0,210.0,0.0,98.9,6.2
Frank Gore,MIA,2018.0,14.0,156.0,722.0,0.0,16.0,12.0,124.0,1.0,96.6,6.9
Royce Freeman,DEN,2018.0,14.0,130.0,521.0,5.0,20.0,14.0,72.0,0.0,94.3,6.7
Carlos Hyde,CLE,2018.0,14.0,172.0,571.0,5.0,16.0,10.0,33.0,0.0,93.4,6.7
Alfred Blue,HOU,2018.0,16.0,150.0,499.0,2.0,27.0,20.0,154.0,0.0,87.3,5.5
Damien Williams,KC,2018.0,10.0,50.0,256.0,4.0,24.0,23.0,160.0,2.0,87.1,8.7
Gus Edwards,BAL,2018.0,11.0,137.0,718.0,2.0,2.0,2.0,20.0,0.0,86.8,7.9
Theo Riddick,DET,2018.0,14.0,40.0,171.0,0.0,75.0,61.0,384.0,0.0,86.0,6.1
Ito Smith,ATL,2018.0,13.0,90.0,315.0,4.0,32.0,27.0,152.0,0.0,84.2,6.5
LeGarrette Blount,DET,2018.0,16.0,154.0,418.0,5.0,15.0,10.0,67.0,0.0,81.5,5.1
Giovani Bernard,CIN,2018.0,12.0,56.0,211.0,3.0,48.0,35.0,218.0,0.0,78.4,6.5
Jaylen Samuels,PIT,2018.0,9.0,56.0,256.0,0.0,29.0,26.0,199.0,3.0,76.5,8.5
Josh Adams,PHI,2018.0,12.0,120.0,511.0,3.0,13.0,7.0,58.0,0.0,76.4,6.4
Elijah McGuire,NYJ,2018.0,8.0,92.0,276.0,3.0,31.0,19.0,193.0,1.0,76.4,9.6
Javorius Allen,BAL,2018.0,11.0,41.0,110.0,3.0,43.0,35.0,196.0,2.0,76.1,6.9
Chris Ivory,BUF,2018.0,13.0,115.0,385.0,1.0,21.0,13.0,205.0,0.0,71.5,5.5
Marshawn Lynch,OAK,2018.0,6.0,90.0,376.0,3.0,20.0,15.0,84.0,0.0,71.5,11.9
Chris Thompson,WAS,2018.0,10.0,43.0,178.0,0.0,55.0,41.0,268.0,1.0,71.1,7.1
Spencer Ware,KC,2018.0,11.0,51.0,246.0,2.0,23.0,20.0,224.0,0.0,69.0,6.3
Devontae Booker,DEN,2018.0,16.0,34.0,183.0,1.0,51.0,38.0,275.0,0.0,68.8,4.3
Corey Clement,PHI,2018.0,11.0,68.0,259.0,2.0,25.0,22.0,192.0,0.0,68.1,6.2
Rashaad Penny,SEA,2018.0,12.0,85.0,419.0,2.0,12.0,9.0,75.0,0.0,65.9,5.5
C.J. Anderson,CAR,2018.0,9.0,67.0,403.0,2.0,9.0,5.0,41.0,1.0,64.9,7.2
Alfred Morris,SF,2018.0,11.0,111.0,428.0,2.0,13.0,8.0,73.0,0.0,64.1,5.8
Jacquizz Rodgers,TB,2018.0,13.0,33.0,106.0,1.0,45.0,38.0,304.0,0.0,64.0,4.9
Ty Montgomery,GB,2018.0,13.0,41.0,188.0,1.0,40.0,25.0,235.0,0.0,58.8,4.5
Bilal Powell,NYJ,2018.0,7.0,80.0,343.0,0.0,18.0,11.0,110.0,1.0,54.8,7.8
Kapri Bibbs,WAS,2018.0,9.0,21.0,103.0,3.0,23.0,16.0,115.0,1.0,53.8,6.0
Justin Jackson,LAC,2018.0,8.0,50.0,206.0,2.0,19.0,15.0,135.0,0.0,53.6,6.7
Zach Zenner,DET,2018.0,7.0,55.0,265.0,3.0,10.0,7.0,56.0,0.0,53.6,7.7
Darren Sproles,PHI,2018.0,6.0,29.0,120.0,1.0,23.0,15.0,160.0,2.0,53.5,8.9
Chase Edmonds,ARI,2018.0,16.0,60.0,208.0,2.0,23.0,20.0,103.0,0.0,53.1,3.3
Kyle Juszczyk,SF,2018.0,15.0,8.0,30.0,0.0,41.0,30.0,324.0,1.0,52.4,3.5
Jordan Wilkins,IND,2018.0,13.0,60.0,336.0,1.0,17.0,16.0,85.0,0.0,52.1,4.0
Kenneth Dixon,BAL,2018.0,6.0,60.0,333.0,2.0,7.0,6.0,51.0,0.0,51.4,8.6
Rex Burkhead,NE,2018.0,8.0,57.0,186.0,0.0,20.0,14.0,131.0,1.0,42.7,5.3
Trenton Cannon,NYJ,2018.0,11.0,38.0,113.0,1.0,25.0,17.0,144.0,0.0,40.2,3.7
Jay Ajayi,PHI,2018.0,4.0,45.0,184.0,3.0,6.0,5.0,20.0,0.0,38.9,9.7
Jeff Wilson,SF,2018.0,6.0,66.0,266.0,0.0,15.0,12.0,98.0,0.0,38.4,6.4
Wayne Gallman,NYG,2018.0,13.0,51.0,176.0,1.0,22.0,14.0,89.0,0.0,37.5,2.9
James Develin,NE,2018.0,13.0,6.0,8.0,4.0,17.0,12.0,61.0,0.0,36.9,2.8
Raheem Mostert,SF,2018.0,6.0,34.0,261.0,1.0,7.0,6.0,25.0,0.0,35.6,5.9
Malcolm Brown,LAR,2018.0,10.0,43.0,212.0,0.0,7.0,5.0,52.0,1.0,34.9,3.5
Kalen Ballage,MIA,2018.0,10.0,36.0,191.0,1.0,11.0,9.0,56.0,0.0,33.2,3.3
Marcus Murphy,BUF,2018.0,9.0,52.0,250.0,0.0,19.0,11.0,26.0,0.0,33.1,3.7
Rod Smith,DAL,2018.0,13.0,44.0,127.0,1.0,12.0,9.0,60.0,0.0,29.2,2.2
Brandon Bolden,MIA,2018.0,5.0,8.0,91.0,2.0,3.0,3.0,13.0,1.0,27.9,5.6
Andy Janovich,DEN,2018.0,9.0,2.0,5.0,0.0,10.0,8.0,112.0,1.0,21.7,2.4
Zach Line,NO,2018.0,10.0,9.0,41.0,0.0,10.0,5.0,14.0,2.0,20.0,2.0
Anthony Sherman,KC,2018.0,8.0,1.0,2.0,0.0,9.0,8.0,96.0,1.0,19.8,2.5
Taquan Mizzell,CHI,2018.0,8.0,9.0,16.0,0.0,10.0,8.0,78.0,1.0,19.4,2.4
Ronald Jones,TB,2018.0,6.0,23.0,44.0,1.0,9.0,7.0,33.0,0.0,17.2,2.9
Cameron Artis-Payne,CAR,2018.0,4.0,19.0,69.0,1.0,4.0,3.0,15.0,0.0,15.9,4.0
Dwayne Washington,NO,2018.0,4.0,27.0,154.0,0.0,0.0,0.0,0.0,0.0,15.4,3.9
Corey Grant,JAC,2018.0,5.0,13.0,40.0,0.0,12.0,9.0,67.0,0.0,15.2,3.0
Brian Hill,ATL,2018.0,4.0,20.0,157.0,0.0,2.0,1.0,9.0,0.0,15.1,3.8
Dontrell Hilliard,CLE,2018.0,6.0,0.0,0.0,0.0,10.0,9.0,105.0,0.0,15.0,2.5
C.J. Ham,MIN,2018.0,10.0,6.0,8.0,0.0,15.0,11.0,85.0,0.0,14.8,1.5
Darrel Williams,KC,2018.0,3.0,13.0,44.0,0.0,3.0,3.0,27.0,1.0,14.6,4.9
Alex Armah,CAR,2018.0,8.0,9.0,15.0,2.0,1.0,1.0,5.0,0.0,14.5,1.8
Stevan Ridley,PIT,2018.0,9.0,29.0,80.0,1.0,4.0,3.0,18.0,0.0,13.3,1.5
Devonta Freeman,ATL,2018.0,2.0,14.0,68.0,0.0,7.0,5.0,23.0,0.0,11.6,5.8
Keith Ford,BUF,2018.0,2.0,21.0,79.0,0.0,5.0,3.0,21.0,0.0,11.5,5.8
Elijhaa Penny,NYG,2018.0,9.0,7.0,25.0,0.0,9.0,8.0,50.0,0.0,11.5,1.3
John Kelly,LAR,2018.0,3.0,27.0,74.0,0.0,3.0,2.0,27.0,0.0,11.1,3.7
DeAndre Washington,OAK,2018.0,8.0,30.0,115.0,0.0,1.0,1.0,9.0,0.0,10.9,1.4
Charcandrick West,KC,2018.0,2.0,2.0,-1.0,0.0,3.0,2.0,37.0,1.0,10.6,5.3
Mark Walton,CIN,2018.0,6.0,14.0,34.0,0.0,8.0,5.0,41.0,0.0,10.0,1.7
D'Onta Foreman,HOU,2018.0,1.0,7.0,-1.0,0.0,2.0,2.0,28.0,1.0,9.7,9.7
Patrick DiMarco,BUF,2018.0,5.0,1.0,9.0,0.0,4.0,3.0,62.0,0.0,8.6,1.7
Kenjon Barner,NE,2018.0,6.0,19.0,71.0,0.0,1.0,1.0,3.0,0.0,7.9,1.3
Detrez Newsome,LAC,2018.0,3.0,11.0,49.0,0.0,2.0,2.0,19.0,0.0,7.8,2.6
Tommy Bohanon,JAC,2018.0,7.0,1.0,0.0,0.0,9.0,6.0,41.0,0.0,7.1,1.0
Roosevelt Nix,PIT,2018.0,5.0,1.0,4.0,0.0,6.0,4.0,38.0,0.0,6.2,1.2
Roc Thomas,MIN,2018.0,5.0,8.0,30.0,0.0,4.0,2.0,21.0,0.0,6.1,1.2
Byron Marshall,WAS,2018.0,4.0,3.0,9.0,0.0,6.0,4.0,30.0,0.0,5.9,1.5
Mike Boone,MIN,2018.0,6.0,11.0,47.0,0.0,3.0,2.0,1.0,0.0,5.8,1.0
Samaje Perine,WAS,2018.0,4.0,8.0,32.0,0.0,4.0,3.0,5.0,0.0,5.2,1.3
Tyler Ervin,HOU,2018.0,4.0,0.0,0.0,0.0,3.0,3.0,35.0,0.0,5.0,1.3
Shaun Wilson,TB,2018.0,5.0,6.0,29.0,0.0,5.0,3.0,5.0,0.0,4.9,1.0
Tre Madden,SEA,2018.0,5.0,3.0,3.0,0.0,3.0,2.0,35.0,0.0,4.8,1.0
Keith Smith,OAK,2018.0,5.0,1.0,0.0,0.0,7.0,5.0,23.0,0.0,4.8,1.0
Mike Gillislee,NO,2018.0,4.0,16.0,43.0,0.0,1.0,1.0,9.0,0.0,3.7,0.9
Jeremy Hill,NE,2018.0,1.0,4.0,25.0,0.0,1.0,1.0,6.0,0.0,3.6,3.6
David Williams,JAC,2018.0,3.0,8.0,36.0,0.0,0.0,0.0,0.0,0.0,3.6,1.2
Nick Bellore,DET,2018.0,4.0,1.0,0.0,0.0,4.0,4.0,15.0,0.0,3.5,0.9
Benny Cunningham,CHI,2018.0,5.0,11.0,20.0,0.0,2.0,1.0,9.0,0.0,3.4,0.7
C.J. Prosise,SEA,2018.0,2.0,1.0,-3.0,0.0,3.0,3.0,22.0,0.0,3.4,1.7
De'Lance Turner,BAL,2018.0,2.0,1.0,4.0,0.0,2.0,2.0,17.0,0.0,3.1,1.6
Derrick Coleman,ARI,2018.0,5.0,2.0,3.0,0.0,3.0,2.0,17.0,0.0,3.0,0.6
Travaris Cadet,CAR,2018.0,1.0,11.0,17.0,0.0,1.0,1.0,5.0,0.0,2.7,2.7
Ricky Ortiz,ATL,2018.0,3.0,0.0,0.0,0.0,4.0,3.0,11.0,0.0,2.6,0.9
Jeremy Langford,ATL,2018.0,1.0,9.0,25.0,0.0,0.0,0.0,0.0,0.0,2.5,2.5
Ameer Abdullah,DET,2018.0,4.0,1.0,1.0,0.0,4.0,3.0,28.0,0.0,2.4,0.6
Jamaal Charles,JAC,2018.0,2.0,6.0,7.0,0.0,3.0,2.0,7.0,0.0,2.4,1.2
Jamize Olawale,DAL,2018.0,4.0,0.0,0.0,0.0,4.0,2.0,13.0,0.0,2.3,0.6
Justin Davis,LAR,2018.0,2.0,2.0,19.0,0.0,0.0,0.0,0.0,0.0,1.9,1.0
Derek Watt,LAC,2018.0,4.0,4.0,11.0,0.0,1.0,1.0,2.0,0.0,1.8,0.5
Jonathan Stewart,NYG,2018.0,3.0,6.0,17.0,0.0,0.0,0.0,0.0,0.0,1.7,0.6
David Fluellen,TEN,2018.0,2.0,4.0,16.0,0.0,0.0,0.0,0.0,0.0,1.6,0.8
Darius Jackson,DAL,2018.0,1.0,6.0,16.0,0.0,1.0,0.0,0.0,0.0,1.6,1.6
Brandon Wilds,JAC,2018.0,3.0,6.0,15.0,0.0,0.0,0.0,0.0,0.0,1.5,0.5
Michael Burton,CHI,2018.0,1.0,0.0,0.0,0.0,1.0,1.0,6.0,0.0,1.1,1.1
Christine Michael,IND,2018.0,1.0,2.0,9.0,0.0,0.0,0.0,0.0,0.0,0.9,0.9
Rob Kelley,WAS,2018.0,2.0,4.0,8.0,0.0,0.0,0.0,0.0,0.0,0.8,0.4
J.D. McKissic,SEA,2018.0,3.0,3.0,8.0,0.0,1.0,0.0,0.0,0.0,0.8,0.3
Dan Vitale,GB,2018.0,1.0,0.0,0.0,0.0,2.0,1.0,2.0,0.0,0.7,0.7
