Odell Beckham Jr.,NYG,2015.0,11.0,102.0,1446.0,13.0,3.0,21.0,0.0,271.7
Antonio Brown,PIT,2015.0,11.0,109.0,1467.0,11.0,4.0,26.0,0.0,267.8
Demaryius Thomas,DEN,2015.0,7.0,98.0,1389.0,12.0,0.0,0.0,0.0,257.9
Dez Bryant,DAL,2015.0,6.0,90.0,1285.0,13.0,0.0,0.0,0.0,251.5
Julio Jones,ATL,2015.0,10.0,94.0,1411.0,9.0,2.0,11.0,0.0,243.2
A.J. Green,CIN,2015.0,7.0,96.0,1350.0,9.0,0.0,0.0,0.0,237.0
DeAndre Hopkins,HOU,2015.0,9.0,93.0,1315.0,8.0,0.0,0.0,0.0,222.0
Calvin Johnson,DET,2015.0,9.0,78.0,1229.0,10.0,0.0,0.0,0.0,219.9
Randall Cobb,GB,2015.0,7.0,83.0,1137.0,9.0,3.0,34.0,0.0,210.6
Alshon Jeffery,CHI,2015.0,7.0,80.0,1105.0,9.0,4.0,27.0,0.0,207.2
Mike Evans,TB,2015.0,6.0,73.0,1094.0,9.0,0.0,0.0,0.0,197.9
Jordan Matthews,PHI,2015.0,8.0,81.0,1074.0,8.0,0.0,0.0,0.0,193.9
T.Y. Hilton,IND,2015.0,10.0,77.0,1144.0,6.0,2.0,14.0,0.0,190.3
Brandin Cooks,NO,2015.0,11.0,84.0,977.0,6.0,11.0,84.0,0.0,184.1
Emmanuel Sanders,DEN,2015.0,7.0,72.0,985.0,8.0,0.0,0.0,0.0,182.5
Julian Edelman,NE,2015.0,4.0,90.0,935.0,6.0,6.0,56.0,0.0,178.1
Davante Adams,GB,2015.0,7.0,76.0,984.0,7.0,0.0,0.0,0.0,176.4
Andre Johnson,IND,2015.0,10.0,74.0,945.0,8.0,0.0,0.0,0.0,175.5
DeSean Jackson,WAS,2015.0,8.0,64.0,1001.0,6.0,4.0,21.0,0.0,168.2
Golden Tate,DET,2015.0,9.0,70.0,946.0,6.0,0.0,0.0,0.0,165.6
Jarvis Landry,MIA,2015.0,5.0,74.0,916.0,6.0,0.0,0.0,0.0,164.6
Brandon Marshall,NYJ,2015.0,5.0,71.0,917.0,6.0,0.0,0.0,0.0,161.2
Keenan Allen,SD,2015.0,10.0,67.0,916.0,6.0,0.0,0.0,0.0,161.1
Vincent Jackson,TB,2015.0,6.0,63.0,926.0,6.0,0.0,0.0,0.0,160.1
Sammy Watkins,BUF,2015.0,8.0,65.0,935.0,6.0,0.0,0.0,0.0,160.0
Steve Smith,BAL,2015.0,9.0,70.0,945.0,5.0,0.0,0.0,0.0,159.5
Jeremy Maclin,KC,2015.0,9.0,66.0,902.0,6.0,0.0,0.0,0.0,159.2
Anquan Boldin,SF,2015.0,10.0,68.0,899.0,6.0,0.0,0.0,0.0,157.9
Amari Cooper,OAK,2015.0,6.0,66.0,898.0,6.0,0.0,0.0,0.0,156.8
Eric Decker,NYJ,2015.0,5.0,65.0,866.0,6.0,0.0,0.0,0.0,155.1
Charles Johnson,MIN,2015.0,5.0,63.0,857.0,6.0,0.0,0.0,0.0,153.2
Mike Wallace,MIN,2015.0,5.0,55.0,844.0,6.0,3.0,29.0,0.0,150.8
Roddy White,ATL,2015.0,10.0,71.0,850.0,5.0,0.0,0.0,0.0,150.5
Pierre Garcon,WAS,2015.0,8.0,70.0,851.0,5.0,0.0,0.0,0.0,150.1
John Brown,ARI,2015.0,9.0,59.0,817.0,6.0,0.0,0.0,0.0,147.2
Larry Fitzgerald,ARI,2015.0,9.0,71.0,858.0,4.0,0.0,0.0,0.0,145.3
Kendall Wright,TEN,2015.0,4.0,67.0,827.0,5.0,0.0,0.0,0.0,144.2
Allen Robinson,JAC,2015.0,8.0,64.0,815.0,5.0,0.0,0.0,0.0,143.5
Marques Colston,NO,2015.0,11.0,59.0,805.0,5.0,0.0,0.0,0.0,140.0
Markus Wheaton,PIT,2015.0,11.0,61.0,777.0,5.0,2.0,13.0,0.0,139.5
Torrey Smith,SF,2015.0,10.0,54.0,835.0,5.0,0.0,0.0,0.0,138.5
Doug Baldwin,SEA,2015.0,9.0,59.0,749.0,6.0,0.0,0.0,0.0,138.4
Rueben Randle,NYG,2015.0,11.0,59.0,787.0,5.0,0.0,0.0,0.0,138.2
Terrance Williams,DAL,2015.0,6.0,48.0,741.0,6.0,0.0,0.0,0.0,134.1
Nelson Agholor,PHI,2015.0,8.0,54.0,725.0,6.0,0.0,0.0,0.0,133.5
Devin Funchess,CAR,2015.0,5.0,57.0,767.0,5.0,0.0,0.0,0.0,133.2
Michael Floyd,ARI,2015.0,9.0,49.0,789.0,5.0,0.0,0.0,0.0,131.4
Kenny Britt,STL,2015.0,6.0,49.0,718.0,5.0,0.0,0.0,0.0,126.3
Kenny Stills,MIA,2015.0,5.0,50.0,729.0,5.0,0.0,0.0,0.0,125.9
Dwayne Bowe,CLE,2015.0,11.0,53.0,705.0,4.0,0.0,0.0,0.0,121.0
Malcom Floyd,SD,2015.0,10.0,44.0,682.0,5.0,0.0,0.0,0.0,118.2
Eddie Royal,CHI,2015.0,7.0,56.0,629.0,4.0,0.0,0.0,0.0,114.9
Steve Johnson,SD,2015.0,10.0,52.0,645.0,4.0,0.0,0.0,0.0,114.5
Percy Harvin,BUF,2015.0,8.0,50.0,555.0,3.0,13.0,77.0,1.0,112.2
Martavis Bryant,PIT,2015.0,11.0,41.0,617.0,5.0,0.0,0.0,0.0,112.2
Victor Cruz,NYG,2015.0,11.0,48.0,616.0,4.0,0.0,0.0,0.0,109.6
Brian Quick,STL,2015.0,6.0,46.0,615.0,4.0,0.0,0.0,0.0,108.5
Breshad Perriman,BAL,2015.0,9.0,40.0,577.0,4.0,0.0,0.0,0.0,101.7
Michael Crabtree,OAK,2015.0,6.0,39.0,549.0,4.0,0.0,0.0,0.0,98.4
Brandon Coleman,NO,2015.0,11.0,40.0,543.0,4.0,0.0,0.0,0.0,98.3
Cole Beasley,DAL,2015.0,6.0,44.0,487.0,4.0,0.0,0.0,0.0,94.7
Allen Hurns,JAC,2015.0,8.0,41.0,556.0,3.0,0.0,0.0,0.0,94.1
Tavon Austin,STL,2015.0,6.0,37.0,388.0,2.0,16.0,187.0,1.0,94.0
Andrew Hawkins,CLE,2015.0,11.0,41.0,541.0,3.0,2.0,21.0,0.0,92.7
Harry Douglas,TEN,2015.0,4.0,42.0,541.0,3.0,0.0,0.0,0.0,91.1
Cody Latimer,DEN,2015.0,7.0,39.0,524.0,3.0,0.0,0.0,0.0,89.9
Philly Brown,CAR,2015.0,5.0,38.0,525.0,3.0,0.0,0.0,0.0,89.5
Brandon LaFell,NE,2015.0,4.0,36.0,472.0,4.0,0.0,0.0,0.0,89.2
Greg Jennings,MIA,2015.0,5.0,40.0,512.0,3.0,0.0,0.0,0.0,89.2
James Jones,GB,2015.0,7.0,34.0,465.0,4.0,0.0,0.0,0.0,87.5
Marvin Jones,CIN,2015.0,7.0,35.0,479.0,4.0,0.0,0.0,0.0,87.4
Andre Roberts,WAS,2015.0,8.0,40.0,487.0,3.0,0.0,0.0,0.0,86.7
Brian Hartline,CLE,2015.0,11.0,38.0,486.0,3.0,0.0,0.0,0.0,85.6
Kamar Aiken,BAL,2015.0,9.0,36.0,447.0,3.0,0.0,0.0,0.0,80.7
Cordarrelle Patterson,MIN,2015.0,5.0,28.0,356.0,2.0,12.0,126.0,1.0,80.2
Dorial Green-Beckham,TEN,2015.0,4.0,33.0,446.0,3.0,0.0,0.0,0.0,79.1
Cecil Shorts,HOU,2015.0,9.0,36.0,489.0,2.0,0.0,0.0,0.0,78.9
Danny Amendola,NE,2015.0,4.0,37.0,417.0,3.0,0.0,0.0,0.0,78.2
Mohamed Sanu,CIN,2015.0,7.0,32.0,425.0,3.0,0.0,0.0,0.0,76.5
Tyler Lockett,SEA,2015.0,9.0,30.0,435.0,3.0,0.0,0.0,0.0,76.5
Jermaine Kearse,SEA,2015.0,9.0,35.0,456.0,2.0,0.0,0.0,0.0,75.1
Jerricho Cotchery,CAR,2015.0,5.0,34.0,406.0,3.0,0.0,0.0,0.0,73.6
DeVante Parker,MIA,2015.0,5.0,28.0,415.0,3.0,0.0,0.0,0.0,73.5
Jarius Wright,MIN,2015.0,5.0,33.0,446.0,2.0,0.0,0.0,0.0,73.1
Phillip Dorsett,IND,2015.0,10.0,27.0,436.0,3.0,0.0,0.0,0.0,73.1
Jeremy Kerley,NYJ,2015.0,5.0,30.0,389.0,3.0,0.0,0.0,0.0,71.9
Rod Streater,OAK,2015.0,6.0,32.0,419.0,2.0,0.0,0.0,0.0,69.9
Josh Huff,PHI,2015.0,8.0,27.0,366.0,3.0,0.0,0.0,0.0,68.1
Donte Moncrief,IND,2015.0,10.0,26.0,362.0,3.0,0.0,0.0,0.0,67.2
Robert Woods,BUF,2015.0,8.0,28.0,385.0,2.0,0.0,0.0,0.0,64.5
Marquess Wilson,CHI,2015.0,7.0,25.0,395.0,2.0,0.0,0.0,0.0,64.0
Riley Cooper,PHI,2015.0,8.0,26.0,370.0,2.0,0.0,0.0,0.0,62.0
Albert Wilson,KC,2015.0,9.0,25.0,375.0,2.0,0.0,0.0,0.0,62.0
Jaelen Strong,HOU,2015.0,9.0,24.0,365.0,2.0,0.0,0.0,0.0,60.5
Ty Montgomery,GB,2015.0,7.0,28.0,365.0,2.0,0.0,0.0,0.0,60.5
Marqise Lee,JAC,2015.0,8.0,29.0,382.0,1.0,0.0,0.0,0.0,58.7
Nate Washington,HOU,2015.0,9.0,22.0,344.0,2.0,0.0,0.0,0.0,57.4
Taylor Gabriel,CLE,2015.0,11.0,23.0,335.0,2.0,0.0,0.0,0.0,57.0
Aaron Dobson,NE,2015.0,4.0,24.0,329.0,2.0,0.0,0.0,0.0,56.9
Chris Conley,KC,2015.0,9.0,24.0,316.0,2.0,0.0,0.0,0.0,55.6
Justin Hardy,ATL,2015.0,10.0,24.0,315.0,2.0,0.0,0.0,0.0,55.5
Louis Murphy,TB,2015.0,6.0,28.0,336.0,1.0,0.0,0.0,0.0,51.6
Lance Moore,DET,2015.0,9.0,22.0,285.0,2.0,0.0,0.0,0.0,51.5
Marlon Brown,BAL,2015.0,9.0,23.0,279.0,2.0,0.0,0.0,0.0,51.4
Leonard Hankerson,ATL,2015.0,10.0,20.0,272.0,2.0,0.0,0.0,0.0,49.2
Quinton Patton,SF,2015.0,10.0,21.0,266.0,2.0,0.0,0.0,0.0,49.1
Dontrelle Inman,SD,2015.0,10.0,22.0,287.0,1.0,0.0,0.0,0.0,45.7
Travis Benjamin,CLE,2015.0,11.0,19.0,299.0,1.0,0.0,0.0,0.0,45.4
Kevin White,CHI,2015.0,7.0,21.0,287.0,1.0,0.0,0.0,0.0,43.2
Justin Hunter,TEN,2015.0,4.0,15.0,231.0,1.0,0.0,0.0,0.0,36.6
Devin Hester,ATL,2015.0,10.0,16.0,215.0,1.0,0.0,0.0,0.0,35.5
Joe Morgan,NO,2015.0,11.0,13.0,225.0,1.0,0.0,0.0,0.0,35.0
Andre Holmes,OAK,2015.0,6.0,13.0,205.0,1.0,0.0,0.0,0.0,33.0
Devin Smith,NYJ,2015.0,5.0,10.0,154.0,2.0,0.0,0.0,0.0,32.4
Stedman Bailey,STL,2015.0,6.0,14.0,189.0,1.0,0.0,0.0,0.0,31.9
Ted Ginn Jr.,CAR,2015.0,5.0,13.0,169.0,1.0,3.0,21.0,0.0,31.5
Preston Parker,NYG,2015.0,11.0,14.0,182.0,1.0,0.0,0.0,0.0,31.2
Jason Avant,KC,2015.0,9.0,15.0,184.0,0.0,0.0,0.0,0.0,25.9
Jeff Janis,GB,2015.0,7.0,11.0,142.0,1.0,0.0,0.0,0.0,25.7
Miles Austin,PHI,2015.0,8.0,11.0,136.0,1.0,0.0,0.0,0.0,25.1
Chris Hogan,BUF,2015.0,8.0,10.0,142.0,1.0,0.0,0.0,0.0,23.2
Rashad Greene,JAC,2015.0,8.0,11.0,177.0,0.0,0.0,0.0,0.0,23.2
Ryan Grant,WAS,2015.0,8.0,9.0,111.0,1.0,0.0,0.0,0.0,21.6
Darrius Heyward-Bey,PIT,2015.0,11.0,9.0,118.0,1.0,0.0,0.0,0.0,20.3
Devin Street,DAL,2015.0,6.0,11.0,145.0,0.0,0.0,0.0,0.0,20.0
Chris Givens,STL,2015.0,6.0,9.0,146.0,0.0,0.0,0.0,0.0,19.1
Sammie Coates,PIT,2015.0,11.0,10.0,140.0,0.0,0.0,0.0,0.0,19.0
Corey Fuller,DET,2015.0,9.0,10.0,131.0,0.0,0.0,0.0,0.0,18.1
Andre Caldwell,DEN,2015.0,7.0,9.0,129.0,0.0,0.0,0.0,0.0,17.4
Marquise Goodwin,BUF,2015.0,8.0,9.0,115.0,0.0,0.0,0.0,0.0,16.0
Brandon Tate,CIN,2015.0,7.0,9.0,114.0,0.0,0.0,0.0,0.0,15.9
Bruce Ellington,SF,2015.0,10.0,6.0,82.0,0.0,0.0,0.0,0.0,11.2
Michael Campanaro,BAL,2015.0,9.0,6.0,76.0,0.0,0.0,0.0,0.0,10.6
Paul Richardson,SEA,2015.0,9.0,5.0,77.0,0.0,0.0,0.0,0.0,10.2
Ricardo Lockette,SEA,2015.0,9.0,1.0,19.0,0.0,0.0,0.0,0.0,2.4
Frankie Hammond Jr.,KC,2015.0,9.0,1.0,16.0,0.0,0.0,0.0,0.0,2.1
Antonio Brown,PIT,2016.0,8.0,118.0,1626.0,12.0,5.0,28.0,0.0,294.4
Julio Jones,ATL,2016.0,11.0,116.0,1629.0,10.0,0.0,0.0,0.0,278.9
DeAndre Hopkins,HOU,2016.0,9.0,105.0,1456.0,10.0,0.0,0.0,0.0,256.1
Odell Beckham Jr.,NYG,2016.0,8.0,94.0,1380.0,12.0,0.0,0.0,0.0,255.0
Keenan Allen,SD,2016.0,11.0,115.0,1380.0,8.0,0.0,0.0,0.0,241.5
Allen Robinson,JAC,2016.0,5.0,92.0,1248.0,11.0,0.0,0.0,0.0,236.8
A.J. Green,CIN,2016.0,9.0,89.0,1286.0,10.0,0.0,0.0,0.0,231.1
Dez Bryant,DAL,2016.0,7.0,82.0,1157.0,11.0,0.0,0.0,0.0,220.7
Brandon Marshall,NYJ,2016.0,11.0,83.0,1177.0,9.0,0.0,0.0,0.0,211.2
Mike Evans,TB,2016.0,6.0,84.0,1267.0,7.0,0.0,0.0,0.0,208.7
Alshon Jeffery,CHI,2016.0,9.0,81.0,1185.0,8.0,1.0,11.0,0.0,208.1
Jordy Nelson,GB,2016.0,4.0,78.0,1145.0,9.0,0.0,0.0,0.0,207.5
Amari Cooper,OAK,2016.0,10.0,86.0,1165.0,8.0,0.0,0.0,0.0,205.5
Brandin Cooks,NO,2016.0,5.0,82.0,1104.0,8.0,6.0,37.0,0.0,203.1
T.Y. Hilton,IND,2016.0,10.0,75.0,1188.0,8.0,0.0,0.0,0.0,202.3
Sammy Watkins,BUF,2016.0,10.0,80.0,1201.0,7.0,0.0,0.0,0.0,200.1
Jarvis Landry,MIA,2016.0,8.0,93.0,1088.0,6.0,14.0,86.0,0.0,195.9
Golden Tate,DET,2016.0,10.0,86.0,1067.0,6.0,5.0,35.0,0.0,187.2
Jeremy Maclin,KC,2016.0,5.0,83.0,1045.0,7.0,0.0,0.0,0.0,186.0
Demaryius Thomas,DEN,2016.0,11.0,80.0,1055.0,7.0,0.0,0.0,0.0,185.5
Michael Floyd,ARI,2016.0,9.0,71.0,1007.0,8.0,0.0,0.0,0.0,182.2
Larry Fitzgerald,ARI,2016.0,9.0,80.0,950.0,8.0,0.0,0.0,0.0,181.0
DeSean Jackson,WAS,2016.0,9.0,69.0,1088.0,6.0,4.0,19.0,0.0,179.2
Donte Moncrief,IND,2016.0,10.0,75.0,1010.0,7.0,0.0,0.0,0.0,178.5
Randall Cobb,GB,2016.0,4.0,74.0,946.0,7.0,11.0,45.0,0.0,176.1
Eric Decker,NYJ,2016.0,11.0,72.0,945.0,7.0,0.0,0.0,0.0,170.5
Tyler Lockett,SEA,2016.0,5.0,82.0,846.0,7.0,5.0,35.0,0.0,169.1
Doug Baldwin,SEA,2016.0,5.0,69.0,915.0,7.0,0.0,0.0,0.0,168.0
Michael Crabtree,OAK,2016.0,10.0,72.0,855.0,7.0,0.0,0.0,0.0,163.5
Allen Hurns,JAC,2016.0,5.0,58.0,875.0,7.0,0.0,0.0,0.0,158.5
Julian Edelman,NE,2016.0,9.0,73.0,866.0,5.0,5.0,37.0,0.0,154.8
Tavon Austin,LAR,2016.0,8.0,51.0,511.0,4.0,53.0,396.0,3.0,154.2
Torrey Smith,SF,2016.0,8.0,66.0,889.0,5.0,0.0,0.0,0.0,151.9
Willie Snead,NO,2016.0,5.0,64.0,887.0,5.0,0.0,0.0,0.0,150.7
Kelvin Benjamin,CAR,2016.0,7.0,60.0,792.0,6.0,0.0,0.0,0.0,143.2
Jordan Matthews,PHI,2016.0,4.0,65.0,817.0,5.0,0.0,0.0,0.0,142.2
John Brown,ARI,2016.0,9.0,53.0,789.0,6.0,2.0,17.0,0.0,141.1
Stefon Diggs,MIN,2016.0,6.0,60.0,816.0,5.0,0.0,0.0,0.0,139.6
Kevin White,CHI,2016.0,9.0,49.0,768.0,6.0,0.0,0.0,0.0,137.3
Emmanuel Sanders,DEN,2016.0,11.0,54.0,765.0,5.0,4.0,31.0,0.0,136.6
Marvin Jones,DET,2016.0,10.0,57.0,777.0,5.0,0.0,0.0,0.0,136.2
Corey Coleman,CLE,2016.0,13.0,55.0,745.0,5.0,0.0,0.0,0.0,130.0
Rishard Matthews,TEN,2016.0,13.0,58.0,778.0,4.0,0.0,0.0,0.0,128.8
Sterling Shepard,NYG,2016.0,8.0,51.0,701.0,5.0,0.0,0.0,0.0,125.6
Markus Wheaton,PIT,2016.0,8.0,51.0,745.0,4.0,5.0,24.0,0.0,124.4
DeVante Parker,MIA,2016.0,8.0,49.0,716.0,5.0,0.0,0.0,0.0,124.1
Vincent Jackson,TB,2016.0,6.0,53.0,715.0,4.0,0.0,0.0,0.0,122.0
Steve Smith,BAL,2016.0,8.0,49.0,639.0,5.0,0.0,0.0,0.0,118.4
Mohamed Sanu,ATL,2016.0,11.0,48.0,613.0,5.0,0.0,0.0,0.0,113.3
Mike Wallace,BAL,2016.0,8.0,43.0,675.0,4.0,0.0,0.0,0.0,113.0
Phillip Dorsett,IND,2016.0,10.0,49.0,625.0,4.0,2.0,10.0,0.0,112.0
Terrance Williams,DAL,2016.0,7.0,39.0,613.0,4.0,0.0,0.0,0.0,104.8
Chris Hogan,NE,2016.0,9.0,47.0,566.0,4.0,0.0,0.0,0.0,104.1
Travis Benjamin,SD,2016.0,11.0,41.0,575.0,4.0,0.0,0.0,0.0,102.0
Ted Ginn Jr.,CAR,2016.0,7.0,36.0,535.0,5.0,0.0,0.0,0.0,101.5
Kamar Aiken,BAL,2016.0,8.0,51.0,576.0,3.0,0.0,0.0,0.0,101.1
Pierre Garcon,WAS,2016.0,9.0,46.0,566.0,3.0,0.0,0.0,0.0,97.6
Josh Gordon,CLE,2016.0,13.0,42.0,596.0,3.0,0.0,0.0,0.0,96.6
Nelson Agholor,PHI,2016.0,4.0,39.0,525.0,4.0,0.0,0.0,0.0,96.0
Tajae Sharpe,TEN,2016.0,13.0,42.0,566.0,3.0,0.0,0.0,0.0,95.6
Robert Woods,BUF,2016.0,10.0,43.0,575.0,3.0,0.0,0.0,0.0,95.0
Will Fuller,HOU,2016.0,9.0,37.0,525.0,4.0,0.0,0.0,0.0,95.0
Kenny Britt,LAR,2016.0,8.0,36.0,567.0,3.0,0.0,0.0,0.0,90.7
Danny Amendola,NE,2016.0,9.0,44.0,497.0,3.0,0.0,0.0,0.0,89.7
Anquan Boldin,DET,2016.0,10.0,36.0,467.0,4.0,0.0,0.0,0.0,86.7
Kenny Stills,MIA,2016.0,8.0,36.0,485.0,3.0,0.0,0.0,0.0,84.5
Jaelen Strong,HOU,2016.0,9.0,36.0,495.0,3.0,0.0,0.0,0.0,83.5
Laquon Treadwell,MIN,2016.0,6.0,33.0,478.0,3.0,0.0,0.0,0.0,82.3
Tyler Boyd,CIN,2016.0,9.0,35.0,465.0,3.0,0.0,0.0,0.0,82.0
Seth Roberts,OAK,2016.0,10.0,33.0,472.0,3.0,0.0,0.0,0.0,81.7
Eli Rogers,PIT,2016.0,8.0,35.0,448.0,3.0,0.0,0.0,0.0,80.3
Michael Thomas,NO,2016.0,5.0,30.0,457.0,3.0,0.0,0.0,0.0,78.7
Cole Beasley,DAL,2016.0,7.0,38.0,426.0,3.0,0.0,0.0,0.0,77.6
Jermaine Kearse,SEA,2016.0,5.0,34.0,435.0,3.0,0.0,0.0,0.0,76.5
Quinton Patton,SF,2016.0,8.0,36.0,456.0,2.0,0.0,0.0,0.0,75.6
Devin Funchess,CAR,2016.0,7.0,33.0,422.0,3.0,0.0,0.0,0.0,74.7
Kendall Wright,TEN,2016.0,13.0,36.0,436.0,2.0,0.0,0.0,0.0,73.6
Sammie Coates,PIT,2016.0,8.0,30.0,381.0,3.0,0.0,0.0,0.0,71.1
Brandon LaFell,CIN,2016.0,9.0,31.0,422.0,2.0,0.0,0.0,0.0,69.7
Chris Conley,KC,2016.0,5.0,33.0,412.0,2.0,0.0,0.0,0.0,69.7
Josh Doctson,WAS,2016.0,9.0,26.0,346.0,3.0,0.0,0.0,0.0,65.6
Eddie Royal,CHI,2016.0,9.0,29.0,385.0,2.0,0.0,0.0,0.0,65.0
Davante Adams,GB,2016.0,4.0,29.0,379.0,2.0,0.0,0.0,0.0,64.4
Dorial Green-Beckham,PHI,2016.0,4.0,25.0,389.0,2.0,0.0,0.0,0.0,63.4
Quincy Enunwa,NYJ,2016.0,11.0,29.0,365.0,2.0,0.0,0.0,0.0,63.0
Jamison Crowder,WAS,2016.0,9.0,31.0,355.0,2.0,0.0,0.0,0.0,63.0
Terrelle Pryor,CLE,2016.0,13.0,26.0,369.0,2.0,0.0,0.0,0.0,61.9
Bennie Fowler,DEN,2016.0,11.0,30.0,343.0,2.0,0.0,0.0,0.0,61.3
Marqise Lee,JAC,2016.0,5.0,26.0,355.0,2.0,0.0,0.0,0.0,60.5
Charles Johnson,MIN,2016.0,6.0,26.0,355.0,2.0,0.0,0.0,0.0,60.5
Dwayne Harris,NYG,2016.0,8.0,27.0,342.0,2.0,0.0,0.0,0.0,59.7
Breshad Perriman,BAL,2016.0,8.0,24.0,339.0,2.0,0.0,0.0,0.0,57.9
Andrew Hawkins,CLE,2016.0,13.0,26.0,312.0,2.0,4.0,28.0,0.0,57.0
Andre Holmes,OAK,2016.0,10.0,23.0,314.0,2.0,0.0,0.0,0.0,54.9
Justin Hardy,ATL,2016.0,11.0,23.0,313.0,2.0,0.0,0.0,0.0,54.8
Adam Humphries,TB,2016.0,6.0,23.0,313.0,2.0,0.0,0.0,0.0,54.8
Braxton Miller,HOU,2016.0,9.0,21.0,284.0,2.0,0.0,0.0,0.0,50.9
Brian Quick,LAR,2016.0,8.0,24.0,325.0,1.0,0.0,0.0,0.0,50.5
Albert Wilson,KC,2016.0,5.0,24.0,314.0,1.0,3.0,21.0,0.0,49.5
Victor Cruz,NYG,2016.0,8.0,20.0,256.0,2.0,0.0,0.0,0.0,47.6
Jeff Janis,GB,2016.0,4.0,18.0,255.0,2.0,0.0,0.0,0.0,46.5
Leonte Carroo,MIA,2016.0,8.0,19.0,247.0,2.0,0.0,0.0,0.0,46.2
Cody Latimer,DEN,2016.0,11.0,22.0,289.0,1.0,0.0,0.0,0.0,45.9
Cordarrelle Patterson,MIN,2016.0,6.0,24.0,311.0,0.0,2.0,15.0,0.0,44.6
Jarius Wright,MIN,2016.0,6.0,21.0,266.0,1.0,0.0,0.0,0.0,43.1
Andre Johnson,TEN,2016.0,13.0,17.0,226.0,2.0,0.0,0.0,0.0,43.1
Brandon Coleman,NO,2016.0,5.0,16.0,211.0,2.0,0.0,0.0,0.0,41.1
Josh Bellamy,CHI,2016.0,9.0,15.0,245.0,1.0,0.0,0.0,0.0,38.0
Rod Streater,SF,2016.0,8.0,17.0,229.0,1.0,0.0,0.0,0.0,37.4
Darrius Heyward-Bey,PIT,2016.0,8.0,15.0,235.0,1.0,0.0,0.0,0.0,37.0
J.J. Nelson,ARI,2016.0,9.0,15.0,235.0,1.0,0.0,0.0,0.0,37.0
Dontrelle Inman,SD,2016.0,11.0,16.0,226.0,1.0,0.0,0.0,0.0,36.6
Malcolm Mitchell,NE,2016.0,9.0,16.0,221.0,1.0,0.0,0.0,0.0,36.1
Rashad Greene,JAC,2016.0,5.0,17.0,213.0,1.0,0.0,0.0,0.0,35.8
Jeremy Kerley,SF,2016.0,8.0,16.0,217.0,1.0,0.0,0.0,0.0,35.7
Josh Huff,PHI,2016.0,4.0,15.0,214.0,1.0,0.0,0.0,0.0,34.9
Quan Bray,IND,2016.0,10.0,13.0,215.0,1.0,0.0,0.0,0.0,34.0
Stedman Bailey,LAR,2016.0,8.0,17.0,222.0,0.0,0.0,0.0,0.0,30.7
Andre Roberts,DET,2016.0,10.0,13.0,175.0,1.0,0.0,0.0,0.0,30.0
Jaron Brown,ARI,2016.0,9.0,12.0,177.0,1.0,0.0,0.0,0.0,29.7
Kolby Listenbee,BUF,2016.0,10.0,12.0,175.0,1.0,0.0,0.0,0.0,29.5
Tyreek Hill,KC,2016.0,5.0,14.0,156.0,1.0,0.0,0.0,0.0,28.6
Devin Smith,NYJ,2016.0,11.0,11.0,165.0,1.0,0.0,0.0,0.0,28.0
Aldrick Robinson,ATL,2016.0,11.0,11.0,155.0,1.0,0.0,0.0,0.0,27.0
Ty Montgomery,GB,2016.0,4.0,11.0,146.0,1.0,0.0,0.0,0.0,26.1
Louis Murphy,TB,2016.0,6.0,11.0,145.0,1.0,0.0,0.0,0.0,26.0
Pharoh Cooper,LAR,2016.0,8.0,14.0,186.0,0.0,0.0,0.0,0.0,25.6
Marquise Goodwin,BUF,2016.0,10.0,9.0,148.0,1.0,0.0,0.0,0.0,25.3
Marquess Wilson,CHI,2016.0,9.0,13.0,176.0,0.0,0.0,0.0,0.0,24.1
Philly Brown,CAR,2016.0,7.0,12.0,146.0,0.0,0.0,0.0,0.0,20.6
Brice Butler,DAL,2016.0,7.0,10.0,141.0,0.0,0.0,0.0,0.0,19.1
Paul Richardson,SEA,2016.0,5.0,8.0,116.0,0.0,0.0,0.0,0.0,15.6
Jordan Norwood,DEN,2016.0,11.0,7.0,89.0,0.0,0.0,0.0,0.0,12.4
Taylor Gabriel,ATL,2016.0,11.0,7.0,88.0,0.0,0.0,0.0,0.0,12.3
Bryan Walters,JAC,2016.0,5.0,7.0,77.0,0.0,0.0,0.0,0.0,11.2
Kevin Norwood,CAR,2016.0,7.0,6.0,78.0,0.0,0.0,0.0,0.0,10.8
Mike Thomas,LAR,2016.0,8.0,6.0,77.0,0.0,0.0,0.0,0.0,10.7
Marcus Easley,BUF,2016.0,10.0,5.0,78.0,0.0,0.0,0.0,0.0,10.3
Harry Douglas,TEN,2016.0,13.0,5.0,72.0,0.0,0.0,0.0,0.0,9.7
Jared Abbrederis,GB,2016.0,4.0,5.0,72.0,0.0,0.0,0.0,0.0,9.7
Corey Fuller,DET,2016.0,10.0,4.0,55.0,0.0,0.0,0.0,0.0,7.5
Russell Shepard,TB,2016.0,6.0,5.0,49.0,0.0,0.0,0.0,0.0,7.4
Javontee Herndon,SD,2016.0,11.0,3.0,55.0,0.0,0.0,0.0,0.0,7.0
Jakeem Grant,MIA,2016.0,8.0,4.0,46.0,0.0,0.0,0.0,0.0,6.6
Aaron Burbridge,SF,2016.0,8.0,3.0,45.0,0.0,0.0,0.0,0.0,6.0
Ryan Grant,WAS,2016.0,9.0,3.0,44.0,0.0,0.0,0.0,0.0,5.9
Demarcus Robinson,KC,2016.0,5.0,3.0,37.0,0.0,0.0,0.0,0.0,5.2
Cody Core,CIN,2016.0,9.0,2.0,29.0,0.0,0.0,0.0,0.0,3.9
Brenton Bersin,CAR,2016.0,7.0,2.0,26.0,0.0,0.0,0.0,0.0,3.6
Antonio Brown,PIT,2017.0,9.0,108.0,1388.0,11.0,1.0,11.0,0.0,257.9
Julio Jones,ATL,2017.0,5.0,100.0,1487.0,9.0,0.0,0.0,0.0,250.7
Odell Beckham Jr.,NYG,2017.0,8.0,97.0,1382.0,11.0,0.0,0.0,0.0,248.7
Mike Evans,TB,2017.0,1.0,92.0,1302.0,10.0,0.0,0.0,0.0,232.2
Jordy Nelson,GB,2017.0,8.0,86.0,1225.0,11.0,0.0,0.0,0.0,229.5
Michael Thomas,NO,2017.0,5.0,97.0,1265.0,8.0,0.0,0.0,0.0,219.0
A.J. Green,CIN,2017.0,6.0,80.0,1188.0,8.0,0.0,0.0,0.0,206.8
Doug Baldwin,SEA,2017.0,6.0,87.0,1102.0,8.0,0.0,0.0,0.0,199.7
T.Y. Hilton,IND,2017.0,11.0,80.0,1225.0,6.0,0.0,0.0,0.0,198.5
Demaryius Thomas,DEN,2017.0,5.0,87.0,1115.0,7.0,0.0,0.0,0.0,193.0
Amari Cooper,OAK,2017.0,10.0,78.0,1122.0,7.0,0.0,0.0,0.0,191.2
Brandin Cooks,NE,2017.0,9.0,74.0,1018.0,7.0,7.0,52.0,1.0,190.0
Dez Bryant,DAL,2017.0,6.0,73.0,1067.0,8.0,0.0,0.0,0.0,189.2
Allen Robinson,JAC,2017.0,8.0,79.0,1086.0,7.0,0.0,0.0,0.0,188.1
Michael Crabtree,OAK,2017.0,10.0,83.0,985.0,8.0,0.0,0.0,0.0,186.0
Larry Fitzgerald,ARI,2017.0,8.0,91.0,992.0,7.0,0.0,0.0,0.0,184.7
DeAndre Hopkins,HOU,2017.0,7.0,80.0,1075.0,6.0,0.0,0.0,0.0,183.5
Golden Tate,DET,2017.0,7.0,92.0,1045.0,5.0,3.0,22.0,0.0,180.7
Tyreek Hill,KC,2017.0,10.0,69.0,775.0,6.0,26.0,220.0,2.0,180.0
Pierre Garcon,SF,2017.0,11.0,86.0,1080.0,5.0,0.0,0.0,0.0,179.0
Stefon Diggs,MIN,2017.0,9.0,87.0,1045.0,5.0,0.0,0.0,0.0,176.0
Kelvin Benjamin,CAR,2017.0,11.0,74.0,985.0,7.0,0.0,0.0,0.0,175.5
Keenan Allen,LAC,2017.0,9.0,83.0,976.0,6.0,0.0,0.0,0.0,175.1
Jamison Crowder,WAS,2017.0,5.0,81.0,993.0,5.0,0.0,0.0,0.0,167.8
Emmanuel Sanders,DEN,2017.0,5.0,73.0,966.0,6.0,0.0,0.0,0.0,167.1
Alshon Jeffery,PHI,2017.0,10.0,71.0,979.0,5.0,0.0,0.0,0.0,163.4
Jarvis Landry,MIA,2017.0,1.0,79.0,921.0,5.0,6.0,36.0,0.0,163.2
Sammy Watkins,LAR,2017.0,8.0,60.0,932.0,6.0,0.0,0.0,0.0,157.2
Davante Adams,GB,2017.0,8.0,65.0,884.0,6.0,0.0,0.0,0.0,154.9
Tyrell Williams,LAC,2017.0,9.0,61.0,886.0,6.0,0.0,0.0,0.0,153.1
Mike Wallace,BAL,2017.0,10.0,63.0,875.0,5.0,5.0,36.0,0.0,152.6
Randall Cobb,GB,2017.0,8.0,75.0,785.0,6.0,3.0,25.0,0.0,152.5
Adam Thielen,MIN,2017.0,9.0,64.0,837.0,6.0,0.0,0.0,0.0,151.7
Kenny Britt,CLE,2017.0,9.0,62.0,856.0,6.0,0.0,0.0,0.0,150.6
DeVante Parker,MIA,2017.0,1.0,60.0,864.0,6.0,0.0,0.0,0.0,150.4
Rishard Matthews,TEN,2017.0,8.0,61.0,836.0,6.0,0.0,0.0,0.0,150.1
Terrelle Pryor,WAS,2017.0,5.0,66.0,875.0,5.0,0.0,0.0,0.0,148.5
Martavis Bryant,PIT,2017.0,9.0,54.0,844.0,6.0,0.0,0.0,0.0,147.4
Willie Snead,NO,2017.0,5.0,60.0,806.0,5.0,0.0,0.0,0.0,140.6
Brandon Marshall,NYG,2017.0,8.0,59.0,755.0,6.0,0.0,0.0,0.0,139.0
DeSean Jackson,TB,2017.0,1.0,54.0,825.0,5.0,0.0,0.0,0.0,137.5
Jeremy Maclin,BAL,2017.0,10.0,62.0,784.0,5.0,0.0,0.0,0.0,137.4
Jordan Matthews,BUF,2017.0,6.0,63.0,777.0,5.0,0.0,0.0,0.0,137.2
Chris Hogan,NE,2017.0,9.0,56.0,775.0,5.0,0.0,0.0,0.0,135.5
Cole Beasley,DAL,2017.0,6.0,71.0,776.0,4.0,0.0,0.0,0.0,135.1
Kenny Stills,MIA,2017.0,1.0,51.0,780.0,5.0,0.0,0.0,0.0,133.5
Robby Anderson,NYJ,2017.0,11.0,56.0,746.0,5.0,0.0,0.0,0.0,130.6
Marvin Jones,DET,2017.0,7.0,53.0,735.0,5.0,0.0,0.0,0.0,130.0
Kevin White,CHI,2017.0,9.0,55.0,735.0,5.0,0.0,0.0,0.0,129.0
Eric Decker,TEN,2017.0,8.0,55.0,714.0,5.0,0.0,0.0,0.0,128.9
Donte Moncrief,IND,2017.0,11.0,60.0,705.0,5.0,0.0,0.0,0.0,128.5
John Brown,ARI,2017.0,8.0,50.0,682.0,5.0,0.0,0.0,0.0,123.2
Ted Ginn Jr.,NO,2017.0,5.0,44.0,675.0,5.0,0.0,0.0,0.0,117.5
Corey Coleman,CLE,2017.0,9.0,53.0,675.0,4.0,0.0,0.0,0.0,116.0
Allen Hurns,JAC,2017.0,8.0,51.0,675.0,4.0,0.0,0.0,0.0,115.0
Tyler Lockett,SEA,2017.0,6.0,46.0,633.0,4.0,6.0,43.0,0.0,112.6
Mohamed Sanu,ATL,2017.0,5.0,50.0,585.0,4.0,0.0,0.0,0.0,107.5
Sterling Shepard,NYG,2017.0,8.0,46.0,582.0,4.0,0.0,0.0,0.0,105.2
Zay Jones,BUF,2017.0,6.0,46.0,589.0,4.0,0.0,0.0,0.0,103.9
Corey Davis,TEN,2017.0,8.0,44.0,588.0,4.0,0.0,0.0,0.0,102.8
Chris Conley,KC,2017.0,10.0,44.0,545.0,4.0,0.0,0.0,0.0,100.5
Marquise Goodwin,SF,2017.0,11.0,38.0,535.0,4.0,0.0,0.0,0.0,96.5
J.J. Nelson,ARI,2017.0,8.0,31.0,494.0,5.0,0.0,0.0,0.0,94.9
Devin Funchess,CAR,2017.0,11.0,37.0,506.0,4.0,0.0,0.0,0.0,93.1
Taylor Gabriel,ATL,2017.0,5.0,35.0,489.0,4.0,4.0,26.0,0.0,93.0
Robert Woods,LAR,2017.0,8.0,36.0,482.0,4.0,0.0,0.0,0.0,90.2
Tavon Austin,LAR,2017.0,8.0,41.0,376.0,2.0,19.0,137.0,1.0,89.8
Torrey Smith,PHI,2017.0,10.0,38.0,525.0,3.0,0.0,0.0,0.0,89.5
Breshad Perriman,BAL,2017.0,10.0,37.0,545.0,3.0,0.0,0.0,0.0,89.0
Cooper Kupp,LAR,2017.0,8.0,47.0,526.0,2.0,0.0,0.0,0.0,88.1
Kendall Wright,CHI,2017.0,9.0,40.0,516.0,3.0,0.0,0.0,0.0,87.6
Eli Rogers,PIT,2017.0,9.0,38.0,482.0,3.0,0.0,0.0,0.0,83.2
Danny Amendola,NE,2017.0,9.0,40.0,445.0,3.0,0.0,0.0,0.0,82.5
Brandon LaFell,CIN,2017.0,6.0,38.0,514.0,2.0,0.0,0.0,0.0,82.4
Kenny Golladay,DET,2017.0,7.0,32.0,417.0,4.0,0.0,0.0,0.0,81.7
Marqise Lee,JAC,2017.0,8.0,39.0,474.0,2.0,0.0,0.0,0.0,78.9
ArDarius Stewart,NYJ,2017.0,11.0,32.0,422.0,3.0,0.0,0.0,0.0,76.2
Seth Roberts,OAK,2017.0,10.0,33.0,414.0,3.0,0.0,0.0,0.0,75.9
Travis Benjamin,LAC,2017.0,9.0,34.0,463.0,2.0,0.0,0.0,0.0,75.3
Chester Rogers,IND,2017.0,11.0,32.0,406.0,3.0,0.0,0.0,0.0,74.6
Nelson Agholor,PHI,2017.0,10.0,35.0,445.0,2.0,0.0,0.0,0.0,74.0
Paul Richardson,SEA,2017.0,6.0,28.0,376.0,3.0,0.0,0.0,0.0,69.6
Braxton Miller,HOU,2017.0,7.0,33.0,375.0,2.0,0.0,0.0,0.0,66.0
Tyler Boyd,CIN,2017.0,6.0,25.0,411.0,2.0,0.0,0.0,0.0,65.6
Jaelen Strong,HOU,2017.0,7.0,29.0,389.0,2.0,0.0,0.0,0.0,65.4
Terrance Williams,DAL,2017.0,6.0,29.0,382.0,2.0,0.0,0.0,0.0,64.7
John Ross,CIN,2017.0,6.0,22.0,341.0,3.0,0.0,0.0,0.0,63.1
Jermaine Kearse,NYJ,2017.0,11.0,27.0,356.0,2.0,0.0,0.0,0.0,61.1
Aldrick Robinson,SF,2017.0,11.0,23.0,313.0,3.0,0.0,0.0,0.0,60.8
Chris Godwin,TB,2017.0,1.0,28.0,345.0,2.0,0.0,0.0,0.0,60.5
Deonte Thompson,CHI,2017.0,9.0,28.0,363.0,2.0,0.0,0.0,0.0,60.3
Josh Doctson,WAS,2017.0,5.0,26.0,344.0,2.0,0.0,0.0,0.0,59.4
Will Fuller,HOU,2017.0,7.0,25.0,345.0,2.0,0.0,0.0,0.0,57.0
Laquon Treadwell,MIN,2017.0,9.0,25.0,321.0,2.0,0.0,0.0,0.0,56.6
Kamar Aiken,IND,2017.0,11.0,22.0,296.0,2.0,0.0,0.0,0.0,52.6
Brandon Coleman,NO,2017.0,5.0,23.0,289.0,2.0,0.0,0.0,0.0,52.4
Brice Butler,DAL,2017.0,6.0,22.0,289.0,2.0,0.0,0.0,0.0,51.9
Curtis Samuel,CAR,2017.0,11.0,19.0,200.0,2.0,16.0,86.0,0.0,48.1
Cody Latimer,DEN,2017.0,5.0,27.0,265.0,1.0,0.0,0.0,0.0,46.0
Bennie Fowler,DEN,2017.0,5.0,22.0,288.0,1.0,0.0,0.0,0.0,45.8
Geronimo Allison,GB,2017.0,8.0,18.0,245.0,2.0,0.0,0.0,0.0,45.5
Demarcus Robinson,KC,2017.0,10.0,20.0,285.0,1.0,0.0,0.0,0.0,44.5
Andre Holmes,BUF,2017.0,6.0,19.0,284.0,1.0,0.0,0.0,0.0,43.9
Taywan Taylor,TEN,2017.0,8.0,17.0,233.0,2.0,0.0,0.0,0.0,43.8
Adam Humphries,TB,2017.0,1.0,19.0,215.0,2.0,0.0,0.0,0.0,43.0
Charone Peake,NYJ,2017.0,11.0,22.0,245.0,1.0,0.0,0.0,0.0,41.5
Sammie Coates,CLE,2017.0,9.0,19.0,255.0,1.0,0.0,0.0,0.0,41.0
JuJu Smith-Schuster,PIT,2017.0,9.0,19.0,244.0,1.0,0.0,0.0,0.0,39.9
Albert Wilson,KC,2017.0,10.0,22.0,285.0,0.0,0.0,0.0,0.0,39.5
Kenny Bell,BAL,2017.0,10.0,18.0,242.0,1.0,0.0,0.0,0.0,39.2
Jordan Taylor,DEN,2017.0,5.0,17.0,245.0,1.0,0.0,0.0,0.0,39.0
Markus Wheaton,CHI,2017.0,9.0,17.0,215.0,1.0,0.0,0.0,0.0,36.0
Dontrelle Inman,LAC,2017.0,9.0,15.0,205.0,1.0,0.0,0.0,0.0,34.0
Jaron Brown,ARI,2017.0,8.0,14.0,195.0,1.0,0.0,0.0,0.0,32.5
Jarius Wright,MIN,2017.0,9.0,15.0,246.0,0.0,0.0,0.0,0.0,32.1
Michael Campanaro,BAL,2017.0,10.0,15.0,185.0,1.0,0.0,0.0,0.0,32.0
Russell Shepard,CAR,2017.0,11.0,14.0,182.0,1.0,0.0,0.0,0.0,31.2
Mike Williams,LAC,2017.0,9.0,13.0,185.0,1.0,0.0,0.0,0.0,31.0
Andre Roberts,ATL,2017.0,5.0,12.0,166.0,1.0,0.0,0.0,0.0,28.6
Trent Taylor,SF,2017.0,11.0,12.0,156.0,1.0,0.0,0.0,0.0,27.6
Dede Westbrook,JAC,2017.0,8.0,11.0,156.0,1.0,0.0,0.0,0.0,27.1
Brian Quick,WAS,2017.0,5.0,15.0,187.0,0.0,0.0,0.0,0.0,26.2
Michael Floyd,MIN,2017.0,9.0,11.0,145.0,1.0,0.0,0.0,0.0,26.0
T.J. Jones,DET,2017.0,7.0,11.0,133.0,1.0,0.0,0.0,0.0,24.8
Malcolm Mitchell,NE,2017.0,9.0,14.0,177.0,0.0,0.0,0.0,0.0,24.7
Darrius Heyward-Bey,PIT,2017.0,9.0,12.0,185.0,0.0,0.0,0.0,0.0,24.5
Leonte Carroo,MIA,2017.0,1.0,14.0,172.0,0.0,0.0,0.0,0.0,24.2
Phillip Dorsett,NE,2017.0,9.0,9.0,130.0,1.0,0.0,0.0,0.0,23.5
Justin Hardy,ATL,2017.0,5.0,10.0,121.0,1.0,0.0,0.0,0.0,23.1
Corey Fuller,NO,2017.0,5.0,9.0,118.0,1.0,0.0,0.0,0.0,22.3
Chad Williams,ARI,2017.0,8.0,9.0,114.0,1.0,0.0,0.0,0.0,21.9
Cordarrelle Patterson,OAK,2017.0,10.0,8.0,111.0,1.0,0.0,0.0,0.0,21.1
Pharoh Cooper,LAR,2017.0,8.0,11.0,135.0,0.0,0.0,0.0,0.0,19.0
Jalin Marshall,NYJ,2017.0,11.0,11.0,135.0,0.0,0.0,0.0,0.0,19.0
Ricardo Louis,CLE,2017.0,9.0,8.0,95.0,0.0,0.0,0.0,0.0,13.5
Carlos Henderson,DEN,2017.0,5.0,7.0,89.0,0.0,0.0,0.0,0.0,12.4
Jeff Janis,GB,2017.0,8.0,6.0,85.0,0.0,0.0,0.0,0.0,11.5
Dwayne Harris,NYG,2017.0,8.0,6.0,82.0,0.0,0.0,0.0,0.0,11.2
Justin Hunter,PIT,2017.0,9.0,7.0,77.0,0.0,0.0,0.0,0.0,11.2
Jehu Chesson,KC,2017.0,10.0,6.0,77.0,0.0,0.0,0.0,0.0,10.7
Ryan Switzer,DAL,2017.0,6.0,7.0,67.0,0.0,0.0,0.0,0.0,10.2
Josh Reynolds,LAR,2017.0,8.0,4.0,54.0,0.0,0.0,0.0,0.0,7.4
Josh Bellamy,CHI,2017.0,9.0,3.0,45.0,0.0,0.0,0.0,0.0,6.0
Amara Darboh,SEA,2017.0,6.0,2.0,26.0,0.0,0.0,0.0,0.0,3.6
Josh Gordon,CLE,2017.0,9.0,1.0,10.0,0.0,0.0,0.0,0.0,1.5
Antonio Brown,PIT,2018.0,7.0,101.0,1366.0,10.0,0.0,0.0,0.0,247.1
DeAndre Hopkins,HOU,2018.0,10.0,92.0,1266.0,11.0,0.0,0.0,0.0,238.6
Julio Jones,ATL,2018.0,8.0,96.0,1517.0,6.0,0.0,0.0,0.0,233.7
Odell Beckham Jr.,NYG,2018.0,9.0,92.0,1275.0,9.0,2.0,16.0,0.0,229.1
Michael Thomas,NO,2018.0,6.0,97.0,1188.0,7.0,0.0,0.0,0.0,209.3
Davante Adams,GB,2018.0,7.0,85.0,1126.0,9.0,0.0,0.0,0.0,207.1
Keenan Allen,LAC,2018.0,8.0,90.0,1206.0,6.0,0.0,0.0,0.0,201.6
A.J. Green,CIN,2018.0,9.0,77.0,1096.0,8.0,0.0,0.0,0.0,194.1
Tyreek Hill,KC,2018.0,12.0,74.0,1015.0,7.0,11.0,85.0,1.0,193.0
Mike Evans,TB,2018.0,5.0,78.0,1082.0,7.0,0.0,0.0,0.0,187.2
Doug Baldwin,SEA,2018.0,7.0,80.0,1046.0,7.0,0.0,0.0,0.0,186.6
Amari Cooper,OAK,2018.0,7.0,76.0,1066.0,7.0,0.0,0.0,0.0,186.6
Golden Tate,DET,2018.0,6.0,92.0,1045.0,5.0,4.0,19.0,0.0,182.4
Stefon Diggs,MIN,2018.0,10.0,80.0,1040.0,6.0,5.0,16.0,0.0,181.6
Larry Fitzgerald,ARI,2018.0,9.0,92.0,989.0,6.0,0.0,0.0,0.0,178.9
Demaryius Thomas,DEN,2018.0,10.0,81.0,1007.0,6.0,0.0,0.0,0.0,177.2
Allen Robinson,CHI,2018.0,5.0,72.0,968.0,7.0,0.0,0.0,0.0,174.8
T.Y. Hilton,IND,2018.0,9.0,70.0,1085.0,5.0,0.0,0.0,0.0,171.5
JuJu Smith-Schuster,PIT,2018.0,7.0,68.0,945.0,7.0,0.0,0.0,0.0,170.5
Michael Crabtree,BAL,2018.0,10.0,74.0,878.0,6.0,0.0,0.0,0.0,160.8
Chris Hogan,NE,2018.0,11.0,67.0,905.0,6.0,0.0,0.0,0.0,158.0
Marquise Goodwin,SF,2018.0,11.0,59.0,885.0,6.0,5.0,36.0,0.0,157.6
Adam Thielen,MIN,2018.0,10.0,69.0,945.0,5.0,0.0,0.0,0.0,157.0
Robby Anderson,NYJ,2018.0,11.0,62.0,860.0,6.0,3.0,23.0,0.0,155.3
Devin Funchess,CAR,2018.0,4.0,63.0,865.0,6.0,0.0,0.0,0.0,154.0
Brandin Cooks,LAR,2018.0,12.0,54.0,813.0,5.0,12.0,65.0,1.0,148.8
Marvin Jones,DET,2018.0,6.0,54.0,855.0,6.0,0.0,0.0,0.0,148.5
Jarvis Landry,CLE,2018.0,11.0,68.0,845.0,5.0,0.0,0.0,0.0,148.5
Emmanuel Sanders,DEN,2018.0,10.0,63.0,845.0,5.0,0.0,0.0,0.0,146.0
Randall Cobb,GB,2018.0,7.0,69.0,716.0,6.0,5.0,36.0,0.0,145.7
Kenny Stills,MIA,2018.0,11.0,60.0,845.0,5.0,0.0,0.0,0.0,142.5
Pierre Garcon,SF,2018.0,11.0,63.0,797.0,5.0,0.0,0.0,0.0,141.2
Cooper Kupp,LAR,2018.0,12.0,62.0,802.0,5.0,0.0,0.0,0.0,141.2
Jamison Crowder,WAS,2018.0,4.0,71.0,813.0,4.0,0.0,0.0,0.0,140.8
Corey Davis,TEN,2018.0,8.0,62.0,771.0,5.0,0.0,0.0,0.0,138.1
Keelan Cole,JAC,2018.0,9.0,50.0,802.0,5.0,0.0,0.0,0.0,135.2
Nelson Agholor,PHI,2018.0,9.0,65.0,725.0,5.0,0.0,0.0,0.0,135.0
Josh Gordon,CLE,2018.0,11.0,52.0,805.0,5.0,0.0,0.0,0.0,134.5
Sammy Watkins,KC,2018.0,12.0,54.0,764.0,5.0,0.0,0.0,0.0,133.4
Robert Woods,LAR,2018.0,12.0,56.0,755.0,5.0,2.0,15.0,0.0,133.0
Danny Amendola,MIA,2018.0,11.0,73.0,759.0,3.0,0.0,0.0,0.0,130.4
Dede Westbrook,JAC,2018.0,9.0,58.0,765.0,4.0,0.0,0.0,0.0,129.5
Alshon Jeffery,PHI,2018.0,9.0,55.0,731.0,5.0,0.0,0.0,0.0,128.6
Jordy Nelson,OAK,2018.0,7.0,56.0,690.0,5.0,0.0,0.0,0.0,127.0
Julian Edelman,NE,2018.0,11.0,59.0,692.0,4.0,5.0,36.0,0.0,124.3
Mohamed Sanu,ATL,2018.0,8.0,63.0,677.0,4.0,0.0,0.0,0.0,123.2
Tyrell Williams,LAC,2018.0,8.0,45.0,705.0,5.0,0.0,0.0,0.0,123.0
Tyler Lockett,SEA,2018.0,7.0,46.0,632.0,4.0,9.0,65.0,1.0,122.7
Allen Hurns,DAL,2018.0,8.0,56.0,688.0,4.0,0.0,0.0,0.0,118.8
DeSean Jackson,TB,2018.0,5.0,42.0,645.0,5.0,4.0,27.0,0.0,118.2
DeVante Parker,MIA,2018.0,11.0,52.0,677.0,4.0,0.0,0.0,0.0,115.7
Kelvin Benjamin,BUF,2018.0,11.0,49.0,655.0,4.0,0.0,0.0,0.0,114.0
Josh Doctson,WAS,2018.0,4.0,44.0,615.0,5.0,0.0,0.0,0.0,113.5
Will Fuller,HOU,2018.0,10.0,43.0,636.0,5.0,0.0,0.0,0.0,113.1
Ted Ginn Jr.,NO,2018.0,6.0,46.0,660.0,4.0,0.0,0.0,0.0,113.0
Sterling Shepard,NYG,2018.0,9.0,49.0,618.0,4.0,0.0,0.0,0.0,110.3
John Ross,CIN,2018.0,9.0,41.0,553.0,5.0,0.0,0.0,0.0,105.8
Mike Williams,LAC,2018.0,8.0,39.0,533.0,5.0,0.0,0.0,0.0,102.8
Kenny Golladay,DET,2018.0,6.0,36.0,562.0,5.0,0.0,0.0,0.0,102.2
Cameron Meredith,NO,2018.0,6.0,38.0,515.0,4.0,0.0,0.0,0.0,94.5
Jermaine Kearse,NYJ,2018.0,11.0,44.0,555.0,3.0,0.0,0.0,0.0,93.5
Geronimo Allison,GB,2018.0,7.0,37.0,485.0,4.0,0.0,0.0,0.0,91.0
Chris Godwin,TB,2018.0,5.0,42.0,577.0,2.0,0.0,0.0,0.0,90.7
John Brown,BAL,2018.0,10.0,36.0,513.0,3.0,0.0,0.0,0.0,87.3
Donte Moncrief,JAC,2018.0,9.0,39.0,495.0,3.0,0.0,0.0,0.0,87.0
Brandon Marshall,SEA,2018.0,7.0,34.0,436.0,4.0,0.0,0.0,0.0,84.6
Terrance Williams,DAL,2018.0,8.0,37.0,475.0,3.0,0.0,0.0,0.0,84.0
Calvin Ridley,ATL,2018.0,8.0,33.0,425.0,4.0,0.0,0.0,0.0,81.0
Courtland Sutton,DEN,2018.0,10.0,34.0,456.0,3.0,0.0,0.0,0.0,80.6
Quincy Enunwa,NYJ,2018.0,11.0,33.0,456.0,3.0,0.0,0.0,0.0,80.1
Rishard Matthews,TEN,2018.0,8.0,33.0,455.0,3.0,0.0,0.0,0.0,80.0
Anthony Miller,CHI,2018.0,5.0,34.0,441.0,3.0,0.0,0.0,0.0,79.1
Zay Jones,BUF,2018.0,11.0,35.0,435.0,3.0,0.0,0.0,0.0,79.0
Mike Wallace,PHI,2018.0,9.0,31.0,445.0,3.0,0.0,0.0,0.0,78.0
Michael Gallup,DAL,2018.0,8.0,33.0,434.0,3.0,0.0,0.0,0.0,77.9
Ryan Grant,IND,2018.0,9.0,33.0,433.0,3.0,0.0,0.0,0.0,77.8
Travis Benjamin,LAC,2018.0,8.0,28.0,446.0,3.0,0.0,0.0,0.0,76.6
James Washington,PIT,2018.0,7.0,32.0,422.0,3.0,0.0,0.0,0.0,76.2
Seth Roberts,OAK,2018.0,7.0,39.0,429.0,2.0,0.0,0.0,0.0,74.4
Trent Taylor,SF,2018.0,11.0,39.0,419.0,2.0,0.0,0.0,0.0,73.4
Willie Snead,BAL,2018.0,10.0,35.0,435.0,2.0,0.0,0.0,0.0,73.0
Cole Beasley,DAL,2018.0,8.0,43.0,389.0,2.0,0.0,0.0,0.0,72.4
Christian Kirk,ARI,2018.0,9.0,32.0,435.0,2.0,0.0,0.0,0.0,71.5
Laquon Treadwell,MIN,2018.0,10.0,34.0,415.0,2.0,0.0,0.0,0.0,70.5
J.J. Nelson,ARI,2018.0,9.0,31.0,437.0,2.0,0.0,0.0,0.0,69.2
Torrey Smith,CAR,2018.0,4.0,25.0,373.0,3.0,0.0,0.0,0.0,67.8
Paul Richardson,WAS,2018.0,4.0,30.0,405.0,2.0,0.0,0.0,0.0,67.5
Taywan Taylor,TEN,2018.0,8.0,27.0,419.0,2.0,0.0,0.0,0.0,67.4
Chad Williams,ARI,2018.0,9.0,32.0,385.0,2.0,0.0,0.0,0.0,66.5
Jeremy Kerley,BUF,2018.0,11.0,31.0,388.0,2.0,0.0,0.0,0.0,66.3
Chester Rogers,IND,2018.0,9.0,31.0,385.0,2.0,0.0,0.0,0.0,66.0
Adam Humphries,TB,2018.0,5.0,33.0,355.0,2.0,0.0,0.0,0.0,64.0
Albert Wilson,MIA,2018.0,11.0,31.0,356.0,2.0,0.0,0.0,0.0,63.1
Bruce Ellington,HOU,2018.0,10.0,27.0,356.0,2.0,0.0,0.0,0.0,61.1
Taylor Gabriel,CHI,2018.0,5.0,27.0,346.0,2.0,0.0,0.0,0.0,60.1
Tavon Austin,DAL,2018.0,8.0,26.0,221.0,0.0,31.0,178.0,1.0,56.9
D.J. Moore,CAR,2018.0,4.0,26.0,325.0,2.0,0.0,0.0,0.0,55.5
Jaron Brown,SEA,2018.0,7.0,24.0,304.0,2.0,0.0,0.0,0.0,54.4
Terrelle Pryor,NYJ,2018.0,11.0,23.0,306.0,2.0,0.0,0.0,0.0,54.1
Cody Latimer,NYG,2018.0,9.0,24.0,289.0,2.0,0.0,0.0,0.0,52.9
Tre'Quan Smith,NO,2018.0,6.0,22.0,299.0,2.0,0.0,0.0,0.0,52.9
Tyler Boyd,CIN,2018.0,9.0,24.0,285.0,2.0,0.0,0.0,0.0,52.5
Antonio Callaway,CLE,2018.0,11.0,23.0,285.0,2.0,0.0,0.0,0.0,52.0
Phillip Dorsett,NE,2018.0,11.0,20.0,285.0,2.0,0.0,0.0,0.0,50.5
T.J. Jones,DET,2018.0,6.0,19.0,256.0,2.0,0.0,0.0,0.0,47.1
Cordarrelle Patterson,NE,2018.0,11.0,14.0,185.0,1.0,10.0,75.0,1.0,45.0
Dante Pettis,SF,2018.0,11.0,21.0,285.0,1.0,0.0,0.0,0.0,45.0
Demarcus Robinson,KC,2018.0,12.0,18.0,225.0,1.0,0.0,0.0,0.0,37.5
D.J. Chark,JAC,2018.0,9.0,15.0,204.0,1.0,0.0,0.0,0.0,33.9
Josh Bellamy,CHI,2018.0,5.0,16.0,187.0,1.0,0.0,0.0,0.0,32.7
Chris Moore,BAL,2018.0,10.0,16.0,182.0,1.0,0.0,0.0,0.0,32.2
Andre Holmes,BUF,2018.0,11.0,20.0,215.0,0.0,0.0,0.0,0.0,31.5
Tajae Sharpe,TEN,2018.0,8.0,14.0,182.0,1.0,0.0,0.0,0.0,31.2
Keke Coutee,HOU,2018.0,10.0,14.0,182.0,1.0,0.0,0.0,0.0,31.2
Mack Hollins,PHI,2018.0,9.0,12.0,189.0,1.0,0.0,0.0,0.0,30.9
Jakeem Grant,MIA,2018.0,11.0,11.0,185.0,1.0,0.0,0.0,0.0,30.0
DaeSean Hamilton,DEN,2018.0,10.0,11.0,167.0,1.0,0.0,0.0,0.0,28.2
Rashard Higgins,CLE,2018.0,11.0,12.0,155.0,1.0,0.0,0.0,0.0,27.5
Justin Hardy,ATL,2018.0,8.0,14.0,185.0,0.0,0.0,0.0,0.0,25.5
J'Mon Moore,GB,2018.0,7.0,10.0,136.0,1.0,0.0,0.0,0.0,24.6
Josh Reynolds,LAR,2018.0,12.0,9.0,113.0,1.0,0.0,0.0,0.0,21.8
Jarius Wright,CAR,2018.0,4.0,7.0,100.0,1.0,0.0,0.0,0.0,19.5
Damiere Byrd,CAR,2018.0,4.0,9.0,121.0,0.0,0.0,0.0,0.0,16.6
Darrius Heyward-Bey,PIT,2018.0,7.0,9.0,119.0,0.0,0.0,0.0,0.0,16.4
Alex Erickson,CIN,2018.0,9.0,9.0,114.0,0.0,0.0,0.0,0.0,15.9
Kevin White,CHI,2018.0,5.0,9.0,114.0,0.0,0.0,0.0,0.0,15.9
Chris Conley,KC,2018.0,12.0,8.0,103.0,0.0,0.0,0.0,0.0,14.3
ArDarius Stewart,NYJ,2018.0,11.0,7.0,88.0,0.0,0.0,0.0,0.0,12.3
Equanimeous St. Brown,GB,2018.0,7.0,6.0,76.0,0.0,0.0,0.0,0.0,10.6
Curtis Samuel,CAR,2018.0,4.0,6.0,76.0,0.0,0.0,0.0,0.0,10.6
Johnny Holton,OAK,2018.0,7.0,5.0,80.0,0.0,0.0,0.0,0.0,10.5
De'Anthony Thomas,KC,2018.0,12.0,8.0,65.0,0.0,0.0,0.0,0.0,10.5
Pharoh Cooper,LAR,2018.0,12.0,6.0,56.0,0.0,0.0,0.0,0.0,8.6
Justin Watson,TB,2018.0,5.0,3.0,39.0,0.0,0.0,0.0,0.0,5.4
Trey Quinn,WAS,2018.0,4.0,2.0,29.0,0.0,0.0,0.0,0.0,3.9
DeAndre Hopkins,HOU,2019.0,10.0,108.0,1486.0,12.0,0.0,0.0,0.0,270.6
Julio Jones,ATL,2019.0,9.0,111.0,1582.0,9.0,1.0,8.0,0.0,264.5
Davante Adams,GB,2019.0,11.0,109.0,1401.0,11.0,0.0,0.0,0.0,260.6
JuJu Smith-Schuster,PIT,2019.0,7.0,101.0,1389.0,10.0,0.0,0.0,0.0,247.4
Michael Thomas,NO,2019.0,9.0,120.0,1388.0,8.0,0.0,0.0,0.0,244.8
Tyreek Hill,KC,2019.0,12.0,80.0,1215.0,10.0,14.0,107.0,1.0,236.2
Mike Evans,TB,2019.0,7.0,86.0,1360.0,7.0,0.0,0.0,0.0,219.0
Odell Beckham Jr.,CLE,2019.0,7.0,88.0,1222.0,9.0,0.0,0.0,0.0,216.2
Keenan Allen,LAC,2019.0,12.0,95.0,1213.0,6.0,3.0,22.0,0.0,207.0
Antonio Brown,OAK,2019.0,6.0,87.0,1145.0,8.0,0.0,0.0,0.0,204.0
Adam Thielen,MIN,2019.0,12.0,87.0,1176.0,7.0,3.0,23.0,0.0,203.4
Amari Cooper,DAL,2019.0,8.0,81.0,1089.0,7.0,0.0,0.0,0.0,189.4
Kenny Golladay,DET,2019.0,5.0,74.0,1098.0,7.0,0.0,0.0,0.0,186.8
Robert Woods,LAR,2019.0,9.0,77.0,1060.0,5.0,10.0,72.0,1.0,185.7
Stefon Diggs,MIN,2019.0,12.0,89.0,977.0,7.0,4.0,29.0,0.0,185.1
Tyler Lockett,SEA,2019.0,11.0,71.0,1025.0,7.0,9.0,64.0,0.0,184.4
Julian Edelman,NE,2019.0,10.0,90.0,1065.0,5.0,6.0,48.0,0.0,184.3
T.Y. Hilton,IND,2019.0,6.0,70.0,1085.0,5.0,0.0,0.0,0.0,171.5
Brandin Cooks,LAR,2019.0,9.0,63.0,985.0,6.0,7.0,51.0,0.0,171.1
Tyler Boyd,CIN,2019.0,9.0,73.0,955.0,6.0,0.0,0.0,0.0,166.0
Chris Godwin,TB,2019.0,7.0,71.0,925.0,6.0,0.0,0.0,0.0,164.0
D.J. Moore,CAR,2019.0,7.0,67.0,899.0,5.0,11.0,95.0,0.0,162.9
Alshon Jeffery,PHI,2019.0,10.0,65.0,877.0,7.0,0.0,0.0,0.0,162.2
Robby Anderson,NYJ,2019.0,4.0,62.0,901.0,6.0,5.0,21.0,0.0,159.2
Cooper Kupp,LAR,2019.0,9.0,63.0,875.0,6.0,3.0,25.0,0.0,157.5
Allen Robinson,CHI,2019.0,6.0,63.0,846.0,6.0,0.0,0.0,0.0,152.1
A.J. Green,CIN,2019.0,9.0,60.0,876.0,6.0,0.0,0.0,0.0,151.6
Mike Williams,LAC,2019.0,12.0,52.0,782.0,8.0,0.0,0.0,0.0,150.2
Sammy Watkins,KC,2019.0,12.0,61.0,853.0,6.0,0.0,0.0,0.0,149.8
Corey Davis,TEN,2019.0,11.0,66.0,879.0,4.0,5.0,38.0,0.0,148.7
Christian Kirk,ARI,2019.0,12.0,61.0,835.0,5.0,0.0,0.0,0.0,144.0
Dante Pettis,SF,2019.0,4.0,64.0,817.0,5.0,0.0,0.0,0.0,143.7
Calvin Ridley,ATL,2019.0,9.0,58.0,757.0,6.0,4.0,26.0,0.0,143.3
Jarvis Landry,CLE,2019.0,7.0,62.0,785.0,5.0,5.0,34.0,0.0,140.9
Curtis Samuel,CAR,2019.0,7.0,60.0,765.0,5.0,6.0,47.0,0.0,139.2
Dede Westbrook,JAC,2019.0,10.0,63.0,737.0,5.0,0.0,0.0,0.0,135.2
John Brown,BUF,2019.0,6.0,55.0,776.0,5.0,0.0,0.0,0.0,135.1
Larry Fitzgerald,ARI,2019.0,12.0,69.0,755.0,4.0,0.0,0.0,0.0,132.0
Sterling Shepard,NYG,2019.0,11.0,56.0,737.0,5.0,0.0,0.0,0.0,131.7
Marvin Jones,DET,2019.0,5.0,51.0,744.0,5.0,0.0,0.0,0.0,129.9
Emmanuel Sanders,DEN,2019.0,10.0,58.0,725.0,5.0,0.0,0.0,0.0,129.5
Golden Tate,NYG,2019.0,11.0,59.0,746.0,4.0,0.0,0.0,0.0,128.1
Marquez Valdes-Scantling,GB,2019.0,11.0,51.0,725.0,5.0,0.0,0.0,0.0,128.0
Courtland Sutton,DEN,2019.0,10.0,52.0,735.0,5.0,0.0,0.0,0.0,127.5
Will Fuller,HOU,2019.0,10.0,46.0,719.0,5.0,0.0,0.0,0.0,124.9
DeVante Parker,MIA,2019.0,5.0,55.0,725.0,4.0,0.0,0.0,0.0,124.0
Josh Gordon,NE,2019.0,10.0,44.0,690.0,5.0,0.0,0.0,0.0,121.0
Geronimo Allison,GB,2019.0,11.0,52.0,698.0,4.0,0.0,0.0,0.0,117.8
Jamison Crowder,NYJ,2019.0,4.0,59.0,660.0,4.0,0.0,0.0,0.0,117.5
DaeSean Hamilton,DEN,2019.0,10.0,57.0,635.0,4.0,0.0,0.0,0.0,116.0
Michael Gallup,DAL,2019.0,8.0,45.0,688.0,4.0,0.0,0.0,0.0,115.3
Tyrell Williams,OAK,2019.0,6.0,51.0,645.0,4.0,0.0,0.0,0.0,114.0
Kenny Stills,MIA,2019.0,5.0,47.0,658.0,4.0,0.0,0.0,0.0,113.3
Mohamed Sanu,ATL,2019.0,9.0,54.0,635.0,3.0,0.0,0.0,0.0,108.5
DeSean Jackson,PHI,2019.0,10.0,39.0,615.0,4.0,4.0,28.0,0.0,107.8
Anthony Miller,CHI,2019.0,6.0,46.0,575.0,4.0,0.0,0.0,0.0,104.5
D.K. Metcalf,SEA,2019.0,11.0,43.0,545.0,5.0,0.0,0.0,0.0,104.0
Keke Coutee,HOU,2019.0,10.0,55.0,588.0,3.0,0.0,0.0,0.0,102.3
Donte Moncrief,PIT,2019.0,7.0,43.0,546.0,4.0,0.0,0.0,0.0,100.1
Ted Ginn Jr.,NO,2019.0,9.0,42.0,565.0,3.0,8.0,42.0,0.0,99.7
Trey Quinn,WAS,2019.0,10.0,52.0,541.0,3.0,0.0,0.0,0.0,98.1
Marquise Goodwin,SF,2019.0,4.0,34.0,531.0,4.0,5.0,34.0,0.0,97.5
Willie Snead,BAL,2019.0,8.0,49.0,550.0,3.0,0.0,0.0,0.0,97.5
Marqise Lee,JAC,2019.0,10.0,42.0,545.0,3.0,3.0,25.0,0.0,96.0
James Washington,PIT,2019.0,7.0,39.0,525.0,4.0,0.0,0.0,0.0,96.0
A.J. Brown,TEN,2019.0,11.0,42.0,561.0,3.0,0.0,0.0,0.0,95.1
Devin Funchess,IND,2019.0,6.0,38.0,485.0,4.0,0.0,0.0,0.0,91.5
Danny Amendola,DET,2019.0,5.0,49.0,489.0,3.0,0.0,0.0,0.0,91.4
Adam Humphries,TEN,2019.0,11.0,42.0,520.0,3.0,0.0,0.0,0.0,91.0
Taylor Gabriel,CHI,2019.0,6.0,41.0,472.0,3.0,0.0,0.0,0.0,85.7
Miles Boykin,BAL,2019.0,8.0,36.0,491.0,3.0,0.0,0.0,0.0,85.1
Cole Beasley,BUF,2019.0,6.0,45.0,479.0,2.0,0.0,0.0,0.0,82.4
Nelson Agholor,PHI,2019.0,10.0,36.0,426.0,3.0,3.0,21.0,0.0,80.7
Quincy Enunwa,NYJ,2019.0,4.0,36.0,455.0,3.0,0.0,0.0,0.0,79.5
Josh Doctson,WAS,2019.0,10.0,33.0,445.0,3.0,0.0,0.0,0.0,79.0
Andy Isabella,ARI,2019.0,12.0,34.0,434.0,3.0,0.0,0.0,0.0,78.4
Randall Cobb,DAL,2019.0,8.0,42.0,456.0,2.0,0.0,0.0,0.0,76.6
Travis Benjamin,LAC,2019.0,12.0,23.0,355.0,3.0,8.0,51.0,1.0,76.1
Deebo Samuel,SF,2019.0,4.0,38.0,446.0,2.0,0.0,0.0,0.0,75.6
Albert Wilson,MIA,2019.0,5.0,32.0,413.0,3.0,0.0,0.0,0.0,73.3
Marquise Brown,BAL,2019.0,8.0,34.0,425.0,2.0,0.0,0.0,0.0,71.5
Tre'Quan Smith,NO,2019.0,9.0,27.0,387.0,3.0,0.0,0.0,0.0,70.2
Zay Jones,BUF,2019.0,6.0,33.0,415.0,2.0,0.0,0.0,0.0,70.0
Demarcus Robinson,KC,2019.0,12.0,26.0,376.0,3.0,0.0,0.0,0.0,68.6
Paul Richardson,WAS,2019.0,10.0,30.0,411.0,2.0,0.0,0.0,0.0,68.1
Robert Foster,BUF,2019.0,6.0,24.0,377.0,3.0,0.0,0.0,0.0,67.7
Breshad Perriman,TB,2019.0,7.0,30.0,404.0,2.0,0.0,0.0,0.0,67.4
Terry McLaurin,WAS,2019.0,10.0,32.0,382.0,2.0,0.0,0.0,0.0,66.2
Rashard Higgins,CLE,2019.0,7.0,31.0,385.0,2.0,0.0,0.0,0.0,66.0
Chris Conley,JAC,2019.0,10.0,27.0,389.0,2.0,0.0,0.0,0.0,64.4
David Moore,SEA,2019.0,11.0,30.0,355.0,2.0,0.0,0.0,0.0,62.5
N'Keal Harry,NE,2019.0,10.0,24.0,314.0,3.0,0.0,0.0,0.0,61.4
Chris Hogan,CAR,2019.0,7.0,26.0,362.0,2.0,0.0,0.0,0.0,61.2
Mecole Hardman,KC,2019.0,12.0,18.0,279.0,2.0,7.0,52.0,1.0,60.1
John Ross,CIN,2019.0,9.0,24.0,355.0,2.0,0.0,0.0,0.0,59.5
Jaron Brown,SEA,2019.0,11.0,27.0,336.0,2.0,0.0,0.0,0.0,59.1
Chad Beebe,MIN,2019.0,12.0,27.0,328.0,2.0,0.0,0.0,0.0,58.3
Parris Campbell,IND,2019.0,6.0,27.0,346.0,2.0,0.0,0.0,0.0,58.1
KeeSean Johnson,ARI,2019.0,12.0,24.0,315.0,2.0,0.0,0.0,0.0,55.5
D.J. Chark,JAC,2019.0,10.0,24.0,289.0,2.0,0.0,0.0,0.0,52.9
Keith Kirkwood,NO,2019.0,9.0,22.0,295.0,2.0,0.0,0.0,0.0,52.5
Jakeem Grant,MIA,2019.0,5.0,25.0,319.0,1.0,0.0,0.0,0.0,50.4
Hunter Renfrow,OAK,2019.0,6.0,25.0,285.0,1.0,0.0,0.0,0.0,47.0
Josh Reynolds,LAR,2019.0,9.0,19.0,251.0,2.0,0.0,0.0,0.0,46.6
Phillip Dorsett,NE,2019.0,10.0,19.0,236.0,2.0,0.0,0.0,0.0,45.1
Jakobi Meyers,NE,2019.0,10.0,17.0,245.0,2.0,0.0,0.0,0.0,45.0
Keelan Cole,JAC,2019.0,10.0,21.0,276.0,1.0,0.0,0.0,0.0,44.1
Deon Cain,IND,2019.0,6.0,21.0,275.0,1.0,0.0,0.0,0.0,44.0
Ryan Switzer,PIT,2019.0,7.0,25.0,265.0,1.0,0.0,0.0,0.0,43.0
Marcell Ateman,OAK,2019.0,6.0,15.0,221.0,2.0,0.0,0.0,0.0,41.6
Antonio Callaway,CLE,2019.0,7.0,15.0,212.0,2.0,0.0,0.0,0.0,40.7
Trent Taylor,SF,2019.0,4.0,19.0,246.0,1.0,0.0,0.0,0.0,40.1
Tajae Sharpe,TEN,2019.0,11.0,20.0,240.0,1.0,0.0,0.0,0.0,40.0
Jarius Wright,CAR,2019.0,7.0,22.0,245.0,1.0,0.0,0.0,0.0,39.5
Cody Latimer,NYG,2019.0,11.0,18.0,245.0,1.0,0.0,0.0,0.0,39.5
Cordarrelle Patterson,CHI,2019.0,6.0,12.0,146.0,1.0,9.0,67.0,1.0,39.3
JJ Arcega-Whiteside,PHI,2019.0,10.0,19.0,237.0,1.0,0.0,0.0,0.0,39.2
Taywan Taylor,TEN,2019.0,11.0,19.0,236.0,1.0,0.0,0.0,0.0,39.1
J.J. Nelson,OAK,2019.0,6.0,15.0,196.0,1.0,0.0,0.0,0.0,33.1
Justin Watson,TB,2019.0,7.0,15.0,195.0,1.0,0.0,0.0,0.0,33.0
Alex Erickson,CIN,2019.0,9.0,16.0,186.0,1.0,0.0,0.0,0.0,32.6
Gary Jennings,SEA,2019.0,11.0,15.0,188.0,1.0,0.0,0.0,0.0,32.3
Justin Hardy,ATL,2019.0,9.0,14.0,186.0,1.0,0.0,0.0,0.0,31.6
Tavon Austin,DAL,2019.0,8.0,14.0,191.0,0.0,9.0,59.0,0.0,30.0
Equanimeous St. Brown,GB,2019.0,11.0,14.0,165.0,1.0,0.0,0.0,0.0,29.5
Russell Shepard,NYG,2019.0,11.0,12.0,166.0,1.0,0.0,0.0,0.0,28.6
Geremy Davis,LAC,2019.0,12.0,13.0,159.0,1.0,0.0,0.0,0.0,28.4
Torrey Smith,CAR,2019.0,7.0,14.0,211.0,0.0,0.0,0.0,0.0,28.1
Isaiah McKenzie,BUF,2019.0,6.0,11.0,119.0,1.0,6.0,44.0,0.0,27.8
Jalen Hurd,SF,2019.0,4.0,11.0,155.0,1.0,0.0,0.0,0.0,27.0
Tim Patrick,DEN,2019.0,10.0,15.0,192.0,0.0,0.0,0.0,0.0,26.7
Deontay Burnett,NYJ,2019.0,4.0,12.0,129.0,1.0,0.0,0.0,0.0,24.9
Laquon Treadwell,MIN,2019.0,12.0,16.0,165.0,0.0,0.0,0.0,0.0,24.5
Seth Roberts,BAL,2019.0,8.0,11.0,116.0,1.0,0.0,0.0,0.0,23.1
Hakeem Butler,ARI,2019.0,12.0,10.0,136.0,1.0,0.0,0.0,0.0,22.6
DeAndre Carter,HOU,2019.0,10.0,9.0,102.0,1.0,0.0,0.0,0.0,20.7
Jake Kumerow,GB,2019.0,11.0,8.0,104.0,1.0,0.0,0.0,0.0,20.4
Chris Moore,BAL,2019.0,8.0,11.0,145.0,0.0,0.0,0.0,0.0,20.0
Andy Jones,DET,2019.0,5.0,11.0,131.0,0.0,0.0,0.0,0.0,18.6
Diontae Johnson,PIT,2019.0,7.0,10.0,135.0,0.0,0.0,0.0,0.0,18.5
Preston Williams,MIA,2019.0,5.0,9.0,125.0,0.0,0.0,0.0,0.0,17.0
Chester Rogers,IND,2019.0,6.0,6.0,72.0,1.0,0.0,0.0,0.0,16.2
Demaryius Thomas,NE,2019.0,10.0,6.0,89.0,0.0,0.0,0.0,0.0,11.9
Riley Ridley,CHI,2019.0,6.0,6.0,82.0,0.0,0.0,0.0,0.0,11.2
Josh Malone,CIN,2019.0,9.0,6.0,77.0,0.0,0.0,0.0,0.0,10.7
