Jason Witten,DAL,2010.0,16.0,128.0,94.0,1002.0,9.0,199.2,12.5
Antonio Gates,SD,2010.0,10.0,65.0,50.0,782.0,10.0,163.2,16.3
Vernon Davis,SF,2010.0,16.0,93.0,56.0,914.0,7.0,161.4,10.1
Marcedes Lewis,JAC,2010.0,16.0,88.0,58.0,700.0,10.0,155.0,9.7
Chris Cooley,WAS,2010.0,16.0,126.0,77.0,849.0,3.0,139.4,8.7
Tony Gonzalez,ATL,2010.0,16.0,109.0,70.0,656.0,6.0,136.6,8.5
Kellen Winslow,TB,2010.0,16.0,98.0,66.0,730.0,5.0,136.0,8.5
Rob Gronkowski,NE,2010.0,16.0,59.0,42.0,546.0,10.0,133.6,8.4
Brandon Pettigrew,DET,2010.0,16.0,111.0,71.0,722.0,4.0,131.7,8.2
Zach Miller,OAK,2010.0,15.0,92.0,60.0,685.0,5.0,128.5,8.6
Ben Watson,CLE,2010.0,16.0,102.0,68.0,763.0,3.0,128.2,8.0
Dustin Keller,NYJ,2010.0,16.0,101.0,55.0,687.0,5.0,126.2,7.9
Jacob Tamme,IND,2010.0,16.0,93.0,67.0,631.0,4.0,120.6,7.5
Aaron Hernandez,NE,2010.0,14.0,64.0,45.0,563.0,6.0,119.5,8.5
Todd Heap,BAL,2010.0,13.0,64.0,40.0,599.0,5.0,109.9,8.5
Kevin Boss,NYG,2010.0,15.0,70.0,35.0,531.0,5.0,98.6,6.6
Tony Moeaki,KC,2010.0,15.0,73.0,47.0,556.0,3.0,97.1,6.5
Anthony Fasano,MIA,2010.0,15.0,60.0,39.0,528.0,4.0,96.3,6.4
Brent Celek,PHI,2010.0,16.0,80.0,42.0,511.0,4.0,96.1,6.0
Jermaine Gresham,CIN,2010.0,15.0,83.0,52.0,471.0,4.0,95.1,6.3
Joel Dreessen,HOU,2010.0,16.0,55.0,36.0,517.0,4.0,91.7,5.7
Greg Olsen,CHI,2010.0,16.0,69.0,41.0,404.0,5.0,88.9,5.6
Visanthe Shiancoe,MIN,2010.0,16.0,80.0,47.0,531.0,2.0,88.6,5.5
Heath Miller,PIT,2010.0,14.0,67.0,42.0,512.0,2.0,82.2,5.9
Jimmy Graham,NO,2010.0,15.0,44.0,31.0,356.0,5.0,81.4,5.4
Jeremy Shockey,NO,2010.0,13.0,59.0,41.0,409.0,3.0,79.4,6.1
Owen Daniels,HOU,2010.0,11.0,68.0,38.0,471.0,2.0,78.1,7.1
Bo Scaife,TEN,2010.0,14.0,52.0,36.0,318.0,4.0,71.8,5.1
Daniel Fells,STL,2010.0,16.0,65.0,41.0,391.0,2.0,71.6,4.5
Dallas Clark,IND,2010.0,6.0,53.0,37.0,347.0,3.0,71.2,11.9
Tony Scheffler,DET,2010.0,15.0,72.0,45.0,378.0,1.0,64.3,4.3
Fred Davis,WAS,2010.0,16.0,31.0,21.0,316.0,3.0,60.1,3.8
Jared Cook,TEN,2010.0,16.0,45.0,29.0,361.0,1.0,56.6,3.5
John Carlson,SEA,2010.0,15.0,58.0,31.0,318.0,1.0,53.3,3.6
David Thomas,NO,2010.0,13.0,46.0,30.0,219.0,2.0,48.9,3.8
Delanie Walker,SF,2010.0,14.0,45.0,29.0,331.0,0.0,47.4,3.4
Jermichael Finley,GB,2010.0,5.0,26.0,21.0,301.0,1.0,46.6,9.3
Evan Moore,CLE,2010.0,12.0,26.0,16.0,322.0,1.0,44.2,3.7
Randy McMichael,SD,2010.0,16.0,27.0,20.0,221.0,2.0,44.1,2.8
Martellus Bennett,DAL,2010.0,16.0,48.0,33.0,260.0,0.0,42.5,2.7
Dante Rosario,CAR,2010.0,16.0,58.0,32.0,264.0,0.0,42.2,2.6
Michael Hoomanawanui,STL,2010.0,8.0,22.0,13.0,146.0,3.0,39.1,4.9
Zach Miller,JAC,2010.0,15.0,26.0,20.0,216.0,1.0,38.5,2.6
Andrew Quarless,GB,2010.0,13.0,33.0,21.0,238.0,1.0,38.3,2.9
Jeff King,CAR,2010.0,16.0,32.0,19.0,121.0,2.0,33.6,2.1
Billy Bajema,STL,2010.0,13.0,24.0,14.0,145.0,2.0,33.5,2.6
Travis Beckum,NYG,2010.0,16.0,18.0,13.0,116.0,2.0,30.1,1.9
Craig Stevens,TEN,2010.0,15.0,23.0,11.0,122.0,2.0,29.7,2.0
Donald Lee,GB,2010.0,15.0,12.0,11.0,73.0,3.0,28.8,1.9
John Gilmore,TB,2010.0,16.0,18.0,13.0,160.0,1.0,28.5,1.8
Ed Dickson,BAL,2010.0,15.0,23.0,11.0,152.0,1.0,26.7,1.8
Leonard Pope,KC,2010.0,16.0,19.0,10.0,76.0,2.0,24.6,1.5
Daniel Graham,DEN,2010.0,16.0,37.0,18.0,148.0,0.0,23.8,1.5
Jim Kleinsasser,MIN,2010.0,16.0,21.0,17.0,148.0,0.0,23.3,1.5
Chris Baker,SEA,2010.0,16.0,19.0,9.0,116.0,1.0,22.1,1.4
Justin Peelle,ATL,2010.0,13.0,15.0,10.0,96.0,1.0,20.6,1.6
Alge Crumpler,NE,2010.0,16.0,10.0,6.0,52.0,2.0,20.2,1.3
Ben Patrick,ARI,2010.0,15.0,18.0,15.0,123.0,0.0,19.8,1.3
Matt Spaeth,PIT,2010.0,14.0,18.0,9.0,80.0,1.0,18.5,1.3
Clay Harbor,PHI,2010.0,9.0,15.0,9.0,72.0,1.0,17.7,2.0
Jonathan Stupar,BUF,2010.0,16.0,13.0,12.0,111.0,0.0,17.1,1.1
Cameron Morrah,SEA,2010.0,15.0,18.0,9.0,117.0,0.0,16.2,1.1
Robert Royal,CLE,2010.0,15.0,12.0,5.0,56.0,1.0,14.1,0.9
Brandon Myers,OAK,2010.0,15.0,16.0,12.0,80.0,0.0,14.0,0.9
James Casey,HOU,2010.0,16.0,14.0,8.0,98.0,0.0,13.8,0.9
David Martin,BUF,2010.0,15.0,8.0,7.0,43.0,1.0,13.8,0.9
Brandon Manumaleuna,CHI,2010.0,16.0,7.0,5.0,43.0,1.0,12.8,0.8
Will Heller,DET,2010.0,16.0,5.0,4.0,37.0,1.0,11.7,0.7
Bear Pascoe,NYG,2010.0,15.0,13.0,9.0,72.0,0.0,11.7,0.8
Michael Palmer,ATL,2010.0,14.0,8.0,5.0,29.0,1.0,11.4,0.8
Dan Gronkowski,DEN,2010.0,12.0,13.0,8.0,64.0,0.0,10.4,0.9
Kory Sperry,SD,2010.0,7.0,4.0,4.0,73.0,0.0,9.3,1.3
Reggie Kelly,CIN,2010.0,16.0,13.0,10.0,42.0,0.0,9.2,0.6
Gijon Robinson,IND,2010.0,11.0,7.0,3.0,12.0,1.0,8.7,0.8
Kellen Davis,CHI,2010.0,16.0,2.0,1.0,19.0,1.0,8.4,0.5
Kris Wilson,SD,2010.0,14.0,9.0,6.0,73.0,0.0,8.3,0.6
Tom Crabtree,GB,2010.0,16.0,7.0,4.0,61.0,0.0,8.1,0.5
Logan Paulsen,WAS,2010.0,10.0,2.0,2.0,10.0,1.0,8.0,0.8
Stephen Spach,ARI,2010.0,15.0,17.0,7.0,40.0,0.0,7.5,0.5
David Johnson,PIT,2010.0,16.0,6.0,4.0,46.0,0.0,6.6,0.4
Brody Eldridge,IND,2010.0,14.0,9.0,5.0,39.0,0.0,6.4,0.5
Ryan Purvis,TB,2010.0,10.0,6.0,5.0,38.0,0.0,6.3,0.6
Jim Dray,ARI,2010.0,16.0,9.0,3.0,47.0,0.0,6.2,0.4
Jerramy Stevens,TB,2010.0,5.0,5.0,3.0,43.0,0.0,5.8,1.2
Mickey Shuler,MIA,2010.0,5.0,5.0,2.0,44.0,0.0,5.4,1.1
Nate Byham,SF,2010.0,14.0,7.0,5.0,27.0,0.0,5.2,0.4
Jeff Dugan,MIN,2010.0,16.0,5.0,4.0,30.0,0.0,5.2,0.3
Jake O'Connell,KC,2010.0,15.0,4.0,3.0,31.0,0.0,4.6,0.3
Chase Coffman,CIN,2010.0,6.0,5.0,3.0,30.0,0.0,4.5,0.8
Zach Potter,JAC,2010.0,12.0,8.0,3.0,24.0,0.0,3.9,0.3
Garrett Mills,PHI,2010.0,7.0,3.0,2.0,19.0,0.0,2.9,0.4
Fendi Onobun,STL,2010.0,3.0,4.0,2.0,15.0,0.0,2.5,0.8
Shawn Nelson,BUF,2010.0,5.0,4.0,3.0,25.0,0.0,2.0,0.4
Desmond Clark,CHI,2010.0,5.0,2.0,1.0,12.0,0.0,1.7,0.3
Tory Humphrey,NO,2010.0,6.0,2.0,1.0,12.0,0.0,1.7,0.3
Richard Quinn,DEN,2010.0,14.0,2.0,1.0,9.0,0.0,1.4,0.1
Scott Chandler,DAL,2010.0,14.0,3.0,1.0,8.0,0.0,1.3,0.1
Ben Hartsock,NYJ,2010.0,16.0,3.0,1.0,7.0,0.0,1.2,0.1
Alex Smith,CLE,2010.0,3.0,1.0,1.0,6.0,0.0,1.1,0.4
Jeff Cumberland,NYJ,2010.0,1.0,2.0,1.0,3.0,0.0,0.8,0.8
Ernest Wilford,JAC,2010.0,2.0,2.0,1.0,3.0,0.0,0.8,0.4
Dennis Pitta,BAL,2010.0,11.0,5.0,1.0,1.0,0.0,0.6,0.1
Jake Ballard,NYG,2010.0,1.0,0.0,0.0,0.0,0.0,0.0,0.0
Gary Barnidge,CAR,2010.0,16.0,9.0,0.0,0.0,0.0,0.0,0.0
Colin Cloherty,SF,2010.0,2.0,0.0,0.0,0.0,0.0,0.0,0.0
Daniel Coats,CIN,2010.0,10.0,2.0,0.0,0.0,0.0,0.0,0.0
Dorin Dickerson,HOU,2010.0,7.0,1.0,0.0,0.0,0.0,0.0,0.0
Dedrick Epps,MIA,2010.0,3.0,0.0,0.0,0.0,0.0,0.0,0.0
John Paul Foschi,CIN,2010.0,2.0,0.0,0.0,0.0,0.0,0.0,0.0
Garrett Graham,HOU,2010.0,6.0,0.0,0.0,0.0,0.0,0.0,0.0
Spencer Havner,GB,2010.0,1.0,0.0,0.0,0.0,0.0,0.0,0.0
Darcy Johnson,STL,2010.0,4.0,2.0,0.0,0.0,0.0,0.0,0.0
Jeron Mastrud,MIA,2010.0,8.0,1.0,0.0,0.0,0.0,0.0,0.0
Anthony McCoy,SEA,2010.0,2.0,0.0,0.0,0.0,0.0,0.0,0.0
Matthew Mulligan,NYJ,2010.0,13.0,1.0,0.0,0.0,0.0,0.0,0.0
John Nalbone,MIA,2010.0,2.0,0.0,0.0,0.0,0.0,0.0,0.0
Martin Rucker,DAL,2010.0,5.0,0.0,0.0,0.0,0.0,0.0,0.0
Derek Schouman,STL,2010.0,3.0,0.0,0.0,0.0,0.0,0.0,0.0
Rob Gronkowski,NE,2011.0,16.0,124.0,90.0,1327.0,17.0,285.9,17.9
Jimmy Graham,NO,2011.0,16.0,149.0,99.0,1310.0,11.0,244.5,15.3
Aaron Hernandez,NE,2011.0,14.0,113.0,79.0,910.0,7.0,175.0,12.5
Tony Gonzalez,ATL,2011.0,16.0,116.0,80.0,875.0,7.0,169.5,10.6
Jason Witten,DAL,2011.0,16.0,117.0,79.0,942.0,5.0,163.7,10.2
Jermichael Finley,GB,2011.0,16.0,92.0,55.0,767.0,8.0,152.2,9.5
Antonio Gates,SD,2011.0,13.0,88.0,64.0,778.0,7.0,151.8,11.7
Brandon Pettigrew,DET,2011.0,16.0,126.0,83.0,777.0,5.0,149.2,9.3
Vernon Davis,SF,2011.0,16.0,95.0,67.0,792.0,6.0,146.2,9.1
Brent Celek,PHI,2011.0,16.0,97.0,62.0,811.0,5.0,142.1,8.9
Dustin Keller,NYJ,2011.0,16.0,115.0,65.0,815.0,5.0,142.0,8.9
Fred Davis,WAS,2011.0,12.0,88.0,59.0,796.0,3.0,125.1,10.4
Kellen Winslow,TB,2011.0,16.0,121.0,75.0,763.0,2.0,123.8,7.7
Jermaine Gresham,CIN,2011.0,14.0,92.0,56.0,596.0,6.0,121.6,8.7
Jared Cook,TEN,2011.0,16.0,81.0,49.0,759.0,3.0,114.4,7.2
Owen Daniels,HOU,2011.0,15.0,84.0,54.0,677.0,3.0,112.7,7.5
Ed Dickson,BAL,2011.0,16.0,89.0,54.0,528.0,5.0,109.8,6.9
Greg Olsen,CAR,2011.0,16.0,89.0,45.0,540.0,5.0,104.5,6.5
Jake Ballard,NYG,2011.0,14.0,61.0,38.0,604.0,4.0,103.4,7.4
Heath Miller,PIT,2011.0,16.0,74.0,51.0,631.0,2.0,99.2,6.2
Scott Chandler,BUF,2011.0,14.0,46.0,38.0,389.0,6.0,91.9,6.6
Anthony Fasano,MIA,2011.0,15.0,54.0,32.0,451.0,5.0,91.1,6.1
Jeremy Shockey,CAR,2011.0,15.0,62.0,37.0,455.0,4.0,86.0,5.7
Joel Dreessen,HOU,2011.0,16.0,39.0,28.0,353.0,6.0,85.3,5.3
Tony Scheffler,DET,2011.0,15.0,42.0,26.0,347.0,6.0,84.2,5.6
Dennis Pitta,BAL,2011.0,16.0,56.0,40.0,405.0,3.0,78.5,4.9
Visanthe Shiancoe,MIN,2011.0,16.0,70.0,36.0,409.0,3.0,76.9,4.8
Evan Moore,CLE,2011.0,16.0,47.0,34.0,324.0,4.0,73.4,4.6
Ben Watson,CLE,2011.0,13.0,71.0,37.0,410.0,2.0,71.5,5.5
Kevin Boss,OAK,2011.0,14.0,40.0,28.0,368.0,3.0,68.8,4.9
Marcedes Lewis,JAC,2011.0,15.0,85.0,39.0,460.0,0.0,65.5,4.4
Dallas Clark,IND,2011.0,11.0,65.0,34.0,352.0,2.0,62.2,5.7
Kellen Davis,CHI,2011.0,16.0,34.0,18.0,206.0,5.0,59.6,3.7
Jeff King,ARI,2011.0,16.0,34.0,27.0,271.0,3.0,58.6,3.7
Kyle Rudolph,MIN,2011.0,15.0,39.0,26.0,249.0,3.0,55.9,3.7
Daniel Fells,DEN,2011.0,16.0,31.0,19.0,256.0,3.0,51.1,3.2
Charles Clay,MIA,2011.0,14.0,25.0,16.0,233.0,3.0,49.3,3.5
Delanie Walker,SF,2011.0,15.0,35.0,19.0,198.0,3.0,47.8,3.2
Lance Kendricks,STL,2011.0,15.0,58.0,28.0,352.0,0.0,46.4,3.1
Todd Heap,ARI,2011.0,10.0,36.0,24.0,283.0,1.0,46.3,4.6
Leonard Pope,KC,2011.0,16.0,34.0,24.0,247.0,1.0,42.7,2.7
James Casey,HOU,2011.0,14.0,24.0,18.0,260.0,1.0,42.1,3.0
Randy McMichael,SD,2011.0,16.0,44.0,30.0,271.0,0.0,42.1,2.6
Zach Miller,SEA,2011.0,15.0,44.0,25.0,233.0,0.0,35.8,2.4
Jacob Tamme,IND,2011.0,16.0,31.0,19.0,177.0,1.0,33.2,2.1
Clay Harbor,PHI,2011.0,16.0,19.0,13.0,163.0,1.0,28.8,1.8
Craig Stevens,TEN,2011.0,15.0,14.0,9.0,166.0,1.0,27.1,1.8
Alex Smith,CLE,2011.0,14.0,25.0,14.0,131.0,1.0,26.1,1.9
John Phillips,DAL,2011.0,16.0,18.0,15.0,101.0,1.0,23.6,1.5
Brandon Myers,OAK,2011.0,16.0,27.0,16.0,151.0,0.0,23.1,1.4
Martellus Bennett,DAL,2011.0,14.0,26.0,17.0,144.0,0.0,22.9,1.6
David Johnson,PIT,2011.0,16.0,14.0,12.0,91.0,1.0,21.1,1.3
Anthony McCoy,SEA,2011.0,16.0,24.0,13.0,146.0,0.0,21.1,1.3
Matt Spaeth,CHI,2011.0,15.0,11.0,7.0,50.0,2.0,20.5,1.4
Bear Pascoe,NYG,2011.0,16.0,16.0,12.0,136.0,0.0,19.6,1.2
Logan Paulsen,WAS,2011.0,16.0,19.0,11.0,138.0,0.0,19.3,1.2
Michael Palmer,ATL,2011.0,16.0,16.0,10.0,72.0,1.0,18.2,1.1
Travis Beckum,NYG,2011.0,13.0,10.0,5.0,93.0,1.0,17.8,1.4
Robert Housler,ARI,2011.0,12.0,26.0,12.0,133.0,0.0,17.3,1.4
Donald Lee,CIN,2011.0,9.0,13.0,11.0,115.0,0.0,17.0,1.9
Dante Rosario,MIA,2011.0,16.0,11.0,7.0,117.0,0.0,15.2,1.0
Luke Stocker,TB,2011.0,14.0,17.0,12.0,92.0,0.0,15.2,1.1
Colin Cochart,CIN,2011.0,10.0,9.0,5.0,44.0,1.0,12.9,1.3
Tom Crabtree,GB,2011.0,16.0,8.0,6.0,38.0,1.0,12.8,0.8
Zach Miller,JAC,2011.0,4.0,7.0,4.0,42.0,1.0,12.2,3.1
Michael Hoomanawanui,STL,2011.0,8.0,13.0,7.0,83.0,0.0,11.8,1.5
Billy Bajema,STL,2011.0,16.0,14.0,9.0,71.0,0.0,11.6,0.7
Weslye Saunders,PIT,2011.0,16.0,8.0,4.0,29.0,1.0,10.9,0.7
Chris Cooley,WAS,2011.0,5.0,13.0,8.0,65.0,0.0,10.8,2.2
Cameron Morrah,SEA,2011.0,8.0,13.0,6.0,74.0,0.0,10.5,1.3
Richie Brockel,CAR,2011.0,11.0,3.0,3.0,13.0,0.0,10.0,0.9
John Gilmore,NO,2011.0,14.0,6.0,3.0,20.0,1.0,9.5,0.7
Daniel Graham,TEN,2011.0,15.0,5.0,2.0,25.0,1.0,9.5,0.6
Brody Eldridge,IND,2011.0,13.0,10.0,9.0,45.0,0.0,9.0,0.7
Jake O'Connell,KC,2011.0,8.0,12.0,7.0,52.0,0.0,8.7,1.1
Matthew Mulligan,NYJ,2011.0,16.0,9.0,5.0,58.0,0.0,8.3,0.5
Colin Cloherty,JAC,2011.0,4.0,8.0,4.0,57.0,0.0,7.7,1.9
Zach Potter,JAC,2011.0,15.0,7.0,5.0,50.0,0.0,7.5,0.5
Will Heller,DET,2011.0,16.0,12.0,6.0,42.0,0.0,7.2,0.5
Ryan Taylor,GB,2011.0,15.0,1.0,1.0,4.0,1.0,6.9,0.5
Mike Caussin,BUF,2011.0,6.0,6.0,5.0,41.0,0.0,6.6,1.1
Jordan Cameron,CLE,2011.0,8.0,13.0,6.0,33.0,0.0,6.3,0.8
Zack Pianalto,TB,2011.0,11.0,5.0,4.0,40.0,0.0,6.0,0.5
Andrew Quarless,GB,2011.0,10.0,4.0,3.0,36.0,0.0,5.1,0.5
Jeff Cumberland,NYJ,2011.0,3.0,5.0,2.0,35.0,0.0,4.5,1.5
Niles Paul,WAS,2011.0,13.0,5.0,2.0,25.0,0.0,4.2,0.3
Anthony Becht,KC,2011.0,9.0,4.0,3.0,26.0,0.0,4.1,0.5
David Thomas,NO,2011.0,5.0,9.0,5.0,16.0,0.0,4.1,0.8
Virgil Green,DEN,2011.0,15.0,5.0,3.0,24.0,0.0,3.9,0.3
Kevin Brock,BUF,2011.0,2.0,2.0,2.0,27.0,0.0,3.7,1.9
Kory Sperry,SD,2011.0,16.0,5.0,1.0,32.0,0.0,3.7,0.2
Jim Dray,ARI,2011.0,10.0,5.0,2.0,25.0,0.0,3.5,0.4
Lee Smith,BUF,2011.0,10.0,4.0,4.0,11.0,0.0,3.1,0.3
Garrett Graham,HOU,2011.0,7.0,2.0,1.0,24.0,0.0,2.9,0.4
Justin Peelle,SF,2011.0,14.0,4.0,1.0,19.0,0.0,2.4,0.2
D.J. Williams,GB,2011.0,13.0,4.0,2.0,13.0,0.0,2.3,0.2
David Ausberry,OAK,2011.0,12.0,2.0,2.0,14.0,0.0,2.2,0.2
Anthony Hill,IND,2011.0,7.0,3.0,2.0,10.0,0.0,2.0,0.3
Jeron Mastrud,MIA,2011.0,14.0,2.0,1.0,8.0,0.0,1.3,0.1
Reggie Kelly,ATL,2011.0,16.0,2.0,1.0,7.0,0.0,1.2,0.1
Stephen Spach,STL,2011.0,10.0,3.0,2.0,2.0,0.0,1.2,0.1
Allen Reisner,MIN,2011.0,5.0,1.0,1.0,5.0,0.0,1.0,0.2
Julius Thomas,DEN,2011.0,4.0,7.0,1.0,5.0,0.0,1.0,0.3
Michael Higgins,NO,2011.0,2.0,1.0,1.0,4.0,0.0,0.9,0.5
Jim Kleinsasser,MIN,2011.0,16.0,6.0,1.0,4.0,0.0,0.9,0.1
Richard Gordon,OAK,2011.0,14.0,1.0,1.0,2.0,0.0,0.7,0.1
Steve Maneri,KC,2011.0,1.0,1.0,1.0,1.0,0.0,0.6,0.6
Kyle Adams,CHI,2011.0,8.0,0.0,0.0,0.0,0.0,0.0,0.0
Dominique Byrd,SEA,2011.0,3.0,0.0,0.0,0.0,0.0,0.0,0.0
Colin Franklin,TB,2011.0,2.0,2.0,0.0,0.0,0.0,0.0,0.0
Dan Gronkowski,NE,2011.0,6.0,0.0,0.0,0.0,0.0,0.0,0.0
Ben Hartsock,CAR,2011.0,15.0,0.0,0.0,0.0,0.0,0.0,0.0
David Martin,BUF,2011.0,3.0,0.0,0.0,0.0,0.0,0.0,0.0
Mike McNeill,IND,2011.0,4.0,0.0,0.0,0.0,0.0,0.0,0.0
Rob Myers,WAS,2011.0,1.0,0.0,0.0,0.0,0.0,0.0,0.0
Fendi Onobun,JAC,2011.0,1.0,1.0,0.0,0.0,0.0,0.0,0.0
Richard Quinn,WAS,2011.0,1.0,0.0,0.0,0.0,0.0,0.0,0.0
Martin Rucker,DAL,2011.0,2.0,1.0,0.0,0.0,0.0,0.0,0.0
Kris Wilson,BAL,2011.0,14.0,0.0,0.0,0.0,0.0,0.0,0.0
Jimmy Graham,NO,2012.0,15.0,135.0,85.0,982.0,9.0,194.7,13.0
Tony Gonzalez,ATL,2012.0,16.0,124.0,93.0,930.0,8.0,187.5,11.7
Jason Witten,DAL,2012.0,16.0,147.0,110.0,1039.0,3.0,176.9,11.1
Rob Gronkowski,NE,2012.0,11.0,79.0,55.0,790.0,11.0,170.5,15.5
Heath Miller,PIT,2012.0,15.0,101.0,71.0,816.0,8.0,165.1,11.0
Greg Olsen,CAR,2012.0,16.0,104.0,69.0,843.0,5.0,148.8,9.3
Brandon Myers,OAK,2012.0,16.0,105.0,79.0,806.0,4.0,144.1,9.0
Dennis Pitta,BAL,2012.0,16.0,94.0,61.0,669.0,7.0,139.4,8.7
Owen Daniels,HOU,2012.0,15.0,104.0,62.0,716.0,6.0,138.6,9.2
Jermaine Gresham,CIN,2012.0,16.0,94.0,64.0,737.0,5.0,133.7,8.4
Kyle Rudolph,MIN,2012.0,16.0,93.0,53.0,493.0,9.0,129.8,8.1
Antonio Gates,SD,2012.0,15.0,80.0,49.0,538.0,7.0,120.3,8.0
Martellus Bennett,NYG,2012.0,16.0,90.0,55.0,626.0,5.0,120.1,7.5
Scott Chandler,BUF,2012.0,15.0,74.0,43.0,571.0,6.0,112.6,7.5
Jermichael Finley,GB,2012.0,16.0,86.0,61.0,667.0,2.0,107.2,6.7
Vernon Davis,SF,2012.0,15.0,61.0,41.0,548.0,5.0,105.3,7.0
Aaron Hernandez,NE,2012.0,10.0,83.0,51.0,483.0,5.0,104.3,10.4
Marcedes Lewis,JAC,2012.0,15.0,77.0,52.0,540.0,4.0,104.0,6.9
Brent Celek,PHI,2012.0,15.0,88.0,57.0,684.0,1.0,100.9,6.7
Brandon Pettigrew,DET,2012.0,13.0,102.0,59.0,565.0,3.0,100.0,7.7
Lance Kendricks,STL,2012.0,16.0,64.0,42.0,519.0,4.0,96.9,6.1
Jared Cook,TEN,2012.0,13.0,72.0,44.0,523.0,4.0,96.3,7.4
Jacob Tamme,DEN,2012.0,15.0,85.0,52.0,555.0,2.0,93.5,6.2
Dwayne Allen,IND,2012.0,15.0,66.0,45.0,521.0,3.0,93.1,6.2
Ben Watson,CLE,2012.0,16.0,82.0,49.0,501.0,3.0,92.6,5.8
Dallas Clark,TB,2012.0,16.0,75.0,47.0,435.0,4.0,91.0,5.7
Joel Dreessen,DEN,2012.0,16.0,58.0,41.0,356.0,5.0,86.1,5.4
Anthony Fasano,MIA,2012.0,16.0,69.0,41.0,332.0,5.0,83.7,5.2
Tony Scheffler,DET,2012.0,15.0,85.0,42.0,504.0,1.0,77.4,5.2
Zach Miller,SEA,2012.0,16.0,53.0,38.0,396.0,3.0,74.6,4.7
James Casey,HOU,2012.0,16.0,45.0,34.0,330.0,3.0,68.6,4.3
Jeff Cumberland,NYJ,2012.0,14.0,53.0,29.0,359.0,3.0,68.4,4.9
Tony Moeaki,KC,2012.0,14.0,56.0,33.0,453.0,1.0,67.8,4.8
Robert Housler,ARI,2012.0,13.0,68.0,45.0,417.0,0.0,64.2,4.9
Delanie Walker,SF,2012.0,15.0,39.0,21.0,339.0,3.0,60.4,4.0
Garrett Graham,HOU,2012.0,13.0,39.0,28.0,263.0,3.0,58.3,4.5
Dustin Keller,NYJ,2012.0,8.0,36.0,28.0,317.0,2.0,57.7,7.2
Anthony McCoy,SEA,2012.0,14.0,28.0,18.0,291.0,3.0,56.1,4.0
Coby Fleener,IND,2012.0,12.0,48.0,26.0,281.0,2.0,53.1,4.4
Logan Paulsen,WAS,2012.0,13.0,38.0,25.0,308.0,1.0,49.3,3.8
Craig Stevens,TEN,2012.0,14.0,33.0,23.0,275.0,1.0,45.0,3.2
Fred Davis,WAS,2012.0,7.0,31.0,24.0,325.0,0.0,44.6,6.4
Kellen Davis,CHI,2012.0,14.0,44.0,19.0,229.0,2.0,42.4,3.0
Tom Crabtree,GB,2012.0,8.0,12.0,8.0,203.0,3.0,42.3,5.3
Charles Clay,MIA,2012.0,13.0,33.0,18.0,212.0,2.0,42.2,3.2
Clay Harbor,PHI,2012.0,11.0,39.0,25.0,188.0,2.0,41.3,3.8
Jordan Cameron,CLE,2012.0,13.0,40.0,20.0,226.0,1.0,38.6,3.0
David Thomas,NO,2012.0,7.0,17.0,11.0,86.0,4.0,38.1,5.4
Ed Dickson,BAL,2012.0,11.0,33.0,21.0,225.0,0.0,33.0,3.0
Dante Rosario,SD,2012.0,10.0,18.0,10.0,95.0,3.0,30.5,3.1
Luke Stocker,TB,2012.0,12.0,27.0,16.0,165.0,1.0,30.5,2.5
Will Heller,DET,2012.0,10.0,23.0,17.0,150.0,1.0,29.5,3.0
Niles Paul,WAS,2012.0,10.0,15.0,8.0,152.0,1.0,25.1,2.5
Jeff King,ARI,2012.0,11.0,29.0,17.0,129.0,0.0,21.4,1.9
Matthew Mulligan,STL,2012.0,8.0,11.0,8.0,84.0,1.0,18.4,2.3
Gary Barnidge,CAR,2012.0,6.0,6.0,6.0,78.0,1.0,16.8,2.8
John Phillips,DAL,2012.0,6.0,10.0,8.0,55.0,1.0,15.5,2.6
Lee Smith,BUF,2012.0,4.0,4.0,4.0,13.0,2.0,15.3,3.8
Leonard Pope,PIT,2012.0,3.0,4.0,3.0,9.0,2.0,14.4,4.8
Orson Charles,CIN,2012.0,8.0,10.0,8.0,101.0,0.0,14.1,1.8
Kevin Boss,KC,2012.0,2.0,3.0,3.0,65.0,1.0,14.0,7.0
Dorin Dickerson,BUF,2012.0,7.0,15.0,9.0,117.0,0.0,13.4,1.9
Todd Heap,ARI,2012.0,2.0,13.0,8.0,94.0,0.0,13.4,6.7
Michael Hoomanawanui,NE,2012.0,6.0,7.0,5.0,109.0,0.0,13.4,2.2
David Ausberry,OAK,2012.0,7.0,12.0,7.0,92.0,0.0,12.7,1.8
James Hanna,DAL,2012.0,6.0,11.0,8.0,86.0,0.0,12.6,2.1
Matt Spaeth,CHI,2012.0,6.0,10.0,6.0,28.0,1.0,11.8,2.0
Bear Pascoe,NYG,2012.0,8.0,9.0,4.0,35.0,1.0,11.5,1.4
Alex Smith,CLE,2012.0,9.0,18.0,13.0,47.0,0.0,11.2,1.2
Michael Palmer,ATL,2012.0,5.0,5.0,5.0,21.0,1.0,10.6,2.1
Daniel Fells,NE,2012.0,6.0,10.0,4.0,85.0,0.0,10.5,1.8
Rhett Ellison,MIN,2012.0,7.0,9.0,7.0,65.0,0.0,10.0,1.4
Randy McMichael,SD,2012.0,7.0,13.0,9.0,52.0,0.0,9.7,1.4
D.J. Williams,GB,2012.0,7.0,15.0,7.0,57.0,0.0,9.2,1.3
Virgil Green,DEN,2012.0,3.0,6.0,5.0,63.0,0.0,8.8,2.9
David Paulson,PIT,2012.0,8.0,11.0,7.0,51.0,0.0,8.6,1.1
John Carlson,MIN,2012.0,9.0,14.0,8.0,43.0,0.0,8.3,0.9
Richard Gordon,OAK,2012.0,3.0,7.0,2.0,9.0,1.0,7.9,2.6
Ladarius Green,SD,2012.0,2.0,4.0,4.0,56.0,0.0,7.6,3.8
Taylor Thompson,TEN,2012.0,9.0,13.0,6.0,46.0,0.0,7.6,0.8
Kyle Adams,CHI,2012.0,6.0,8.0,4.0,40.0,0.0,6.0,1.0
Mike McNeill,STL,2012.0,5.0,7.0,4.0,31.0,0.0,5.1,1.0
Ben Hartsock,CAR,2012.0,3.0,3.0,2.0,30.0,0.0,4.0,1.3
Jake O'Connell,KC,2012.0,1.0,3.0,3.0,18.0,0.0,3.3,3.3
Jim Dray,ARI,2012.0,2.0,2.0,2.0,15.0,0.0,2.5,1.3
Kellen Winslow,NE,2012.0,1.0,2.0,1.0,12.0,0.0,1.7,1.7
Chase Coffman,ATL,2012.0,1.0,1.0,1.0,11.0,0.0,1.6,1.6
Zach Potter,JAC,2012.0,5.0,7.0,2.0,6.0,0.0,1.6,0.3
Ryan Taylor,GB,2012.0,1.0,1.0,1.0,11.0,0.0,1.6,1.6
Chris Cooley,WAS,2012.0,3.0,3.0,1.0,8.0,0.0,1.3,0.4
Dominique Jones,IND,2012.0,1.0,1.0,1.0,8.0,0.0,1.3,1.3
Evan Moore,SEA,2012.0,6.0,8.0,1.0,6.0,0.0,1.1,0.2
Brad Smelley,CLE,2012.0,1.0,1.0,1.0,3.0,0.0,0.8,0.8
Billy Bajema,BAL,2012.0,1.0,1.0,0.0,0.0,0.0,0.0,0.0
Travis Beckum,NYG,2012.0,1.0,1.0,0.0,0.0,0.0,0.0,0.0
Adrien Robinson,NYG,2012.0,1.0,0.0,0.0,0.0,0.0,0.0,0.0
Visanthe Shiancoe,NE,2012.0,1.0,1.0,0.0,0.0,0.0,0.0,0.0
Dedrick Epps,NYJ,2012.0,1.0,1.0,1.0,9.0,0.0,-0.6,-0.6
Jimmy Graham,NO,2013.0,16.0,142.0,86.0,1215.0,16.0,260.5,16.3
Vernon Davis,SF,2013.0,15.0,84.0,52.0,850.0,13.0,187.0,12.5
Julius Thomas,DEN,2013.0,14.0,90.0,65.0,788.0,12.0,183.3,13.1
Jordan Cameron,CLE,2013.0,15.0,118.0,80.0,917.0,7.0,173.7,11.6
Tony Gonzalez,ATL,2013.0,16.0,120.0,82.0,847.0,8.0,173.7,10.9
Jason Witten,DAL,2013.0,16.0,111.0,73.0,851.0,8.0,169.6,10.6
Greg Olsen,CAR,2013.0,16.0,111.0,73.0,816.0,6.0,154.1,9.6
Charles Clay,MIA,2013.0,16.0,102.0,69.0,759.0,6.0,153.9,9.6
Antonio Gates,SD,2013.0,16.0,113.0,77.0,872.0,4.0,145.7,9.1
Martellus Bennett,CHI,2013.0,16.0,94.0,65.0,759.0,5.0,136.4,8.5
Delanie Walker,TEN,2013.0,15.0,86.0,60.0,571.0,6.0,123.1,8.2
Jared Cook,STL,2013.0,16.0,85.0,51.0,671.0,5.0,120.6,7.5
Tim Wright,TB,2013.0,14.0,76.0,54.0,571.0,5.0,114.3,8.2
Coby Fleener,IND,2013.0,16.0,87.0,52.0,608.0,4.0,110.8,6.9
Garrett Graham,HOU,2013.0,12.0,89.0,49.0,545.0,5.0,107.0,8.9
Rob Gronkowski,NE,2013.0,7.0,66.0,39.0,592.0,4.0,102.7,14.7
Scott Chandler,BUF,2013.0,16.0,81.0,53.0,655.0,2.0,102.0,6.4
Brent Celek,PHI,2013.0,16.0,51.0,32.0,502.0,6.0,100.2,6.3
Brandon Myers,NYG,2013.0,15.0,76.0,47.0,522.0,4.0,99.7,6.6
Heath Miller,PIT,2013.0,14.0,78.0,58.0,593.0,1.0,92.3,6.6
Jordan Reed,WAS,2013.0,9.0,59.0,45.0,499.0,3.0,92.2,10.2
Zach Ertz,PHI,2013.0,15.0,57.0,36.0,469.0,4.0,88.9,5.9
Jermaine Gresham,CIN,2013.0,14.0,68.0,46.0,461.0,4.0,87.1,6.2
Zach Miller,SEA,2013.0,13.0,56.0,33.0,387.0,5.0,85.2,6.6
Mychal Rivera,OAK,2013.0,16.0,60.0,38.0,407.0,4.0,83.7,5.2
Jeff Cumberland,NYJ,2013.0,12.0,40.0,26.0,398.0,4.0,76.8,6.4
Tyler Eifert,CIN,2013.0,15.0,60.0,39.0,445.0,2.0,76.0,5.1
Brandon Pettigrew,DET,2013.0,14.0,63.0,41.0,416.0,2.0,72.1,5.2
Joseph Fauria,DET,2013.0,11.0,30.0,18.0,207.0,7.0,71.7,6.5
Robert Housler,ARI,2013.0,13.0,57.0,39.0,454.0,1.0,70.9,5.5
Marcedes Lewis,JAC,2013.0,10.0,47.0,25.0,359.0,4.0,70.4,7.0
Dallas Clark,BAL,2013.0,11.0,52.0,31.0,343.0,3.0,67.8,6.2
Kellen Winslow,NYJ,2013.0,11.0,47.0,31.0,388.0,2.0,66.3,6.0
Lance Kendricks,STL,2013.0,14.0,46.0,32.0,258.0,4.0,65.8,4.7
Kyle Rudolph,MIN,2013.0,8.0,46.0,30.0,313.0,3.0,64.3,8.0
Ladarius Green,SD,2013.0,12.0,29.0,17.0,376.0,3.0,64.1,5.3
Jermichael Finley,GB,2013.0,6.0,34.0,25.0,300.0,3.0,60.5,10.1
Andrew Quarless,GB,2013.0,13.0,53.0,32.0,312.0,2.0,59.2,4.6
Owen Daniels,HOU,2013.0,5.0,41.0,24.0,252.0,3.0,55.2,11.0
Sean McGrath,KC,2013.0,13.0,40.0,26.0,302.0,2.0,55.2,4.2
Logan Paulsen,WAS,2013.0,14.0,50.0,28.0,267.0,3.0,54.7,3.9
John Carlson,MIN,2013.0,13.0,48.0,32.0,344.0,1.0,54.4,4.2
Clay Harbor,JAC,2013.0,13.0,34.0,24.0,292.0,2.0,51.2,3.9
Anthony Fasano,KC,2013.0,9.0,34.0,23.0,200.0,3.0,49.5,5.5
Ed Dickson,BAL,2013.0,13.0,43.0,25.0,273.0,1.0,45.8,3.5
Jim Dray,ARI,2013.0,14.0,32.0,26.0,215.0,2.0,44.5,3.2
Ben Watson,NO,2013.0,14.0,30.0,19.0,226.0,2.0,44.1,3.2
Luke Willson,SEA,2013.0,12.0,28.0,20.0,272.0,1.0,43.2,3.6
Ryan Griffin,HOU,2013.0,6.0,24.0,17.0,226.0,1.0,37.1,6.2
Jacob Tamme,DEN,2013.0,9.0,25.0,20.0,184.0,1.0,34.4,3.8
Dennis Pitta,BAL,2013.0,4.0,33.0,20.0,169.0,1.0,32.9,8.2
Gary Barnidge,CLE,2013.0,12.0,18.0,13.0,127.0,2.0,31.2,2.6
Gavin Escobar,DAL,2013.0,9.0,15.0,9.0,134.0,2.0,29.9,3.3
Michael Hoomanawanui,NE,2013.0,10.0,19.0,12.0,136.0,1.0,25.6,2.6
Jake Ballard,ARI,2013.0,5.0,9.0,7.0,75.0,2.0,23.0,4.6
Levine Toilolo,ATL,2013.0,10.0,15.0,11.0,55.0,2.0,23.0,2.3
Brandon Bostick,GB,2013.0,5.0,14.0,7.0,120.0,1.0,21.5,4.3
Fred Davis,WAS,2013.0,7.0,18.0,7.0,70.0,1.0,16.5,2.4
Vance McDonald,SF,2013.0,10.0,19.0,8.0,119.0,0.0,15.9,1.6
Rhett Ellison,MIN,2013.0,5.0,10.0,5.0,61.0,1.0,14.6,2.9
Bear Pascoe,NYG,2013.0,11.0,19.0,12.0,81.0,0.0,14.3,1.3
Joel Dreessen,DEN,2013.0,5.0,9.0,7.0,47.0,1.0,14.2,2.8
Chris Gragg,BUF,2013.0,2.0,7.0,5.0,53.0,1.0,13.8,6.9
James Hanna,DAL,2013.0,8.0,15.0,12.0,73.0,0.0,13.3,1.7
Dion Sims,MIA,2013.0,7.0,10.0,6.0,32.0,1.0,12.2,1.7
Jeron Mastrud,OAK,2013.0,9.0,13.0,6.0,88.0,0.0,11.8,1.3
Tony Scheffler,DET,2013.0,4.0,12.0,7.0,82.0,0.0,11.7,2.9
David Paulson,PIT,2013.0,5.0,10.0,6.0,102.0,0.0,11.2,2.2
Kellen Davis,SEA,2013.0,3.0,4.0,3.0,32.0,1.0,10.7,3.6
Michael Egnew,MIA,2013.0,7.0,11.0,7.0,69.0,0.0,10.4,1.5
Lee Smith,BUF,2013.0,7.0,9.0,5.0,78.0,0.0,10.3,1.5
Tom Crabtree,TB,2013.0,5.0,7.0,4.0,21.0,1.0,10.1,2.0
Virgil Green,DEN,2013.0,9.0,12.0,9.0,45.0,0.0,9.0,1.0
David Johnson,PIT,2013.0,4.0,6.0,4.0,70.0,0.0,9.0,2.3
Zach Sudfeld,NE,2013.0,4.0,8.0,5.0,63.0,0.0,8.8,2.2
Taylor Thompson,TEN,2013.0,4.0,7.0,3.0,13.0,1.0,8.8,2.2
Alex Smith,CIN,2013.0,5.0,6.0,3.0,12.0,1.0,8.7,1.7
Matthew Mulligan,NE,2013.0,3.0,3.0,2.0,16.0,1.0,8.6,2.9
Dwayne Allen,IND,2013.0,1.0,2.0,1.0,20.0,1.0,8.5,8.5
Matt Spaeth,PIT,2013.0,2.0,2.0,1.0,11.0,1.0,7.6,3.8
Nick Kasa,OAK,2013.0,4.0,5.0,1.0,9.0,1.0,7.4,1.9
Niles Paul,WAS,2013.0,5.0,8.0,4.0,51.0,0.0,7.1,1.4
Weslye Saunders,IND,2013.0,5.0,11.0,4.0,46.0,0.0,6.6,1.3
Allen Reisner,JAC,2013.0,4.0,9.0,5.0,40.0,0.0,6.5,1.6
Ryan Taylor,GB,2013.0,6.0,9.0,6.0,30.0,0.0,6.0,1.0
Nate Byham,TB,2013.0,3.0,3.0,3.0,38.0,0.0,5.3,1.8
Kevin Brock,KC,2013.0,4.0,6.0,3.0,36.0,0.0,5.1,1.3
John Phillips,SD,2013.0,6.0,6.0,4.0,30.0,0.0,5.0,0.8
James Casey,PHI,2013.0,5.0,6.0,3.0,31.0,0.0,4.6,0.9
Dorin Dickerson,DET,2013.0,3.0,5.0,2.0,34.0,0.0,4.4,1.5
Jack Doyle,IND,2013.0,5.0,7.0,5.0,19.0,0.0,4.4,0.9
Dominique Jones,IND,2013.0,2.0,3.0,2.0,34.0,0.0,4.4,2.2
Billy Bajema,BAL,2013.0,2.0,2.0,2.0,18.0,0.0,2.8,1.4
Kory Sperry,ARI,2013.0,1.0,1.0,1.0,16.0,0.0,2.1,2.1
Dante Rosario,CHI,2013.0,3.0,4.0,1.0,13.0,0.0,1.8,0.6
Craig Stevens,TEN,2013.0,6.0,6.0,2.0,5.0,0.0,1.5,0.3
Orson Charles,CIN,2013.0,1.0,2.0,1.0,8.0,0.0,1.3,1.3
Michael Palmer,PIT,2013.0,1.0,1.0,1.0,8.0,0.0,1.3,1.3
Visanthe Shiancoe,TEN,2013.0,1.0,2.0,2.0,2.0,0.0,1.2,1.2
Mike McNeill,STL,2013.0,1.0,1.0,1.0,5.0,0.0,1.0,1.0
Justice Cunningham,IND,2013.0,1.0,1.0,1.0,4.0,0.0,0.9,0.9
Richard Gordon,KC,2013.0,1.0,1.0,1.0,3.0,0.0,0.8,0.8
Chase Coffman,ATL,2013.0,1.0,2.0,0.0,0.0,0.0,0.0,0.0
Steve Maneri,CHI,2013.0,2.0,2.0,0.0,0.0,0.0,0.0,0.0
D.J. Williams,JAC,2013.0,2.0,2.0,0.0,0.0,0.0,0.0,0.0
Richie Brockel,CAR,2013.0,2.0,1.0,1.0,12.0,0.0,-0.2,-0.1
Rob Gronkowski,NE,2014.0,15.0,131.0,82.0,1124.0,12.0,225.4,15.0
Antonio Gates,SD,2014.0,16.0,98.0,69.0,821.0,12.0,188.6,11.8
Jimmy Graham,NO,2014.0,15.0,125.0,85.0,889.0,10.0,187.4,12.5
Greg Olsen,CAR,2014.0,16.0,123.0,84.0,1008.0,6.0,178.8,11.2
Martellus Bennett,CHI,2014.0,16.0,128.0,90.0,916.0,6.0,172.6,10.8
Coby Fleener,IND,2014.0,16.0,92.0,51.0,774.0,8.0,150.9,9.4
Delanie Walker,TEN,2014.0,15.0,106.0,63.0,890.0,4.0,144.5,9.6
Travis Kelce,KC,2014.0,16.0,87.0,67.0,862.0,5.0,143.7,9.0
Julius Thomas,DEN,2014.0,12.0,62.0,43.0,489.0,12.0,142.4,11.9
Jason Witten,DAL,2014.0,16.0,90.0,64.0,703.0,5.0,132.3,8.3
Heath Miller,PIT,2014.0,16.0,91.0,66.0,761.0,3.0,125.1,7.8
Larry Donnell,NYG,2014.0,16.0,92.0,63.0,623.0,6.0,121.8,7.6
Zach Ertz,PHI,2014.0,16.0,88.0,58.0,702.0,3.0,115.2,7.2
Charles Clay,MIA,2014.0,14.0,84.0,58.0,605.0,3.0,107.5,7.7
Jared Cook,STL,2014.0,16.0,98.0,52.0,634.0,3.0,107.4,6.7
Jermaine Gresham,CIN,2014.0,15.0,80.0,62.0,460.0,5.0,107.0,7.1
Mychal Rivera,OAK,2014.0,16.0,100.0,58.0,534.0,4.0,104.4,6.5
Dwayne Allen,IND,2014.0,12.0,50.0,29.0,395.0,8.0,102.0,8.5
Owen Daniels,BAL,2014.0,15.0,78.0,48.0,527.0,4.0,100.7,6.7
Scott Chandler,BUF,2014.0,16.0,71.0,47.0,497.0,3.0,91.2,5.7
Tim Wright,NE,2014.0,12.0,33.0,26.0,259.0,6.0,74.7,6.2
Niles Paul,WAS,2014.0,15.0,52.0,39.0,507.0,1.0,74.2,4.9
Jordan Reed,WAS,2014.0,11.0,65.0,50.0,465.0,0.0,69.5,6.3
Lance Kendricks,STL,2014.0,16.0,38.0,27.0,259.0,5.0,69.4,4.3
Jordan Cameron,CLE,2014.0,10.0,48.0,24.0,424.0,2.0,66.4,6.6
Jace Amaro,NYJ,2014.0,13.0,53.0,38.0,345.0,2.0,65.5,5.0
Luke Willson,SEA,2014.0,12.0,39.0,22.0,362.0,3.0,65.2,5.4
Andrew Quarless,GB,2014.0,15.0,46.0,29.0,323.0,3.0,64.8,4.3
Anthony Fasano,KC,2014.0,14.0,37.0,25.0,226.0,4.0,59.1,4.2
John Carlson,ARI,2014.0,16.0,54.0,33.0,350.0,1.0,57.5,3.6
Josh Hill,NO,2014.0,12.0,20.0,14.0,176.0,5.0,54.6,4.6
Jeff Cumberland,NYJ,2014.0,15.0,47.0,23.0,247.0,3.0,54.2,3.6
Brent Celek,PHI,2014.0,16.0,52.0,32.0,340.0,1.0,54.0,3.4
Dion Sims,MIA,2014.0,14.0,36.0,24.0,284.0,2.0,52.4,3.7
Vernon Davis,SF,2014.0,13.0,50.0,26.0,245.0,2.0,49.9,3.8
Levine Toilolo,ATL,2014.0,15.0,53.0,31.0,238.0,2.0,49.3,3.3
Daniel Fells,NYG,2014.0,12.0,20.0,16.0,188.0,4.0,48.8,4.1
Clay Harbor,JAC,2014.0,9.0,35.0,26.0,288.0,1.0,47.8,5.3
Kyle Rudolph,MIN,2014.0,7.0,34.0,24.0,231.0,2.0,47.1,6.7
Richard Rodgers,GB,2014.0,13.0,30.0,20.0,225.0,2.0,44.5,3.4
Eric Ebron,DET,2014.0,13.0,49.0,25.0,248.0,1.0,43.3,3.3
Chase Ford,MIN,2014.0,10.0,35.0,23.0,258.0,1.0,43.3,4.3
Austin Seferian-Jenkins,TB,2014.0,9.0,38.0,21.0,221.0,2.0,42.6,4.7
Marcedes Lewis,JAC,2014.0,8.0,31.0,18.0,206.0,2.0,41.6,5.2
Gavin Escobar,DAL,2014.0,10.0,13.0,9.0,105.0,4.0,39.0,3.9
Jim Dray,CLE,2014.0,13.0,27.0,17.0,242.0,1.0,38.7,3.0
Cooper Helfet,SEA,2014.0,8.0,24.0,12.0,185.0,2.0,36.5,4.6
Rhett Ellison,MIN,2014.0,14.0,26.0,19.0,208.0,1.0,36.3,2.6
Ben Watson,NO,2014.0,14.0,31.0,20.0,136.0,2.0,35.6,2.5
Garrett Graham,HOU,2014.0,10.0,28.0,18.0,197.0,1.0,34.7,3.5
Jack Doyle,IND,2014.0,10.0,22.0,18.0,118.0,2.0,32.8,3.3
Ladarius Green,SD,2014.0,10.0,25.0,19.0,226.0,0.0,32.1,3.2
Brandon Myers,TB,2014.0,11.0,32.0,22.0,190.0,0.0,30.0,2.7
Jacob Tamme,DEN,2014.0,11.0,28.0,14.0,109.0,2.0,27.9,2.5
Tony Moeaki,SEA,2014.0,6.0,13.0,8.0,134.0,1.0,23.4,3.9
Crockett Gillmore,BAL,2014.0,9.0,15.0,10.0,121.0,1.0,23.1,2.6
Ed Dickson,CAR,2014.0,12.0,17.0,10.0,115.0,1.0,22.5,1.9
Gary Barnidge,CLE,2014.0,9.0,25.0,13.0,156.0,0.0,22.1,2.5
Dennis Pitta,BAL,2014.0,3.0,22.0,16.0,125.0,0.0,20.5,6.8
Ryan Griffin,HOU,2014.0,8.0,16.0,10.0,91.0,1.0,20.1,2.5
James Casey,PHI,2014.0,3.0,3.0,3.0,59.0,2.0,19.4,6.5
Logan Paulsen,WAS,2014.0,10.0,16.0,13.0,78.0,1.0,18.3,1.8
MarQueis Gray,MIN,2014.0,6.0,11.0,9.0,134.0,0.0,17.9,3.0
Dante Rosario,CHI,2014.0,13.0,22.0,16.0,116.0,0.0,17.6,1.4
Robert Housler,ARI,2014.0,12.0,17.0,9.0,129.0,0.0,17.5,1.5
Virgil Green,DEN,2014.0,5.0,6.0,6.0,74.0,1.0,16.7,3.3
Joseph Fauria,DET,2014.0,6.0,12.0,6.0,74.0,1.0,16.4,2.7
Cory Harkey,STL,2014.0,8.0,11.0,8.0,55.0,1.0,15.5,1.9
Chase Coffman,TEN,2014.0,8.0,14.0,6.0,64.0,1.0,15.4,1.9
Derek Carrier,SF,2014.0,6.0,14.0,9.0,105.0,0.0,15.2,2.5
Chris Gragg,BUF,2014.0,6.0,10.0,7.0,48.0,1.0,14.3,2.4
Lee Smith,BUF,2014.0,6.0,8.0,7.0,42.0,1.0,13.7,2.3
Ryan Hewitt,CIN,2014.0,6.0,15.0,10.0,86.0,0.0,13.6,2.3
Adrien Robinson,NYG,2014.0,6.0,7.0,5.0,50.0,1.0,13.5,2.3
Brian Leonhardt,OAK,2014.0,7.0,8.0,6.0,35.0,1.0,12.5,1.8
Matt Spaeth,PIT,2014.0,3.0,4.0,3.0,46.0,1.0,12.1,4.0
Brandon Pettigrew,DET,2014.0,7.0,15.0,10.0,70.0,0.0,12.0,1.7
Zach Sudfeld,NYJ,2014.0,6.0,7.0,5.0,85.0,0.0,11.0,1.8
C.J. Fiedorowicz,HOU,2014.0,5.0,7.0,4.0,28.0,1.0,10.8,2.2
Zach Miller,SEA,2014.0,3.0,7.0,6.0,76.0,0.0,10.6,3.5
Darren Fells,ARI,2014.0,5.0,12.0,5.0,71.0,0.0,9.6,1.9
Nic Jacobs,JAC,2014.0,3.0,3.0,2.0,16.0,1.0,8.6,2.9
Luke Stocker,TB,2014.0,5.0,11.0,7.0,41.0,0.0,7.6,1.5
Brandon Bostick,GB,2014.0,2.0,4.0,2.0,3.0,1.0,7.3,3.7
Bear Pascoe,ATL,2014.0,3.0,3.0,2.0,3.0,1.0,7.3,2.4
James Hanna,DAL,2014.0,5.0,6.0,4.0,48.0,0.0,6.8,1.4
Michael Palmer,PIT,2014.0,2.0,2.0,1.0,1.0,1.0,6.6,3.3
John Phillips,SD,2014.0,1.0,1.0,1.0,1.0,1.0,6.6,6.6
Brandon Williams,CAR,2014.0,5.0,8.0,4.0,44.0,0.0,6.4,1.3
Garrett Celek,SF,2014.0,2.0,2.0,2.0,53.0,0.0,6.3,3.2
Michael Hoomanawanui,NE,2014.0,6.0,6.0,3.0,44.0,0.0,5.9,1.0
Troy Niklas,ARI,2014.0,3.0,4.0,3.0,38.0,0.0,5.3,1.8
Tyler Eifert,CIN,2014.0,1.0,3.0,3.0,37.0,0.0,5.2,5.2
Kevin Brock,CIN,2014.0,4.0,6.0,5.0,21.0,0.0,4.6,1.2
Phillip Supernaw,BAL,2014.0,3.0,3.0,3.0,30.0,0.0,4.5,1.5
Harold Hoskins,MIA,2014.0,4.0,4.0,3.0,21.0,0.0,3.6,0.9
Craig Stevens,TEN,2014.0,1.0,2.0,2.0,26.0,0.0,3.6,3.6
Demetrius Harris,KC,2014.0,5.0,5.0,3.0,20.0,0.0,3.5,0.7
Taylor Thompson,TEN,2014.0,3.0,4.0,2.0,24.0,0.0,3.4,1.1
David Ausberry,OAK,2014.0,1.0,4.0,2.0,14.0,0.0,2.4,2.4
Cameron Brate,TB,2014.0,1.0,1.0,1.0,17.0,0.0,2.2,2.2
Vance McDonald,SF,2014.0,4.0,8.0,2.0,30.0,0.0,2.0,0.5
Marcel Jensen,JAC,2014.0,1.0,1.0,1.0,8.0,0.0,1.3,1.3
Trey Burton,PHI,2014.0,1.0,0.0,0.0,0.0,0.0,1.0,1.0
David Johnson,SD,2014.0,1.0,1.0,1.0,4.0,0.0,0.9,0.9
Asante Cleveland,SF,2014.0,1.0,1.0,0.0,0.0,0.0,0.0,0.0
Kellen Davis,DET,2014.0,2.0,3.0,0.0,0.0,0.0,0.0,0.0
Richard Gordon,KC,2014.0,1.0,1.0,0.0,0.0,0.0,0.0,0.0
Steve Maneri,NE,2014.0,1.0,1.0,0.0,0.0,0.0,0.0,0.0
Gerell Robinson,MIA,2014.0,1.0,1.0,0.0,0.0,0.0,0.0,0.0
Mickey Shuler,JAC,2014.0,3.0,3.0,0.0,0.0,0.0,0.0,0.0
Logan Thomas,ARI,2014.0,2.0,0.0,0.0,0.0,0.0,0.0,0.0
Jordan Thompson,DET,2014.0,1.0,1.0,0.0,0.0,0.0,0.0,0.0
Rob Gronkowski,NE,2015.0,15.0,120.0,72.0,1176.0,11.0,219.6,14.6
Jordan Reed,WAS,2015.0,14.0,114.0,87.0,952.0,11.0,200.7,14.3
Gary Barnidge,CLE,2015.0,16.0,125.0,79.0,1043.0,9.0,197.8,12.4
Delanie Walker,TEN,2015.0,15.0,133.0,94.0,1088.0,6.0,195.4,13.0
Greg Olsen,CAR,2015.0,16.0,124.0,77.0,1104.0,7.0,188.9,11.8
Tyler Eifert,CIN,2015.0,13.0,74.0,52.0,615.0,13.0,165.5,12.7
Ben Watson,NO,2015.0,16.0,110.0,74.0,825.0,6.0,153.5,9.6
Travis Kelce,KC,2015.0,16.0,103.0,72.0,875.0,5.0,149.5,9.3
Zach Ertz,PHI,2015.0,15.0,112.0,75.0,853.0,2.0,132.8,8.9
Richard Rodgers,GB,2015.0,16.0,85.0,58.0,510.0,8.0,129.1,8.1
Jason Witten,DAL,2015.0,16.0,103.0,77.0,712.0,3.0,125.7,7.9
Antonio Gates,SD,2015.0,11.0,85.0,56.0,630.0,5.0,121.0,11.0
Eric Ebron,DET,2015.0,14.0,70.0,47.0,537.0,5.0,107.2,7.7
Kyle Rudolph,MIN,2015.0,16.0,73.0,49.0,495.0,5.0,104.0,6.5
Jacob Tamme,ATL,2015.0,15.0,81.0,59.0,657.0,1.0,101.2,6.7
Julius Thomas,JAC,2015.0,12.0,80.0,46.0,455.0,5.0,98.5,8.2
Jimmy Graham,SEA,2015.0,11.0,74.0,48.0,605.0,2.0,96.5,8.8
Charles Clay,BUF,2015.0,13.0,78.0,51.0,528.0,3.0,96.3,7.4
Heath Miller,PIT,2015.0,15.0,81.0,60.0,535.0,2.0,95.7,6.4
Coby Fleener,IND,2015.0,16.0,84.0,54.0,491.0,3.0,94.1,5.9
Owen Daniels,DEN,2015.0,16.0,77.0,46.0,517.0,3.0,92.7,5.8
Zach Miller,CHI,2015.0,11.0,45.0,34.0,439.0,5.0,90.9,8.3
Martellus Bennett,CHI,2015.0,11.0,80.0,53.0,439.0,3.0,88.4,8.0
Ladarius Green,SD,2015.0,13.0,63.0,37.0,429.0,4.0,85.4,6.6
Will Tye,NYG,2015.0,13.0,62.0,42.0,464.0,3.0,83.4,6.4
Crockett Gillmore,BAL,2015.0,10.0,47.0,33.0,412.0,4.0,81.7,8.2
Jordan Cameron,MIA,2015.0,16.0,70.0,35.0,386.0,3.0,74.1,4.6
Brent Celek,PHI,2015.0,12.0,35.0,27.0,398.0,3.0,71.3,5.9
Austin Seferian-Jenkins,TB,2015.0,7.0,39.0,21.0,338.0,4.0,68.3,9.8
Jared Cook,STL,2015.0,16.0,75.0,39.0,481.0,0.0,65.6,4.1
Vance McDonald,SF,2015.0,13.0,45.0,30.0,326.0,3.0,65.6,5.0
Clive Walford,OAK,2015.0,15.0,50.0,28.0,329.0,3.0,64.9,4.3
Scott Chandler,NE,2015.0,12.0,42.0,23.0,259.0,4.0,61.4,5.1
Darren Fells,ARI,2015.0,11.0,28.0,21.0,311.0,3.0,59.6,5.4
Vernon Davis,SF,2015.0,12.0,56.0,38.0,395.0,0.0,58.5,4.9
Cameron Brate,TB,2015.0,12.0,30.0,23.0,288.0,3.0,58.3,4.9
Anthony Fasano,TEN,2015.0,14.0,42.0,26.0,289.0,2.0,53.9,3.9
Mychal Rivera,OAK,2015.0,13.0,45.0,32.0,280.0,1.0,50.0,3.8
Lance Kendricks,STL,2015.0,14.0,40.0,25.0,245.0,2.0,49.0,3.5
Larry Donnell,NYG,2015.0,8.0,41.0,29.0,223.0,2.0,48.8,6.1
Maxx Williams,BAL,2015.0,12.0,48.0,32.0,268.0,1.0,48.8,4.1
Ryan Griffin,HOU,2015.0,9.0,34.0,20.0,251.0,2.0,47.1,5.2
Garrett Celek,SF,2015.0,10.0,28.0,19.0,186.0,3.0,46.1,4.6
Jermaine Gresham,ARI,2015.0,13.0,32.0,18.0,223.0,1.0,37.3,2.9
Luke Willson,SEA,2015.0,12.0,25.0,17.0,213.0,1.0,35.8,3.0
Ed Dickson,CAR,2015.0,12.0,26.0,17.0,121.0,2.0,32.6,2.7
Josh Hill,NO,2015.0,13.0,30.0,16.0,120.0,2.0,32.0,2.5
Marcedes Lewis,JAC,2015.0,15.0,37.0,16.0,226.0,0.0,30.6,2.0
Craig Stevens,TEN,2015.0,10.0,16.0,12.0,121.0,2.0,30.1,3.0
Virgil Green,DEN,2015.0,10.0,14.0,12.0,173.0,1.0,29.3,2.9
C.J. Fiedorowicz,HOU,2015.0,13.0,24.0,17.0,167.0,1.0,29.2,2.2
Michael Hoomanawanui,NO,2015.0,10.0,16.0,11.0,76.0,3.0,29.1,2.9
Derek Carrier,WAS,2015.0,10.0,21.0,17.0,141.0,1.0,28.6,2.9
Clay Harbor,JAC,2015.0,8.0,20.0,14.0,149.0,1.0,27.9,3.5
Blake Bell,SF,2015.0,9.0,25.0,15.0,186.0,0.0,26.1,2.9
Dion Sims,MIA,2015.0,11.0,24.0,18.0,127.0,1.0,25.7,2.3
Dwayne Allen,IND,2015.0,12.0,29.0,16.0,109.0,1.0,25.0,2.1
Tyler Kroft,CIN,2015.0,6.0,15.0,11.0,129.0,1.0,24.4,4.1
Nick Boyle,BAL,2015.0,8.0,23.0,18.0,153.0,0.0,24.3,3.0
Tim Wright,DET,2015.0,6.0,16.0,9.0,77.0,2.0,24.2,4.0
Rhett Ellison,MIN,2015.0,10.0,18.0,11.0,124.0,1.0,23.9,2.4
Justin Perillo,GB,2015.0,6.0,13.0,11.0,102.0,1.0,21.7,3.6
Chris Gragg,BUF,2015.0,7.0,20.0,12.0,150.0,0.0,21.0,3.0
Cooper Helfet,SEA,2015.0,6.0,21.0,13.0,130.0,0.0,19.5,3.3
Jack Doyle,IND,2015.0,7.0,14.0,12.0,72.0,1.0,19.2,2.7
Jake Stoneburner,MIA,2015.0,3.0,5.0,5.0,47.0,2.0,19.2,6.4
Lee Smith,OAK,2015.0,10.0,13.0,12.0,70.0,1.0,19.0,1.9
Brandon Myers,TB,2015.0,6.0,17.0,12.0,127.0,0.0,18.7,3.1
John Phillips,SD,2015.0,6.0,11.0,10.0,69.0,1.0,17.9,3.0
Troy Niklas,ARI,2015.0,3.0,4.0,4.0,33.0,2.0,17.3,5.8
Chase Coffman,TEN,2015.0,2.0,11.0,8.0,71.0,1.0,17.1,8.6
Demetrius Harris,KC,2015.0,5.0,10.0,7.0,74.0,1.0,16.9,3.4
Luke Stocker,TB,2015.0,8.0,13.0,9.0,61.0,1.0,16.6,2.1
Brandon Pettigrew,DET,2015.0,6.0,14.0,7.0,67.0,1.0,16.2,2.7
Jesse James,PIT,2015.0,5.0,11.0,8.0,56.0,1.0,15.6,3.1
Gavin Escobar,DAL,2015.0,7.0,13.0,8.0,64.0,1.0,14.4,2.1
Ryan Hewitt,CIN,2015.0,7.0,10.0,8.0,99.0,0.0,13.9,2.0
MyCole Pruitt,MIN,2015.0,9.0,14.0,10.0,89.0,0.0,13.9,1.5
Tony Moeaki,ATL,2015.0,3.0,5.0,3.0,58.0,1.0,13.3,4.4
James Hanna,DAL,2015.0,8.0,14.0,9.0,79.0,0.0,12.4,1.6
James O'Shaughnessy,KC,2015.0,4.0,8.0,6.0,87.0,0.0,11.7,2.9
Garrett Graham,HOU,2015.0,6.0,18.0,4.0,30.0,1.0,11.0,1.8
Jeff Cumberland,NYJ,2015.0,8.0,14.0,5.0,77.0,0.0,10.2,1.3
Jerome Cunningham,NYG,2015.0,6.0,16.0,8.0,59.0,0.0,9.9,1.7
Daniel Brown,BAL,2015.0,4.0,11.0,6.0,64.0,0.0,9.4,2.4
Kellen Davis,NYJ,2015.0,10.0,10.0,3.0,18.0,1.0,9.3,0.9
Jim Dray,CLE,2015.0,8.0,16.0,6.0,61.0,0.0,9.1,1.1
Daniel Fells,NYG,2015.0,2.0,7.0,6.0,60.0,0.0,9.0,4.5
Levine Toilolo,ATL,2015.0,9.0,11.0,7.0,44.0,0.0,7.9,0.9
Trey Burton,PHI,2015.0,3.0,4.0,3.0,54.0,0.0,6.9,2.3
Robert Housler,CLE,2015.0,3.0,4.0,4.0,33.0,0.0,5.3,1.8
Cory Harkey,STL,2015.0,5.0,5.0,5.0,26.0,0.0,5.1,1.0
Andrew Quarless,GB,2015.0,3.0,5.0,4.0,31.0,0.0,5.1,1.7
Nick O'Leary,BUF,2015.0,3.0,3.0,1.0,37.0,0.0,4.2,1.4
Michael Williams,NE,2015.0,5.0,6.0,3.0,26.0,0.0,4.1,0.8
Matt LaCosse,NYG,2015.0,1.0,3.0,3.0,22.0,0.0,3.7,3.7
Malcolm Johnson,CLE,2015.0,4.0,5.0,4.0,15.0,0.0,3.5,0.9
Darren Waller,BAL,2015.0,2.0,4.0,2.0,18.0,0.0,2.8,1.4
Phillip Supernaw,TEN,2015.0,2.0,4.0,3.0,32.0,0.0,2.7,1.4
Matt Spaeth,PIT,2015.0,3.0,3.0,2.0,10.0,0.0,2.0,0.7
Scott Simonson,CAR,2015.0,1.0,1.0,1.0,10.0,0.0,1.5,1.5
E.J. Bibbs,CLE,2015.0,2.0,2.0,1.0,7.0,0.0,1.2,0.6
Khari Lee,CHI,2015.0,3.0,3.0,1.0,7.0,0.0,1.2,0.4
Nic Jacobs,JAC,2015.0,3.0,3.0,1.0,6.0,0.0,1.1,0.4
Brian Parker,KC,2015.0,2.0,2.0,1.0,6.0,0.0,1.1,0.6
Brian Leonhardt,SF,2015.0,1.0,1.0,1.0,4.0,0.0,0.9,0.9
C.J. Uzomah,CIN,2015.0,1.0,1.0,1.0,4.0,0.0,0.9,0.9
MarQueis Gray,BUF,2015.0,1.0,1.0,1.0,2.0,0.0,0.7,0.7
Matthew Mulligan,BUF,2015.0,1.0,1.0,1.0,2.0,0.0,0.7,0.7
Asante Cleveland,NE,2015.0,1.0,1.0,1.0,1.0,0.0,0.6,0.6
Geoff Swaim,DAL,2015.0,1.0,1.0,1.0,0.0,0.0,0.5,0.5
Vince Mayle,DAL,2015.0,1.0,1.0,0.0,0.0,0.0,0.0,0.0
Alex Smith,WAS,2015.0,2.0,2.0,0.0,0.0,0.0,0.0,0.0
David Johnson,SD,2015.0,4.0,2.0,1.0,4.0,0.0,-0.7,-0.2
Travis Kelce,KC,2016.0,16.0,117.0,85.0,1125.0,4.0,178.5,11.2
Kyle Rudolph,MIN,2016.0,16.0,132.0,83.0,840.0,7.0,167.5,10.5
Greg Olsen,CAR,2016.0,16.0,129.0,80.0,1073.0,3.0,165.3,10.3
Jimmy Graham,SEA,2016.0,16.0,95.0,65.0,923.0,6.0,156.8,9.8
Delanie Walker,TEN,2016.0,15.0,102.0,65.0,800.0,7.0,155.6,10.4
Zach Ertz,PHI,2016.0,14.0,106.0,78.0,816.0,4.0,144.6,10.3
Cameron Brate,TB,2016.0,15.0,82.0,57.0,660.0,8.0,142.5,9.5
Martellus Bennett,NE,2016.0,16.0,73.0,55.0,701.0,7.0,140.6,8.8
Jordan Reed,WAS,2016.0,12.0,89.0,66.0,686.0,6.0,135.6,11.3
Dennis Pitta,BAL,2016.0,16.0,121.0,86.0,729.0,2.0,125.9,7.9
Antonio Gates,SD,2016.0,14.0,93.0,53.0,548.0,7.0,121.3,8.7
Jason Witten,DAL,2016.0,16.0,95.0,69.0,673.0,3.0,117.8,7.4
Jack Doyle,IND,2016.0,16.0,75.0,59.0,584.0,5.0,115.9,7.2
Eric Ebron,DET,2016.0,13.0,85.0,61.0,711.0,1.0,113.7,8.7
Coby Fleener,NO,2016.0,16.0,82.0,50.0,631.0,3.0,112.3,7.0
Hunter Henry,SD,2016.0,13.0,53.0,36.0,482.0,8.0,112.2,8.6
Charles Clay,BUF,2016.0,15.0,87.0,57.0,552.0,4.0,107.7,7.2
C.J. Fiedorowicz,HOU,2016.0,15.0,89.0,54.0,559.0,4.0,106.9,7.1
Gary Barnidge,CLE,2016.0,16.0,81.0,55.0,612.0,2.0,100.7,6.3
Zach Miller,CHI,2016.0,10.0,64.0,47.0,486.0,4.0,96.1,9.6
Dwayne Allen,IND,2016.0,14.0,52.0,35.0,406.0,6.0,94.1,6.7
Vernon Davis,WAS,2016.0,15.0,59.0,44.0,583.0,2.0,92.3,6.2
Lance Kendricks,LAR,2016.0,16.0,87.0,50.0,499.0,2.0,84.9,5.3
Rob Gronkowski,NE,2016.0,8.0,38.0,25.0,540.0,3.0,84.5,10.6
Tyler Eifert,CIN,2016.0,8.0,47.0,29.0,394.0,5.0,83.9,10.5
Ryan Griffin,HOU,2016.0,16.0,74.0,50.0,442.0,2.0,79.2,5.0
Vance McDonald,SF,2016.0,10.0,45.0,24.0,391.0,4.0,75.1,7.5
Jesse James,PIT,2016.0,16.0,60.0,39.0,338.0,3.0,71.3,4.5
Clive Walford,OAK,2016.0,15.0,52.0,33.0,359.0,3.0,70.4,4.7
Jermaine Gresham,ARI,2016.0,16.0,61.0,37.0,390.0,2.0,69.5,4.3
Will Tye,NYG,2016.0,16.0,70.0,48.0,395.0,1.0,69.5,4.3
Julius Thomas,JAC,2016.0,9.0,51.0,30.0,281.0,4.0,67.1,7.5
Garrett Celek,SF,2016.0,13.0,51.0,29.0,350.0,3.0,65.5,5.0
Dion Sims,MIA,2016.0,13.0,35.0,26.0,256.0,4.0,62.6,4.8
Trey Burton,PHI,2016.0,14.0,60.0,37.0,327.0,1.0,57.2,4.1
Jared Cook,GB,2016.0,10.0,51.0,30.0,377.0,1.0,56.7,5.7
Austin Hooper,ATL,2016.0,11.0,27.0,19.0,271.0,3.0,54.6,5.0
Richard Rodgers,GB,2016.0,16.0,47.0,30.0,271.0,2.0,54.1,3.4
Jacob Tamme,ATL,2016.0,8.0,31.0,22.0,210.0,3.0,50.0,6.3
Ladarius Green,PIT,2016.0,6.0,34.0,18.0,304.0,1.0,45.4,7.6
Levine Toilolo,ATL,2016.0,13.0,19.0,13.0,264.0,2.0,44.9,3.5
Erik Swoope,IND,2016.0,9.0,22.0,15.0,297.0,1.0,43.2,4.8
C.J. Uzomah,CIN,2016.0,8.0,38.0,25.0,234.0,1.0,41.9,5.2
Virgil Green,DEN,2016.0,11.0,37.0,22.0,237.0,1.0,40.7,3.7
Mychal Rivera,OAK,2016.0,11.0,25.0,18.0,192.0,1.0,34.2,3.1
Marcedes Lewis,JAC,2016.0,10.0,30.0,20.0,169.0,1.0,32.9,3.3
Luke Willson,SEA,2016.0,10.0,21.0,15.0,129.0,2.0,32.4,3.2
Ben Koyack,JAC,2016.0,9.0,24.0,19.0,161.0,1.0,31.6,3.5
Seth Devalve,CLE,2016.0,8.0,13.0,10.0,127.0,2.0,29.7,3.7
Xavier Grimble,PIT,2016.0,8.0,21.0,11.0,118.0,2.0,29.3,3.7
Darren Fells,ARI,2016.0,9.0,18.0,14.0,154.0,1.0,28.4,3.2
Josh Hill,NO,2016.0,8.0,22.0,15.0,149.0,1.0,28.4,3.6
Austin Seferian-Jenkins,TB,2016.0,10.0,20.0,13.0,154.0,1.0,27.9,2.8
Demetrius Harris,KC,2016.0,13.0,31.0,17.0,123.0,1.0,26.8,2.1
Daniel Brown,CHI,2016.0,6.0,20.0,16.0,124.0,1.0,26.4,4.4
Jerell Adams,NYG,2016.0,9.0,21.0,16.0,122.0,1.0,26.2,2.9
Darren Waller,BAL,2016.0,8.0,17.0,10.0,85.0,2.0,25.5,3.2
Ed Dickson,CAR,2016.0,12.0,19.0,10.0,134.0,1.0,24.4,2.0
MarQueis Gray,MIA,2016.0,8.0,17.0,14.0,174.0,0.0,24.4,3.1
Anthony Fasano,TEN,2016.0,10.0,14.0,8.0,83.0,2.0,24.3,2.4
Brent Celek,PHI,2016.0,10.0,19.0,14.0,155.0,0.0,22.5,2.3
A.J. Derby,DEN,2016.0,6.0,20.0,16.0,160.0,0.0,22.0,3.7
Stephen Anderson,HOU,2016.0,9.0,16.0,11.0,93.0,1.0,20.8,2.3
Larry Donnell,NYG,2016.0,6.0,22.0,15.0,92.0,1.0,20.7,3.5
Tyler Higbee,LAR,2016.0,11.0,29.0,11.0,85.0,1.0,20.0,1.8
Jeff Heuerman,DEN,2016.0,6.0,17.0,9.0,141.0,0.0,18.6,3.1
John Phillips,DEN,2016.0,8.0,14.0,10.0,72.0,1.0,18.2,2.3
Crockett Gillmore,BAL,2016.0,5.0,14.0,8.0,71.0,1.0,17.1,3.4
Neal Sterling,JAC,2016.0,5.0,16.0,12.0,110.0,0.0,17.0,3.4
Rhett Ellison,MIN,2016.0,9.0,14.0,9.0,57.0,0.0,16.3,1.8
Jordan Cameron,MIA,2016.0,3.0,11.0,8.0,60.0,1.0,16.0,5.3
Nick O'Leary,BUF,2016.0,10.0,14.0,9.0,114.0,0.0,15.9,1.6
Dominique Jones,MIA,2016.0,6.0,10.0,7.0,61.0,1.0,15.6,2.6
Brandon Myers,TB,2016.0,8.0,14.0,7.0,59.0,1.0,15.4,1.9
Tyler Kroft,CIN,2016.0,6.0,12.0,10.0,92.0,0.0,14.2,2.4
Alan Cross,TB,2016.0,9.0,10.0,6.0,38.0,1.0,12.8,1.4
Joshua Perkins,ATL,2016.0,3.0,5.0,3.0,42.0,1.0,11.7,3.9
David Johnson,PIT,2016.0,11.0,11.0,7.0,80.0,0.0,11.5,1.0
Gavin Escobar,DAL,2016.0,3.0,7.0,4.0,30.0,1.0,11.0,3.7
Blake Bell,SF,2016.0,6.0,9.0,4.0,85.0,0.0,10.5,1.8
Brandon Bostick,NYJ,2016.0,9.0,11.0,8.0,63.0,0.0,10.3,1.1
Geoff Swaim,DAL,2016.0,6.0,8.0,6.0,69.0,0.0,9.9,1.7
Matt Lengel,NE,2016.0,2.0,3.0,2.0,22.0,1.0,9.2,4.6
Connor Hamlett,CLE,2016.0,1.0,1.0,1.0,17.0,1.0,8.2,8.2
Phillip Supernaw,TEN,2016.0,4.0,5.0,4.0,62.0,0.0,8.2,2.1
Jace Amaro,TEN,2016.0,1.0,4.0,3.0,59.0,0.0,7.4,7.4
Nick Boyle,BAL,2016.0,3.0,6.0,6.0,44.0,0.0,7.4,2.5
D.J. Tialavea,ATL,2016.0,1.0,1.0,1.0,1.0,1.0,6.6,6.6
Ben Braunecker,CHI,2016.0,3.0,6.0,4.0,41.0,0.0,6.1,2.0
Ifeanyi Momah,ARI,2016.0,3.0,4.0,2.0,50.0,0.0,6.0,2.0
Lee Smith,OAK,2016.0,3.0,6.0,6.0,29.0,0.0,5.9,2.0
Justin Perillo,GB,2016.0,4.0,5.0,4.0,35.0,0.0,5.5,1.4
Malcolm Johnson,CLE,2016.0,5.0,7.0,5.0,44.0,0.0,5.1,1.0
Luke Stocker,TB,2016.0,6.0,8.0,5.0,23.0,0.0,4.8,0.8
Nick Vannett,SEA,2016.0,3.0,4.0,3.0,32.0,0.0,4.7,1.6
Brandon Williams,SEA,2016.0,2.0,3.0,2.0,36.0,0.0,4.6,2.3
Niles Paul,WAS,2016.0,2.0,2.0,2.0,27.0,0.0,3.7,1.9
Sean McGrath,SD,2016.0,2.0,2.0,2.0,25.0,0.0,3.5,1.8
Clay Harbor,DET,2016.0,2.0,3.0,3.0,19.0,0.0,3.4,1.7
Logan Paulsen,CHI,2016.0,7.0,10.0,3.0,15.0,0.0,3.0,0.4
Ross Travis,KC,2016.0,4.0,6.0,3.0,15.0,0.0,3.0,0.8
Cole Wick,DET,2016.0,4.0,3.0,2.0,18.0,0.0,2.8,0.7
Alex Ellis,JAC,2016.0,3.0,4.0,3.0,11.0,0.0,2.6,0.9
Je'Ron Hamm,SF,2016.0,1.0,4.0,2.0,13.0,0.0,2.3,2.3
Ryan Hewitt,CIN,2016.0,2.0,3.0,2.0,13.0,0.0,2.3,1.2
MyCole Pruitt,MIN,2016.0,2.0,2.0,2.0,13.0,0.0,2.3,1.2
Derek Carrier,WAS,2016.0,2.0,2.0,2.0,10.0,0.0,2.0,1.0
Gerald Christian,BUF,2016.0,1.0,2.0,1.0,14.0,0.0,1.9,1.9
Henry Krieger-Coble,DEN,2016.0,1.0,1.0,1.0,13.0,0.0,1.8,1.8
Chris Manhertz,CAR,2016.0,1.0,1.0,1.0,10.0,0.0,1.5,1.5
Randall Telfer,CLE,2016.0,5.0,6.0,2.0,4.0,0.0,1.4,0.3
Matthew Mulligan,DET,2016.0,1.0,1.0,1.0,8.0,0.0,1.3,1.3
David Morgan,MIN,2016.0,1.0,1.0,1.0,4.0,0.0,0.9,0.9
James O'Shaughnessy,KC,2016.0,3.0,3.0,2.0,-1.0,0.0,0.9,0.3
Troy Niklas,ARI,2016.0,2.0,2.0,1.0,0.0,0.0,0.5,0.3
Braedon Bowman,NYJ,2016.0,1.0,1.0,0.0,0.0,0.0,0.0,0.0
Kellen Davis,NYJ,2016.0,4.0,1.0,0.0,0.0,0.0,0.0,0.0
Khari Lee,DET,2016.0,1.0,1.0,0.0,0.0,0.0,0.0,0.0
Hakeem Valles,ARI,2016.0,2.0,2.0,0.0,0.0,0.0,0.0,0.0
Travis Kelce,KC,2017.0,15.0,122.0,83.0,1038.0,8.0,194.0,12.9
Rob Gronkowski,NE,2017.0,13.0,105.0,69.0,1083.0,8.0,190.8,14.7
Zach Ertz,PHI,2017.0,14.0,110.0,74.0,824.0,8.0,165.4,11.8
Evan Engram,NYG,2017.0,15.0,115.0,64.0,722.0,6.0,141.6,9.4
Jimmy Graham,SEA,2017.0,16.0,95.0,57.0,520.0,10.0,140.5,8.8
Delanie Walker,TEN,2017.0,16.0,111.0,74.0,807.0,3.0,137.5,8.6
Kyle Rudolph,MIN,2017.0,16.0,81.0,57.0,532.0,8.0,129.7,8.1
Jack Doyle,IND,2017.0,15.0,108.0,80.0,690.0,4.0,129.0,8.6
Cameron Brate,TB,2017.0,16.0,77.0,48.0,591.0,6.0,119.1,7.4
Jason Witten,DAL,2017.0,16.0,87.0,63.0,560.0,5.0,115.5,7.2
Ben Watson,BAL,2017.0,16.0,79.0,61.0,522.0,4.0,106.7,6.7
Eric Ebron,DET,2017.0,16.0,86.0,53.0,574.0,4.0,105.9,6.6
Jared Cook,OAK,2017.0,16.0,86.0,54.0,687.0,2.0,105.7,6.6
Hunter Henry,LAC,2017.0,12.0,62.0,45.0,579.0,4.0,104.4,8.7
Tyler Kroft,CIN,2017.0,15.0,62.0,42.0,404.0,7.0,103.4,6.9
Vernon Davis,WAS,2017.0,16.0,68.0,43.0,648.0,3.0,100.3,6.3
Austin Hooper,ATL,2017.0,16.0,65.0,49.0,526.0,3.0,95.1,5.9
Charles Clay,BUF,2017.0,13.0,74.0,49.0,558.0,2.0,92.3,7.1
O.J. Howard,TB,2017.0,13.0,39.0,26.0,432.0,6.0,88.2,6.8
George Kittle,SF,2017.0,15.0,63.0,43.0,515.0,2.0,85.0,5.7
David Njoku,CLE,2017.0,16.0,60.0,32.0,386.0,4.0,78.7,4.9
Julius Thomas,MIA,2017.0,14.0,62.0,41.0,388.0,3.0,77.3,5.5
Jesse James,PIT,2017.0,14.0,64.0,43.0,372.0,3.0,76.7,5.5
Austin Seferian-Jenkins,NYJ,2017.0,13.0,74.0,50.0,357.0,3.0,76.7,5.9
Marcedes Lewis,JAC,2017.0,16.0,48.0,24.0,318.0,5.0,73.8,4.6
Garrett Celek,SF,2017.0,13.0,33.0,21.0,336.0,4.0,68.1,5.2
Trey Burton,PHI,2017.0,11.0,31.0,23.0,248.0,5.0,66.3,6.0
Ed Dickson,CAR,2017.0,14.0,48.0,30.0,437.0,1.0,64.7,4.6
Antonio Gates,LAC,2017.0,16.0,52.0,30.0,316.0,3.0,64.6,4.0
Jermaine Gresham,ARI,2017.0,14.0,46.0,33.0,322.0,2.0,60.7,4.3
Seth Devalve,CLE,2017.0,16.0,58.0,33.0,395.0,1.0,60.0,3.8
Nick O'Leary,BUF,2017.0,13.0,32.0,22.0,322.0,2.0,53.2,4.1
Stephen Anderson,HOU,2017.0,14.0,53.0,25.0,342.0,1.0,52.7,3.8
Coby Fleener,NO,2017.0,11.0,30.0,22.0,295.0,2.0,52.5,4.8
Tyler Higbee,LAR,2017.0,14.0,45.0,25.0,295.0,1.0,48.0,3.4
Rhett Ellison,NYG,2017.0,12.0,32.0,24.0,235.0,2.0,47.5,4.0
Luke Willson,SEA,2017.0,13.0,22.0,15.0,153.0,4.0,46.8,3.6
Jordan Reed,WAS,2017.0,6.0,35.0,27.0,211.0,2.0,46.6,7.8
Zach Miller,CHI,2017.0,8.0,35.0,20.0,236.0,2.0,45.6,5.7
A.J. Derby,DEN,2017.0,11.0,40.0,21.0,244.0,2.0,44.9,4.1
Darren Fells,DET,2017.0,13.0,26.0,17.0,177.0,3.0,44.2,3.4
Ricky Seals-Jones,ARI,2017.0,8.0,28.0,12.0,201.0,3.0,44.1,5.5
Gerald Everett,LAR,2017.0,13.0,32.0,16.0,244.0,2.0,43.7,3.4
Martellus Bennett,GB,2017.0,9.0,44.0,30.0,286.0,0.0,43.6,4.8
Demetrius Harris,KC,2017.0,13.0,35.0,18.0,224.0,1.0,37.4,2.9
Adam Shaheen,CHI,2017.0,6.0,14.0,12.0,127.0,3.0,36.7,6.1
Jonnu Smith,TEN,2017.0,13.0,30.0,18.0,157.0,2.0,36.7,2.8
Lance Kendricks,GB,2017.0,11.0,35.0,18.0,203.0,1.0,35.3,3.2
Nick Boyle,BAL,2017.0,15.0,37.0,28.0,203.0,0.0,34.3,2.3
Greg Olsen,CAR,2017.0,7.0,38.0,17.0,191.0,1.0,33.6,4.8
Virgil Green,DEN,2017.0,11.0,22.0,14.0,191.0,1.0,32.1,2.9
Vance McDonald,PIT,2017.0,9.0,24.0,14.0,188.0,1.0,31.8,3.5
Dion Sims,CHI,2017.0,12.0,29.0,15.0,180.0,1.0,31.5,2.6
Jeff Heuerman,DEN,2017.0,10.0,18.0,9.0,142.0,2.0,30.7,3.1
Levine Toilolo,ATL,2017.0,9.0,14.0,12.0,122.0,1.0,30.2,3.4
Ryan Griffin,HOU,2017.0,6.0,26.0,13.0,158.0,1.0,28.3,4.7
Richard Rodgers,GB,2017.0,9.0,19.0,12.0,160.0,1.0,28.0,3.1
James O'Shaughnessy,JAC,2017.0,14.0,24.0,14.0,149.0,1.0,27.9,2.0
Brent Celek,PHI,2017.0,11.0,24.0,13.0,130.0,1.0,25.5,2.3
Troy Niklas,ARI,2017.0,11.0,23.0,11.0,132.0,1.0,24.7,2.2
Nick Vannett,SEA,2017.0,8.0,15.0,12.0,124.0,1.0,24.4,3.1
Anthony Fasano,MIA,2017.0,8.0,16.0,12.0,107.0,1.0,22.7,2.8
Eric Tomlinson,NYJ,2017.0,8.0,11.0,8.0,121.0,1.0,22.1,2.8
Josh Hill,NO,2017.0,10.0,22.0,16.0,125.0,1.0,21.7,2.2
Maxx Williams,BAL,2017.0,9.0,18.0,15.0,86.0,1.0,20.7,2.3
David Morgan,MIN,2017.0,7.0,12.0,10.0,95.0,1.0,20.5,2.9
C.J. Uzomah,CIN,2017.0,9.0,15.0,10.0,92.0,1.0,20.2,2.2
C.J. Fiedorowicz,HOU,2017.0,5.0,23.0,14.0,127.0,0.0,19.7,3.9
Dwayne Allen,NE,2017.0,12.0,22.0,10.0,86.0,1.0,19.6,1.6
Daniel Brown,CHI,2017.0,8.0,20.0,13.0,129.0,0.0,19.4,2.4
Brandon Williams,IND,2017.0,9.0,17.0,13.0,121.0,0.0,18.6,2.1
James Hanna,DAL,2017.0,7.0,9.0,4.0,88.0,1.0,16.8,2.4
Niles Paul,WAS,2017.0,11.0,20.0,13.0,94.0,0.0,16.3,1.5
Logan Thomas,BUF,2017.0,5.0,9.0,7.0,67.0,1.0,16.2,3.2
Michael Hoomanawanui,NO,2017.0,7.0,10.0,6.0,52.0,1.0,14.2,2.0
Austin Traylor,DEN,2017.0,4.0,13.0,8.0,100.0,0.0,14.0,3.5
Jerell Adams,NYG,2017.0,6.0,11.0,8.0,92.0,0.0,13.2,2.2
Clive Walford,OAK,2017.0,6.0,13.0,9.0,80.0,0.0,12.5,2.1
Phillip Supernaw,TEN,2017.0,5.0,6.0,4.0,39.0,1.0,11.9,2.4
Xavier Grimble,PIT,2017.0,6.0,9.0,5.0,32.0,1.0,11.7,2.0
Lee Smith,OAK,2017.0,6.0,11.0,8.0,76.0,0.0,11.6,1.9
Neal Sterling,NYJ,2017.0,4.0,11.0,6.0,82.0,0.0,11.2,2.8
Derek Carrier,LAR,2017.0,8.0,11.0,8.0,71.0,0.0,11.1,1.4
Ross Travis,KC,2017.0,10.0,17.0,7.0,76.0,0.0,11.1,1.1
Luke Stocker,TB,2017.0,4.0,5.0,4.0,30.0,1.0,11.0,2.8
Alan Cross,TB,2017.0,5.0,6.0,5.0,58.0,0.0,8.3,1.7
Jeremy Sprinkle,WAS,2017.0,3.0,3.0,2.0,13.0,1.0,8.3,2.8
Jacob Hollister,NE,2017.0,9.0,11.0,4.0,42.0,0.0,6.7,0.7
Tyler Eifert,CIN,2017.0,2.0,5.0,4.0,46.0,0.0,6.6,3.3
Sean McGrath,LAC,2017.0,3.0,4.0,4.0,46.0,0.0,6.6,2.2
Michael Roberts,DET,2017.0,5.0,7.0,4.0,46.0,0.0,6.6,1.3
Orson Charles,KC,2017.0,2.0,2.0,2.0,53.0,0.0,6.3,3.2
Ben Koyack,JAC,2017.0,6.0,7.0,5.0,38.0,0.0,6.3,1.1
Vince Mayle,BAL,2017.0,3.0,1.0,0.0,0.0,0.0,6.2,2.1
Will Tye,NYJ,2017.0,2.0,6.0,4.0,38.0,0.0,5.8,2.9
Ifeanyi Momah,ARI,2017.0,1.0,2.0,1.0,46.0,0.0,5.1,5.1
Randall Telfer,CLE,2017.0,3.0,4.0,3.0,36.0,0.0,5.1,1.7
Emanuel Byrd,GB,2017.0,1.0,2.0,2.0,31.0,0.0,4.1,4.1
Darrell Daniels,IND,2017.0,6.0,13.0,3.0,26.0,0.0,4.1,0.7
Antony Auclair,TB,2017.0,2.0,2.0,2.0,25.0,0.0,3.5,1.8
Geoff Swaim,DAL,2017.0,2.0,2.0,2.0,25.0,0.0,3.5,1.8
Blake Bell,MIN,2017.0,3.0,4.0,3.0,19.0,0.0,3.4,1.1
Ryan Hewitt,CIN,2017.0,2.0,2.0,2.0,22.0,0.0,3.2,1.6
MarQueis Gray,MIA,2017.0,6.0,3.0,1.0,10.0,0.0,2.9,0.5
Chris Manhertz,CAR,2017.0,3.0,4.0,2.0,17.0,0.0,2.7,0.9
Cole Hikutini,SF,2017.0,2.0,3.0,2.0,15.0,0.0,2.5,1.3
Jeff Cumberland,LAC,2017.0,2.0,3.0,2.0,2.0,0.0,1.2,0.6
Garrett Griffin,NO,2017.0,1.0,1.0,1.0,4.0,0.0,0.9,0.9
Ryan Malleck,HOU,2017.0,1.0,1.0,1.0,3.0,0.0,0.8,0.8
Evan Baylis,HOU,2017.0,1.0,0.0,0.0,0.0,0.0,0.0,0.0
Cethan Carter,CIN,2017.0,1.0,1.0,0.0,0.0,0.0,0.0,0.0
Gabe Holmes,ARI,2017.0,1.0,1.0,0.0,0.0,0.0,0.0,0.0
Matt LaCosse,NYG,2017.0,1.0,1.0,0.0,0.0,0.0,0.0,0.0
Logan Paulsen,SF,2017.0,2.0,2.0,0.0,0.0,0.0,0.0,0.0
