Roddy White,ATL,2010.0,16.0,179.0,115.0,1389.0,10.0,1.0,3.0,0.0,254.7,15.9
Brandon Lloyd,DEN,2010.0,16.0,153.0,77.0,1448.0,11.0,1.0,-18.0,0.0,247.5,15.5
Dwayne Bowe,KC,2010.0,16.0,133.0,72.0,1162.0,15.0,1.0,4.0,0.0,242.6,15.2
Greg Jennings,GB,2010.0,16.0,124.0,76.0,1265.0,12.0,1.0,-1.0,0.0,236.4,14.8
Calvin Johnson,DET,2010.0,16.0,137.0,77.0,1120.0,12.0,4.0,32.0,0.0,225.7,14.1
Reggie Wayne,IND,2010.0,16.0,176.0,111.0,1355.0,6.0,0.0,0.0,0.0,225.0,14.1
Mike Wallace,PIT,2010.0,16.0,102.0,60.0,1257.0,10.0,5.0,39.0,0.0,219.6,13.7
Andre Johnson,HOU,2010.0,13.0,138.0,86.0,1216.0,8.0,2.0,10.0,0.0,213.6,16.4
Hakeem Nicks,NYG,2010.0,13.0,128.0,79.0,1052.0,11.0,0.0,0.0,0.0,210.7,16.2
Steve Johnson,BUF,2010.0,16.0,142.0,82.0,1073.0,10.0,0.0,0.0,0.0,206.3,12.9
Larry Fitzgerald,ARI,2010.0,16.0,173.0,90.0,1137.0,6.0,0.0,0.0,0.0,194.7,12.2
Miles Austin,DAL,2010.0,16.0,119.0,69.0,1041.0,7.0,7.0,93.0,1.0,193.9,12.1
Jeremy Maclin,PHI,2010.0,16.0,115.0,70.0,964.0,10.0,3.0,36.0,0.0,193.0,12.1
Mike Williams,TB,2010.0,16.0,128.0,64.0,955.0,11.0,0.0,0.0,0.0,189.5,11.8
Santana Moss,WAS,2010.0,16.0,145.0,93.0,1115.0,6.0,5.0,-6.0,0.0,189.4,11.8
Terrell Owens,CIN,2010.0,14.0,139.0,72.0,983.0,9.0,0.0,0.0,0.0,188.3,13.5
Marques Colston,NO,2010.0,15.0,131.0,84.0,1022.0,7.0,1.0,1.0,0.0,186.3,12.4
DeSean Jackson,PHI,2010.0,14.0,96.0,47.0,1056.0,6.0,16.0,104.0,1.0,179.5,12.8
Mario Manningham,NYG,2010.0,16.0,92.0,60.0,944.0,9.0,1.0,2.0,0.0,176.6,11.0
Wes Welker,NE,2010.0,15.0,123.0,86.0,848.0,7.0,0.0,0.0,0.0,169.8,11.3
Percy Harvin,MIN,2010.0,14.0,109.0,71.0,871.0,5.0,18.0,107.0,1.0,167.3,12.0
Brandon Marshall,MIA,2010.0,14.0,146.0,86.0,1014.0,3.0,2.0,3.0,0.0,160.7,11.5
Braylon Edwards,NYJ,2010.0,16.0,101.0,53.0,904.0,7.0,1.0,4.0,0.0,157.3,9.8
Anquan Boldin,BAL,2010.0,16.0,109.0,64.0,837.0,7.0,2.0,2.0,0.0,155.9,9.7
Lance Moore,NO,2010.0,16.0,95.0,66.0,763.0,8.0,0.0,0.0,0.0,155.3,9.7
Derrick Mason,BAL,2010.0,16.0,100.0,61.0,802.0,7.0,0.0,0.0,0.0,152.7,9.5
Kenny Britt,TEN,2010.0,12.0,73.0,42.0,775.0,9.0,0.0,0.0,0.0,150.5,12.5
Johnny Knox,CHI,2010.0,16.0,99.0,51.0,960.0,5.0,1.0,2.0,0.0,149.7,9.4
Pierre Garcon,IND,2010.0,14.0,118.0,67.0,784.0,6.0,2.0,6.0,0.0,148.5,10.6
Davone Bess,MIA,2010.0,16.0,122.0,79.0,820.0,5.0,2.0,-3.0,0.0,147.2,9.2
Deion Branch,SEA,2010.0,15.0,92.0,61.0,818.0,6.0,0.0,0.0,0.0,146.3,9.8
Mike Thomas,JAC,2010.0,16.0,101.0,66.0,820.0,4.0,12.0,114.0,0.0,144.4,9.0
Chad Johnson,CIN,2010.0,14.0,126.0,67.0,831.0,4.0,0.0,0.0,0.0,140.6,10.0
Austin Collie,IND,2010.0,9.0,72.0,58.0,649.0,8.0,0.0,0.0,0.0,139.9,15.5
Michael Crabtree,SF,2010.0,16.0,101.0,55.0,741.0,6.0,0.0,0.0,0.0,137.6,8.6
Danny Amendola,STL,2010.0,16.0,123.0,85.0,689.0,3.0,7.0,81.0,0.0,135.5,8.5
Santonio Holmes,NYJ,2010.0,12.0,95.0,52.0,746.0,6.0,2.0,17.0,0.0,134.3,11.2
Hines Ward,PIT,2010.0,16.0,93.0,59.0,755.0,5.0,1.0,-2.0,0.0,132.8,8.3
Jabar Gaffney,DEN,2010.0,16.0,112.0,65.0,875.0,2.0,0.0,0.0,0.0,132.0,8.3
Nate Burleson,DET,2010.0,14.0,86.0,55.0,625.0,6.0,7.0,81.0,0.0,130.1,9.3
Malcom Floyd,SD,2010.0,11.0,77.0,37.0,717.0,6.0,0.0,0.0,0.0,126.2,11.5
Anthony Armstrong,WAS,2010.0,15.0,86.0,44.0,871.0,3.0,0.0,0.0,0.0,125.1,8.3
Nate Washington,TEN,2010.0,16.0,94.0,42.0,687.0,6.0,1.0,-8.0,0.0,124.9,7.8
James Jones,GB,2010.0,16.0,87.0,50.0,679.0,5.0,0.0,0.0,0.0,120.9,7.6
Mike Williams,SEA,2010.0,14.0,110.0,65.0,751.0,2.0,1.0,0.0,0.0,119.6,8.5
Mike Sims-Walker,JAC,2010.0,14.0,80.0,43.0,562.0,7.0,0.0,0.0,0.0,117.7,8.4
Kevin Walter,HOU,2010.0,16.0,80.0,51.0,621.0,5.0,0.0,0.0,0.0,117.6,7.4
Robert Meachem,NO,2010.0,16.0,66.0,44.0,638.0,5.0,4.0,14.0,0.0,117.2,7.3
Dez Bryant,DAL,2010.0,12.0,72.0,45.0,561.0,6.0,1.0,0.0,0.0,112.6,9.4
Eddie Royal,DEN,2010.0,16.0,105.0,59.0,627.0,3.0,6.0,61.0,0.0,112.3,7.0
Steve Breaston,ARI,2010.0,13.0,87.0,47.0,718.0,1.0,3.0,35.0,0.0,104.8,8.1
Donald Driver,GB,2010.0,15.0,86.0,51.0,565.0,4.0,0.0,0.0,0.0,104.0,6.9
Jordan Shipley,CIN,2010.0,15.0,74.0,52.0,600.0,3.0,0.0,0.0,0.0,104.0,6.9
Josh Morgan,SF,2010.0,16.0,80.0,44.0,698.0,2.0,2.0,17.0,0.0,103.5,6.5
Brandon Gibson,STL,2010.0,14.0,91.0,53.0,620.0,2.0,3.0,28.0,0.0,103.3,7.4
Jacoby Jones,HOU,2010.0,15.0,78.0,51.0,562.0,3.0,2.0,7.0,0.0,100.4,6.7
Lee Evans,BUF,2010.0,13.0,83.0,37.0,578.0,4.0,0.0,0.0,0.0,98.3,7.6
Earl Bennett,CHI,2010.0,14.0,70.0,46.0,561.0,3.0,2.0,9.0,0.0,98.0,7.0
Roy Williams,DAL,2010.0,15.0,64.0,37.0,530.0,5.0,0.0,0.0,0.0,97.5,6.5
Jacoby Ford,OAK,2010.0,16.0,54.0,25.0,470.0,2.0,10.0,155.0,2.0,97.0,6.1
Louis Murphy,OAK,2010.0,14.0,78.0,41.0,609.0,2.0,1.0,43.0,0.0,95.7,6.8
Steve Smith,NYG,2010.0,9.0,75.0,48.0,529.0,3.0,0.0,0.0,0.0,94.9,10.5
Devin Hester,CHI,2010.0,16.0,73.0,40.0,475.0,4.0,7.0,30.0,0.0,94.5,5.9
Ben Obomanu,SEA,2010.0,15.0,49.0,30.0,494.0,4.0,2.0,17.0,0.0,90.1,6.0
Brian Hartline,MIA,2010.0,12.0,73.0,43.0,615.0,1.0,2.0,27.0,0.0,89.7,7.5
Jason Avant,PHI,2010.0,16.0,74.0,51.0,573.0,1.0,0.0,0.0,0.0,88.8,5.6
David Gettis,CAR,2010.0,15.0,67.0,37.0,508.0,3.0,3.0,2.0,0.0,87.5,5.8
Steve Smith,CAR,2010.0,14.0,99.0,46.0,554.0,2.0,1.0,9.0,0.0,87.3,6.2
Jordy Nelson,GB,2010.0,16.0,64.0,45.0,582.0,2.0,0.0,0.0,0.0,86.7,5.4
Blair White,IND,2010.0,13.0,57.0,36.0,355.0,5.0,0.0,0.0,0.0,83.5,6.4
Randy Moss,NE,2010.0,16.0,63.0,28.0,393.0,5.0,0.0,0.0,0.0,83.3,5.2
Michael Jenkins,ATL,2010.0,11.0,73.0,41.0,505.0,2.0,0.0,0.0,0.0,83.0,7.5
Deon Butler,SEA,2010.0,13.0,70.0,36.0,385.0,4.0,2.0,6.0,0.0,81.1,6.2
Brandon LaFell,CAR,2010.0,14.0,77.0,38.0,468.0,1.0,1.0,60.0,0.0,77.8,5.6
Brandon Tate,NE,2010.0,16.0,46.0,24.0,432.0,3.0,5.0,62.0,0.0,77.4,4.8
Mohamed Massaquoi,CLE,2010.0,15.0,74.0,36.0,483.0,2.0,1.0,-3.0,0.0,76.0,5.1
Jerricho Cotchery,NYJ,2010.0,14.0,86.0,41.0,433.0,2.0,4.0,-3.0,0.0,75.5,5.4
T.J. Houshmandzadeh,BAL,2010.0,16.0,57.0,30.0,398.0,3.0,0.0,0.0,0.0,72.8,4.6
Patrick Crayton,SD,2010.0,10.0,42.0,28.0,514.0,1.0,0.0,0.0,0.0,71.4,7.1
Roscoe Parrish,BUF,2010.0,8.0,53.0,33.0,400.0,2.0,3.0,23.0,0.0,70.8,8.9
Devery Henderson,NO,2010.0,16.0,59.0,34.0,464.0,1.0,3.0,8.0,0.0,70.2,4.4
David Nelson,BUF,2010.0,15.0,47.0,31.0,353.0,3.0,0.0,0.0,0.0,68.8,4.6
Arrelious Benn,TB,2010.0,15.0,38.0,25.0,395.0,2.0,6.0,35.0,0.0,67.5,4.5
Brian Robiskie,CLE,2010.0,14.0,49.0,29.0,310.0,3.0,0.0,0.0,0.0,63.5,4.5
Laurent Robinson,STL,2010.0,14.0,75.0,34.0,344.0,2.0,2.0,-14.0,0.0,62.0,4.4
Emmanuel Sanders,PIT,2010.0,13.0,50.0,28.0,376.0,2.0,0.0,0.0,0.0,61.6,4.7
Darrius Heyward-Bey,OAK,2010.0,15.0,65.0,26.0,366.0,1.0,4.0,48.0,0.0,58.4,3.9
Chansi Stuckey,CLE,2010.0,16.0,63.0,40.0,346.0,0.0,3.0,9.0,1.0,57.5,3.6
Mark Clayton,STL,2010.0,5.0,42.0,23.0,306.0,2.0,1.0,6.0,0.0,54.7,10.9
Josh Cribbs,CLE,2010.0,15.0,39.0,23.0,292.0,1.0,20.0,66.0,0.0,53.3,3.6
Andre Roberts,ARI,2010.0,15.0,49.0,24.0,307.0,2.0,0.0,0.0,0.0,52.7,3.5
Legedu Naanee,SD,2010.0,10.0,46.0,23.0,371.0,1.0,3.0,-2.0,0.0,52.4,5.2
Jerome Simpson,CIN,2010.0,5.0,25.0,20.0,277.0,3.0,1.0,2.0,0.0,51.9,10.4
Vincent Jackson,SD,2010.0,5.0,24.0,14.0,248.0,3.0,1.0,14.0,0.0,51.2,10.2
Brandon Stokley,SEA,2010.0,11.0,43.0,31.0,354.0,0.0,0.0,0.0,0.0,50.9,4.6
Early Doucet,ARI,2010.0,10.0,59.0,26.0,291.0,1.0,2.0,5.0,0.0,48.6,4.9
Sidney Rice,MIN,2010.0,6.0,42.0,17.0,280.0,2.0,0.0,0.0,0.0,48.5,8.1
Demaryius Thomas,DEN,2010.0,10.0,39.0,22.0,283.0,2.0,2.0,1.0,0.0,47.4,4.7
Danario Alexander,STL,2010.0,8.0,37.0,20.0,306.0,1.0,0.0,0.0,0.0,46.6,5.8
Harry Douglas,ATL,2010.0,16.0,53.0,22.0,294.0,1.0,2.0,-5.0,0.0,45.9,2.9
Andre Caldwell,CIN,2010.0,15.0,37.0,25.0,345.0,0.0,1.0,-2.0,0.0,44.8,3.0
Seyi Ajirotutu,SD,2010.0,10.0,23.0,13.0,262.0,2.0,0.0,0.0,0.0,44.7,4.5
Brian Finneran,ATL,2010.0,16.0,31.0,19.0,166.0,3.0,0.0,0.0,0.0,44.1,2.8
Micheal Spurlock,TB,2010.0,16.0,32.0,17.0,250.0,2.0,0.0,0.0,0.0,43.5,2.7
Justin Gage,TEN,2010.0,11.0,43.0,20.0,266.0,1.0,0.0,0.0,0.0,42.6,3.9
Craig Davis,SD,2010.0,7.0,39.0,21.0,259.0,1.0,0.0,0.0,0.0,42.4,6.1
Derek Hagan,NYG,2010.0,7.0,43.0,24.0,223.0,1.0,0.0,0.0,0.0,40.3,5.8
Greg Camarillo,MIN,2010.0,16.0,34.0,20.0,240.0,1.0,0.0,0.0,0.0,40.0,2.5
Chris Chambers,KC,2010.0,13.0,43.0,22.0,213.0,1.0,0.0,0.0,0.0,38.3,2.9
Bernard Berrian,MIN,2010.0,14.0,54.0,28.0,247.0,0.0,1.0,-8.0,0.0,37.9,2.7
Antwaan Randle El,PIT,2010.0,16.0,39.0,22.0,253.0,0.0,1.0,2.0,0.0,36.5,2.3
Donald Jones,BUF,2010.0,15.0,41.0,18.0,213.0,1.0,3.0,1.0,0.0,36.4,2.4
Jason Hill,SF,2010.0,8.0,21.0,11.0,248.0,1.0,0.0,0.0,0.0,36.3,4.5
Sammie Stroughter,TB,2010.0,12.0,41.0,25.0,248.0,0.0,1.0,2.0,0.0,35.5,3.0
Golden Tate,SEA,2010.0,11.0,39.0,21.0,227.0,0.0,2.0,4.0,0.0,33.6,3.1
Damian Williams,TEN,2010.0,16.0,28.0,16.0,219.0,0.0,1.0,5.0,0.0,30.4,1.9
Bryant Johnson,DET,2010.0,14.0,49.0,18.0,210.0,0.0,0.0,0.0,0.0,30.0,2.1
Kelley Washington,SD,2010.0,8.0,14.0,13.0,173.0,1.0,0.0,0.0,0.0,29.8,3.7
Ted Ginn Jr,SF,2010.0,13.0,35.0,12.0,163.0,1.0,2.0,11.0,0.0,29.4,2.3
Greg Lewis,MIN,2010.0,13.0,36.0,17.0,192.0,0.0,0.0,0.0,0.0,27.7,2.1
Chad Hall,PHI,2010.0,8.0,18.0,11.0,115.0,1.0,9.0,29.0,0.0,25.9,3.2
Ruvell Martin,SEA,2010.0,4.0,9.0,7.0,158.0,1.0,0.0,0.0,0.0,25.3,6.3
Antonio Brown,PIT,2010.0,9.0,19.0,16.0,167.0,0.0,0.0,0.0,0.0,24.7,2.7
Terrance Copper,KC,2010.0,16.0,28.0,18.0,157.0,0.0,0.0,0.0,0.0,24.7,1.5
Marlon Moore,MIA,2010.0,9.0,19.0,6.0,128.0,1.0,1.0,16.0,0.0,23.4,2.6
Joey Galloway,WAS,2010.0,10.0,38.0,12.0,173.0,0.0,0.0,0.0,0.0,23.3,2.3
Riley Cooper,PHI,2010.0,13.0,18.0,7.0,116.0,1.0,0.0,0.0,0.0,21.1,1.6
Verran Tucker,KC,2010.0,11.0,19.0,6.0,114.0,1.0,0.0,0.0,0.0,20.4,1.9
Devin Aromashodu,CHI,2010.0,14.0,24.0,10.0,149.0,0.0,0.0,0.0,0.0,19.9,1.4
Sam Hurd,DAL,2010.0,15.0,23.0,14.0,120.0,0.0,0.0,0.0,0.0,19.0,1.3
Rashied Davis,CHI,2010.0,16.0,14.0,9.0,84.0,1.0,0.0,0.0,0.0,18.9,1.2
Naaman Roosevelt,BUF,2010.0,6.0,17.0,9.0,139.0,0.0,1.0,3.0,0.0,18.7,3.1
Dezmon Briscoe,TB,2010.0,2.0,7.0,6.0,93.0,1.0,0.0,0.0,0.0,18.3,9.2
Eric Decker,DEN,2010.0,14.0,8.0,6.0,106.0,1.0,0.0,0.0,0.0,17.6,1.3
Maurice Stovall,TB,2010.0,12.0,9.0,7.0,81.0,1.0,0.0,0.0,0.0,17.6,1.5
David Anderson,HOU,2010.0,12.0,18.0,11.0,117.0,0.0,0.0,0.0,0.0,17.2,1.4
David Clowney,NYJ,2010.0,13.0,16.0,7.0,124.0,0.0,0.0,0.0,0.0,15.9,1.2
Max Komar,ARI,2010.0,8.0,22.0,12.0,117.0,0.0,0.0,0.0,0.0,15.7,2.0
Johnnie Lee Higgins,OAK,2010.0,13.0,30.0,10.0,103.0,0.0,0.0,0.0,0.0,15.3,1.2
Tiquan Underwood,JAC,2010.0,10.0,22.0,8.0,111.0,0.0,0.0,0.0,0.0,15.1,1.5
Kassim Osgood,JAC,2010.0,16.0,16.0,6.0,60.0,1.0,0.0,0.0,0.0,15.0,0.9
Roydell Williams,WAS,2010.0,16.0,18.0,8.0,109.0,0.0,0.0,0.0,0.0,14.9,0.9
Stephen Williams,ARI,2010.0,11.0,23.0,9.0,101.0,0.0,0.0,0.0,0.0,14.6,1.3
Dominique Zeigler,SF,2010.0,11.0,15.0,9.0,98.0,0.0,0.0,0.0,0.0,14.3,1.3
Julian Edelman,NE,2010.0,15.0,14.0,7.0,86.0,0.0,2.0,14.0,0.0,13.5,0.9
Chaz Schilens,OAK,2010.0,5.0,9.0,5.0,40.0,1.0,0.0,0.0,0.0,12.5,2.5
Donte' Stallworth,BAL,2010.0,7.0,5.0,2.0,82.0,0.0,5.0,45.0,0.0,11.7,1.7
Adrian Arrington,NO,2010.0,1.0,9.0,7.0,79.0,0.0,0.0,0.0,0.0,11.4,11.4
Brett Swain,GB,2010.0,16.0,9.0,6.0,72.0,0.0,0.0,0.0,0.0,10.2,0.6
Anthony Gonzalez,IND,2010.0,2.0,9.0,5.0,67.0,0.0,0.0,0.0,0.0,9.2,4.6
Calvin Johnson,DET,2011.0,16.0,158.0,96.0,1681.0,16.0,1.0,11.0,0.0,311.2,19.5
Wes Welker,NE,2011.0,16.0,173.0,122.0,1573.0,9.0,4.0,30.0,0.0,275.3,17.2
Jordy Nelson,GB,2011.0,16.0,96.0,68.0,1263.0,15.0,0.0,0.0,0.0,250.3,15.6
Victor Cruz,NYG,2011.0,16.0,131.0,82.0,1536.0,9.0,1.0,3.0,0.0,246.9,15.4
Larry Fitzgerald,ARI,2011.0,16.0,154.0,80.0,1411.0,8.0,0.0,0.0,0.0,229.1,14.3
Roddy White,ATL,2011.0,16.0,179.0,100.0,1296.0,8.0,0.0,0.0,0.0,227.6,14.2
Steve Smith,CAR,2011.0,16.0,129.0,79.0,1394.0,7.0,6.0,56.0,0.0,222.5,13.9
Percy Harvin,MIN,2011.0,16.0,120.0,87.0,967.0,6.0,51.0,342.0,2.0,218.4,13.7
Mike Wallace,PIT,2011.0,16.0,114.0,72.0,1193.0,8.0,5.0,57.0,0.0,207.0,12.9
Marques Colston,NO,2011.0,14.0,107.0,80.0,1143.0,8.0,0.0,0.0,0.0,200.3,14.3
Vincent Jackson,SD,2011.0,16.0,115.0,60.0,1106.0,9.0,3.0,51.0,0.0,199.7,12.5
Hakeem Nicks,NYG,2011.0,15.0,133.0,76.0,1192.0,7.0,0.0,0.0,0.0,199.2,13.3
Brandon Marshall,MIA,2011.0,16.0,141.0,81.0,1214.0,6.0,1.0,13.0,0.0,197.2,12.3
Nate Washington,TEN,2011.0,16.0,121.0,74.0,1023.0,7.0,2.0,5.0,1.0,187.8,11.7
Dwayne Bowe,KC,2011.0,16.0,142.0,81.0,1159.0,5.0,1.0,12.0,0.0,187.6,11.7
A.J. Green,CIN,2011.0,15.0,115.0,65.0,1057.0,7.0,5.0,53.0,0.0,185.5,12.4
Greg Jennings,GB,2011.0,13.0,101.0,67.0,949.0,9.0,0.0,0.0,0.0,182.4,14.0
Steve Johnson,BUF,2011.0,16.0,134.0,76.0,1004.0,7.0,0.0,0.0,0.0,180.4,11.3
Laurent Robinson,DAL,2011.0,14.0,80.0,54.0,858.0,11.0,0.0,0.0,0.0,178.8,12.8
Dez Bryant,DAL,2011.0,15.0,103.0,63.0,928.0,9.0,1.0,5.0,0.0,176.8,11.8
Julio Jones,ATL,2011.0,13.0,94.0,54.0,959.0,8.0,6.0,56.0,0.0,174.5,13.4
Pierre Garcon,IND,2011.0,16.0,134.0,70.0,947.0,6.0,4.0,28.0,0.0,164.5,10.3
Brandon Lloyd,DEN,2011.0,15.0,150.0,70.0,966.0,5.0,0.0,0.0,0.0,161.6,10.8
Antonio Brown,PIT,2011.0,16.0,124.0,69.0,1108.0,2.0,7.0,41.0,0.0,161.4,10.1
Reggie Wayne,IND,2011.0,16.0,132.0,75.0,960.0,4.0,0.0,0.0,0.0,157.5,9.8
Jabar Gaffney,WAS,2011.0,16.0,115.0,68.0,947.0,5.0,0.0,0.0,0.0,156.7,9.8
Torrey Smith,BAL,2011.0,16.0,95.0,50.0,841.0,7.0,4.0,39.0,0.0,155.0,9.7
Darrius Heyward-Bey,OAK,2011.0,15.0,115.0,64.0,975.0,4.0,0.0,0.0,0.0,151.5,10.1
DeSean Jackson,PHI,2011.0,15.0,104.0,58.0,961.0,4.0,7.0,41.0,0.0,151.2,10.1
Michael Crabtree,SF,2011.0,15.0,114.0,72.0,874.0,4.0,1.0,6.0,0.0,148.0,9.9
Jeremy Maclin,PHI,2011.0,13.0,96.0,63.0,859.0,5.0,1.0,1.0,0.0,145.5,11.2
Santonio Holmes,NYJ,2011.0,16.0,101.0,51.0,654.0,8.0,3.0,27.0,0.0,139.6,8.7
Malcom Floyd,SD,2011.0,12.0,70.0,43.0,856.0,5.0,0.0,0.0,0.0,137.1,11.4
Nate Burleson,DET,2011.0,16.0,110.0,73.0,757.0,3.0,11.0,85.0,0.0,136.7,8.5
Lance Moore,NO,2011.0,14.0,73.0,52.0,627.0,8.0,0.0,0.0,0.0,136.7,9.8
Anquan Boldin,BAL,2011.0,14.0,106.0,57.0,887.0,3.0,0.0,0.0,0.0,135.2,9.7
Plaxico Burress,NYJ,2011.0,16.0,96.0,45.0,612.0,8.0,0.0,0.0,0.0,131.7,8.2
Eric Decker,DEN,2011.0,16.0,94.0,44.0,612.0,8.0,1.0,1.0,0.0,129.3,8.1
Doug Baldwin,SEA,2011.0,16.0,85.0,51.0,788.0,4.0,1.0,-2.0,0.0,128.1,8.0
David Nelson,BUF,2011.0,16.0,97.0,61.0,658.0,5.0,0.0,0.0,0.0,126.3,7.9
Early Doucet,ARI,2011.0,16.0,97.0,54.0,689.0,5.0,0.0,0.0,0.0,125.9,7.9
Deion Branch,NE,2011.0,15.0,90.0,51.0,702.0,5.0,0.0,0.0,0.0,125.7,8.4
James Jones,GB,2011.0,16.0,55.0,38.0,635.0,7.0,0.0,0.0,0.0,124.5,7.8
Mike Williams,TB,2011.0,16.0,124.0,65.0,771.0,3.0,1.0,3.0,0.0,123.9,7.7
Steve Breaston,KC,2011.0,16.0,98.0,61.0,785.0,2.0,1.0,25.0,0.0,123.5,7.7
Titus Young,DET,2011.0,16.0,85.0,48.0,607.0,6.0,2.0,15.0,0.0,122.2,7.6
Miles Austin,DAL,2011.0,10.0,73.0,43.0,579.0,7.0,2.0,3.0,0.0,121.7,12.2
Jerome Simpson,CIN,2011.0,16.0,105.0,50.0,725.0,4.0,0.0,0.0,0.0,121.5,7.6
Denarius Moore,OAK,2011.0,13.0,76.0,33.0,618.0,5.0,5.0,61.0,1.0,120.4,9.3
Robert Meachem,NO,2011.0,16.0,60.0,40.0,620.0,6.0,4.0,18.0,0.0,119.8,7.5
Greg Little,CLE,2011.0,16.0,120.0,61.0,709.0,2.0,3.0,15.0,0.0,114.9,7.2
Damian Williams,TEN,2011.0,15.0,94.0,45.0,592.0,5.0,0.0,0.0,0.0,111.7,7.4
Santana Moss,WAS,2011.0,12.0,95.0,46.0,584.0,4.0,0.0,0.0,0.0,105.4,8.8
Johnny Knox,CHI,2011.0,14.0,69.0,37.0,727.0,2.0,0.0,0.0,0.0,101.2,7.2
Donald Driver,GB,2011.0,16.0,56.0,37.0,445.0,6.0,0.0,0.0,0.0,99.0,6.2
Andre Roberts,ARI,2011.0,16.0,98.0,51.0,586.0,2.0,3.0,27.0,0.0,98.8,6.2
Brandon LaFell,CAR,2011.0,16.0,56.0,36.0,613.0,3.0,0.0,0.0,0.0,97.3,6.1
Josh Cribbs,CLE,2011.0,16.0,67.0,41.0,518.0,4.0,7.0,25.0,0.0,96.8,6.1
Jason Avant,PHI,2011.0,16.0,81.0,52.0,679.0,1.0,0.0,0.0,0.0,95.9,6.0
Mario Manningham,NYG,2011.0,12.0,77.0,39.0,523.0,4.0,0.0,0.0,0.0,95.8,8.0
Demaryius Thomas,DEN,2011.0,11.0,70.0,32.0,551.0,4.0,1.0,5.0,0.0,95.6,8.7
Davone Bess,MIA,2011.0,16.0,85.0,51.0,537.0,3.0,2.0,9.0,0.0,94.1,5.9
Dezmon Briscoe,TB,2011.0,16.0,51.0,35.0,387.0,6.0,0.0,0.0,0.0,92.2,5.8
Preston Parker,TB,2011.0,16.0,64.0,40.0,554.0,3.0,1.0,-3.0,0.0,87.1,5.4
Kevin Walter,HOU,2011.0,15.0,59.0,39.0,474.0,3.0,0.0,0.0,0.0,84.9,5.7
Austin Collie,IND,2011.0,16.0,96.0,54.0,514.0,1.0,0.0,0.0,0.0,84.4,5.3
Roy Williams,CHI,2011.0,15.0,63.0,37.0,507.0,2.0,0.0,0.0,0.0,81.2,5.4
Jacoby Jones,HOU,2011.0,16.0,65.0,31.0,512.0,2.0,4.0,17.0,0.0,80.4,5.0
Michael Jenkins,MIN,2011.0,11.0,55.0,38.0,466.0,3.0,0.0,0.0,0.0,79.6,7.2
Brian Hartline,MIA,2011.0,16.0,66.0,35.0,549.0,1.0,1.0,9.0,0.0,79.3,5.0
Devery Henderson,NO,2011.0,16.0,50.0,32.0,503.0,2.0,1.0,9.0,0.0,79.2,5.0
Andre Johnson,HOU,2011.0,7.0,51.0,33.0,492.0,2.0,1.0,8.0,0.0,78.5,11.2
Sidney Rice,SEA,2011.0,9.0,57.0,32.0,484.0,2.0,2.0,3.0,0.0,76.7,8.5
Lavelle Hawkins,TEN,2011.0,16.0,77.0,47.0,470.0,1.0,0.0,0.0,0.0,76.5,4.8
Arrelious Benn,TB,2011.0,14.0,51.0,30.0,441.0,3.0,6.0,-7.0,0.0,76.4,5.5
Harry Douglas,ATL,2011.0,16.0,62.0,39.0,498.0,1.0,1.0,3.0,0.0,75.6,4.7
Ben Obomanu,SEA,2011.0,16.0,61.0,37.0,436.0,2.0,1.0,13.0,0.0,75.4,4.7
Golden Tate,SEA,2011.0,16.0,58.0,35.0,382.0,3.0,5.0,14.0,0.0,75.1,4.7
Legedu Naanee,CAR,2011.0,15.0,76.0,44.0,467.0,1.0,0.0,0.0,0.0,74.7,5.0
Hines Ward,PIT,2011.0,15.0,63.0,46.0,381.0,2.0,0.0,0.0,0.0,71.1,4.7
Mike Thomas,JAC,2011.0,15.0,91.0,44.0,415.0,1.0,3.0,11.0,0.0,70.6,4.7
Brandon Gibson,STL,2011.0,15.0,71.0,36.0,431.0,1.0,2.0,16.0,0.0,68.7,4.6
Andre Caldwell,CIN,2011.0,13.0,68.0,37.0,317.0,3.0,0.0,0.0,0.0,68.2,5.2
Danario Alexander,STL,2011.0,10.0,60.0,26.0,431.0,2.0,0.0,0.0,0.0,68.1,6.8
Jason Hill,JAC,2011.0,10.0,55.0,25.0,367.0,3.0,0.0,0.0,0.0,67.2,6.7
Mohamed Massaquoi,CLE,2011.0,14.0,74.0,31.0,384.0,2.0,0.0,0.0,0.0,65.9,4.7
Devin Aromashodu,MIN,2011.0,16.0,84.0,26.0,468.0,1.0,0.0,0.0,0.0,65.8,4.1
Dane Sanzenbacher,CHI,2011.0,16.0,54.0,27.0,276.0,3.0,1.0,-4.0,0.0,58.7,3.7
Devin Hester,CHI,2011.0,16.0,56.0,26.0,369.0,1.0,1.0,-6.0,0.0,55.3,3.5
Vincent Brown,SD,2011.0,13.0,40.0,19.0,329.0,2.0,0.0,0.0,0.0,54.4,4.2
Kyle Williams,SF,2011.0,12.0,30.0,19.0,237.0,3.0,2.0,32.0,0.0,54.4,4.5
Earl Bennett,CHI,2011.0,11.0,43.0,24.0,381.0,1.0,0.0,0.0,0.0,54.1,4.9
Donte' Stallworth,WAS,2011.0,11.0,38.0,22.0,309.0,2.0,2.0,1.0,0.0,54.0,4.9
Kenny Britt,TEN,2011.0,3.0,26.0,17.0,289.0,3.0,0.0,0.0,0.0,53.4,17.8
Jeremy Kerley,NYJ,2011.0,14.0,47.0,29.0,314.0,1.0,5.0,28.0,0.0,52.7,3.8
Emmanuel Sanders,PIT,2011.0,11.0,43.0,22.0,288.0,2.0,0.0,0.0,0.0,51.8,4.7
Chaz Schilens,OAK,2011.0,15.0,34.0,23.0,271.0,2.0,0.0,0.0,0.0,50.6,3.4
Randall Cobb,GB,2011.0,15.0,31.0,25.0,375.0,1.0,2.0,5.0,0.0,50.5,3.4
Jarett Dillard,JAC,2011.0,14.0,50.0,29.0,292.0,1.0,0.0,0.0,0.0,47.7,3.4
Riley Cooper,PHI,2011.0,16.0,35.0,16.0,315.0,1.0,0.0,0.0,0.0,45.5,2.8
Jacoby Ford,OAK,2011.0,8.0,33.0,19.0,279.0,1.0,4.0,31.0,0.0,44.5,5.6
Louis Murphy,OAK,2011.0,11.0,33.0,15.0,241.0,0.0,6.0,69.0,1.0,44.5,4.0
Jordan Norwood,CLE,2011.0,14.0,34.0,23.0,268.0,1.0,0.0,0.0,0.0,44.3,3.2
Jerricho Cotchery,PIT,2011.0,13.0,30.0,16.0,237.0,2.0,1.0,3.0,0.0,44.0,3.4
Derek Hagan,OAK,2011.0,10.0,42.0,24.0,252.0,1.0,0.0,0.0,0.0,43.2,4.3
Patrick Crayton,SD,2011.0,14.0,34.0,23.0,248.0,1.0,0.0,0.0,0.0,42.3,3.0
Jonathan Baldwin,KC,2011.0,11.0,52.0,21.0,254.0,1.0,0.0,0.0,0.0,41.9,3.8
Matt Willis,DEN,2011.0,16.0,36.0,18.0,267.0,1.0,0.0,0.0,0.0,41.7,2.6
Chad Johnson,NE,2011.0,15.0,32.0,15.0,276.0,1.0,0.0,0.0,0.0,41.1,2.7
Donald Jones,BUF,2011.0,8.0,46.0,23.0,231.0,1.0,1.0,2.0,0.0,40.8,5.1
Andrew Hawkins,CIN,2011.0,13.0,34.0,23.0,263.0,0.0,5.0,25.0,0.0,40.3,3.1
Naaman Roosevelt,BUF,2011.0,11.0,26.0,16.0,257.0,1.0,0.0,0.0,0.0,39.7,3.6
Greg Salas,STL,2011.0,6.0,38.0,27.0,264.0,0.0,1.0,8.0,0.0,38.7,6.5
Mike Williams,SEA,2011.0,12.0,38.0,18.0,236.0,1.0,0.0,0.0,0.0,38.6,3.2
Austin Pettis,STL,2011.0,12.0,48.0,27.0,256.0,0.0,1.0,-6.0,0.0,38.5,3.2
Ted Ginn Jr,SF,2011.0,14.0,33.0,19.0,220.0,0.0,8.0,68.0,0.0,38.3,2.7
Eddie Royal,DEN,2011.0,12.0,49.0,19.0,155.0,1.0,7.0,48.0,0.0,35.8,3.0
Josh Morgan,SF,2011.0,5.0,20.0,15.0,220.0,1.0,0.0,0.0,0.0,35.5,7.1
Chastin West,JAC,2011.0,12.0,27.0,13.0,163.0,2.0,0.0,0.0,0.0,34.8,2.9
Anthony Armstrong,WAS,2011.0,14.0,27.0,7.0,103.0,2.0,2.0,19.0,0.0,27.7,2.0
Derrick Mason,NYJ,2011.0,12.0,35.0,19.0,170.0,0.0,0.0,0.0,0.0,26.5,2.2
T.J. Houshmandzadeh,OAK,2011.0,9.0,19.0,11.0,146.0,1.0,0.0,0.0,0.0,26.1,2.9
Braylon Edwards,SF,2011.0,9.0,34.0,15.0,181.0,0.0,0.0,0.0,0.0,25.6,2.8
Steve Smith,PHI,2011.0,9.0,20.0,11.0,124.0,1.0,0.0,0.0,0.0,23.9,2.7
Leonard Hankerson,WAS,2011.0,4.0,19.0,13.0,163.0,0.0,0.0,0.0,0.0,22.8,5.7
Kevin Ogletree,DAL,2011.0,14.0,26.0,15.0,164.0,0.0,2.0,3.0,0.0,22.2,1.6
Mike Sims-Walker,STL,2011.0,6.0,33.0,12.0,150.0,0.0,0.0,0.0,0.0,21.0,3.5
Jesse Holley,DAL,2011.0,16.0,7.0,7.0,169.0,0.0,0.0,0.0,0.0,20.4,1.3
Patrick Turner,NYJ,2011.0,15.0,15.0,8.0,96.0,1.0,0.0,0.0,0.0,19.6,1.3
Bryant Johnson,HOU,2011.0,15.0,13.0,6.0,90.0,1.0,1.0,1.0,0.0,18.1,1.2
Terrence Austin,WAS,2011.0,13.0,26.0,12.0,137.0,0.0,0.0,0.0,0.0,17.7,1.4
Ricardo Lockette,SEA,2011.0,2.0,4.0,2.0,105.0,1.0,0.0,0.0,0.0,17.5,8.8
David Anderson,HOU,2011.0,6.0,17.0,7.0,79.0,1.0,0.0,0.0,0.0,17.4,2.9
Greg Camarillo,MIN,2011.0,13.0,24.0,9.0,121.0,0.0,0.0,0.0,0.0,16.6,1.3
Terrance Copper,KC,2011.0,16.0,12.0,8.0,114.0,0.0,0.0,0.0,0.0,15.4,1.0
Sam Hurd,CHI,2011.0,12.0,15.0,8.0,109.0,0.0,0.0,0.0,0.0,14.9,1.2
Eric Weems,ATL,2011.0,16.0,14.0,11.0,90.0,0.0,0.0,0.0,0.0,14.5,0.9
Ramses Barden,NYG,2011.0,8.0,19.0,9.0,94.0,0.0,0.0,0.0,0.0,13.9,1.7
Keary Colbert,KC,2011.0,7.0,12.0,9.0,89.0,0.0,0.0,0.0,0.0,13.4,1.9
Domenik Hixon,NYG,2011.0,2.0,6.0,4.0,50.0,1.0,0.0,0.0,0.0,13.0,6.5
Bernard Berrian,MIN,2011.0,5.0,23.0,7.0,91.0,0.0,0.0,0.0,0.0,12.6,2.5
Jerheme Urban,KC,2011.0,6.0,13.0,4.0,35.0,1.0,1.0,7.0,0.0,12.2,2.0
Donnie Avery,TEN,2011.0,8.0,11.0,3.0,45.0,1.0,0.0,0.0,0.0,12.0,1.5
Ruvell Martin,BUF,2011.0,14.0,16.0,7.0,82.0,0.0,0.0,0.0,0.0,11.7,0.8
Chad Hall,PHI,2011.0,7.0,9.0,3.0,20.0,1.0,3.0,13.0,0.0,10.8,1.5
Cecil Shorts,JAC,2011.0,10.0,12.0,2.0,30.0,1.0,0.0,0.0,0.0,10.0,1.0
Lee Evans,BAL,2011.0,9.0,26.0,4.0,74.0,0.0,0.0,0.0,0.0,9.4,1.0
Rashied Davis,DET,2011.0,11.0,5.0,4.0,63.0,0.0,0.0,0.0,0.0,8.3,0.8
Deon Butler,SEA,2011.0,5.0,7.0,6.0,51.0,0.0,0.0,0.0,0.0,8.1,1.6
Danny Amendola,STL,2011.0,1.0,6.0,5.0,45.0,0.0,0.0,0.0,0.0,7.0,7.0
Calvin Johnson,DET,2012.0,16.0,204.0,122.0,1964.0,5.0,0.0,0.0,0.0,281.4,17.6
Brandon Marshall,CHI,2012.0,16.0,192.0,118.0,1508.0,11.0,1.0,-2.0,0.0,275.6,17.2
Dez Bryant,DAL,2012.0,16.0,138.0,92.0,1382.0,12.0,2.0,-5.0,0.0,251.7,15.7
A.J. Green,CIN,2012.0,16.0,164.0,97.0,1350.0,11.0,4.0,38.0,0.0,251.3,15.7
Demaryius Thomas,DEN,2012.0,16.0,141.0,94.0,1442.0,10.0,0.0,0.0,0.0,245.2,15.3
Andre Johnson,HOU,2012.0,16.0,162.0,112.0,1598.0,4.0,0.0,0.0,0.0,239.8,15.0
Wes Welker,NE,2012.0,16.0,175.0,118.0,1354.0,6.0,2.0,20.0,0.0,230.4,14.4
Eric Decker,DEN,2012.0,16.0,122.0,85.0,1064.0,13.0,0.0,0.0,0.0,226.9,14.2
Roddy White,ATL,2012.0,16.0,143.0,92.0,1351.0,7.0,0.0,0.0,0.0,223.1,13.9
Vincent Jackson,TB,2012.0,16.0,147.0,72.0,1384.0,8.0,0.0,0.0,0.0,222.4,13.9
Julio Jones,ATL,2012.0,16.0,128.0,79.0,1198.0,10.0,6.0,30.0,0.0,222.3,13.9
Reggie Wayne,IND,2012.0,16.0,195.0,106.0,1355.0,5.0,1.0,-5.0,0.0,216.0,13.5
Marques Colston,NO,2012.0,16.0,130.0,83.0,1154.0,10.0,0.0,0.0,0.0,212.9,13.3
Victor Cruz,NYG,2012.0,16.0,143.0,86.0,1092.0,10.0,0.0,0.0,0.0,212.2,13.3
Michael Crabtree,SF,2012.0,16.0,127.0,85.0,1105.0,9.0,0.0,0.0,0.0,207.0,12.9
Randall Cobb,GB,2012.0,15.0,104.0,80.0,954.0,8.0,10.0,132.0,0.0,194.6,13.0
James Jones,GB,2012.0,15.0,98.0,64.0,784.0,14.0,0.0,0.0,0.0,194.4,13.0
Mike Williams,TB,2012.0,16.0,126.0,63.0,996.0,9.0,0.0,0.0,0.0,185.1,11.6
Steve Smith,CAR,2012.0,16.0,138.0,73.0,1174.0,4.0,3.0,27.0,0.0,178.6,11.2
Steve Johnson,BUF,2012.0,16.0,148.0,79.0,1046.0,6.0,0.0,0.0,0.0,178.1,11.1
Lance Moore,NO,2012.0,15.0,104.0,65.0,1041.0,6.0,0.0,0.0,0.0,172.6,11.5
Cecil Shorts,JAC,2012.0,14.0,105.0,55.0,979.0,7.0,1.0,-4.0,0.0,165.0,11.8
Mike Wallace,PIT,2012.0,15.0,119.0,64.0,838.0,8.0,5.0,7.0,0.0,162.5,10.8
Miles Austin,DAL,2012.0,16.0,119.0,66.0,943.0,6.0,0.0,0.0,0.0,161.3,10.1
Jeremy Maclin,PHI,2012.0,15.0,122.0,69.0,857.0,7.0,0.0,0.0,0.0,160.2,10.7
Torrey Smith,BAL,2012.0,16.0,110.0,49.0,855.0,8.0,3.0,9.0,0.0,158.9,9.9
T.Y. Hilton,IND,2012.0,15.0,90.0,50.0,861.0,7.0,5.0,29.0,0.0,156.0,10.4
Brandon Lloyd,NE,2012.0,16.0,131.0,74.0,911.0,4.0,0.0,0.0,0.0,152.1,9.5
Justin Blackmon,JAC,2012.0,16.0,132.0,64.0,865.0,5.0,2.0,23.0,0.0,150.8,9.4
Brian Hartline,MIA,2012.0,15.0,131.0,74.0,1083.0,1.0,0.0,0.0,0.0,149.3,10.0
Anquan Boldin,BAL,2012.0,15.0,112.0,65.0,921.0,4.0,1.0,3.0,0.0,148.9,9.9
Sidney Rice,SEA,2012.0,16.0,82.0,50.0,748.0,7.0,2.0,6.0,0.0,142.4,8.9
Denarius Moore,OAK,2012.0,15.0,114.0,51.0,741.0,7.0,1.0,-5.0,0.0,141.1,9.4
Jordy Nelson,GB,2012.0,12.0,73.0,49.0,745.0,7.0,0.0,0.0,0.0,141.0,11.8
Andre Roberts,ARI,2012.0,15.0,114.0,64.0,759.0,5.0,4.0,29.0,0.0,140.8,9.4
Antonio Brown,PIT,2012.0,13.0,106.0,66.0,787.0,5.0,7.0,24.0,0.0,140.1,10.8
Malcom Floyd,SD,2012.0,14.0,85.0,56.0,814.0,5.0,0.0,0.0,0.0,139.4,10.0
Larry Fitzgerald,ARI,2012.0,16.0,156.0,71.0,798.0,4.0,0.0,0.0,0.0,139.3,8.7
Josh Gordon,CLE,2012.0,16.0,92.0,50.0,805.0,5.0,0.0,0.0,0.0,133.5,8.3
Golden Tate,SEA,2012.0,15.0,67.0,45.0,688.0,7.0,3.0,20.0,0.0,133.3,8.9
Percy Harvin,MIN,2012.0,9.0,85.0,62.0,677.0,3.0,22.0,96.0,1.0,130.3,14.5
Donnie Avery,IND,2012.0,16.0,124.0,60.0,781.0,3.0,4.0,9.0,0.0,127.0,7.9
Danario Alexander,SD,2012.0,10.0,62.0,37.0,658.0,7.0,0.0,0.0,0.0,126.3,12.6
Dwayne Bowe,KC,2012.0,13.0,114.0,59.0,797.0,3.0,0.0,0.0,0.0,125.2,9.6
Santana Moss,WAS,2012.0,16.0,62.0,41.0,573.0,8.0,3.0,14.0,0.0,125.2,7.8
Brandon Gibson,STL,2012.0,15.0,82.0,51.0,691.0,5.0,0.0,0.0,0.0,124.6,8.3
Nate Washington,TEN,2012.0,16.0,89.0,45.0,729.0,4.0,0.0,0.0,0.0,119.4,7.5
Jeremy Kerley,NYJ,2012.0,16.0,95.0,56.0,827.0,2.0,5.0,8.0,0.0,117.5,7.3
Brandon LaFell,CAR,2012.0,13.0,76.0,44.0,677.0,4.0,3.0,35.0,0.0,117.2,9.0
Kendall Wright,TEN,2012.0,15.0,104.0,64.0,626.0,4.0,1.0,4.0,0.0,117.0,7.8
Greg Little,CLE,2012.0,16.0,92.0,53.0,647.0,4.0,2.0,15.0,0.0,116.7,7.3
Davone Bess,MIA,2012.0,13.0,105.0,61.0,778.0,1.0,0.0,0.0,0.0,114.3,8.8
Hakeem Nicks,NYG,2012.0,12.0,100.0,53.0,692.0,3.0,0.0,0.0,0.0,113.7,9.5
Danny Amendola,STL,2012.0,11.0,101.0,63.0,666.0,3.0,2.0,8.0,0.0,112.9,10.3
Darrius Heyward-Bey,OAK,2012.0,15.0,80.0,41.0,606.0,5.0,2.0,16.0,0.0,112.7,7.5
Pierre Garcon,WAS,2012.0,10.0,68.0,45.0,644.0,4.0,1.0,2.0,0.0,111.1,11.1
Chris Givens,STL,2012.0,15.0,80.0,42.0,698.0,3.0,3.0,12.0,0.0,110.0,7.3
Brandon Stokley,DEN,2012.0,14.0,58.0,45.0,544.0,5.0,0.0,0.0,0.0,106.9,7.6
Andrew Hawkins,CIN,2012.0,14.0,80.0,51.0,533.0,4.0,6.0,30.0,0.0,105.8,7.6
DeSean Jackson,PHI,2012.0,11.0,87.0,45.0,700.0,2.0,3.0,-7.0,0.0,103.8,9.4
Kenny Britt,TEN,2012.0,14.0,90.0,45.0,589.0,4.0,0.0,0.0,0.0,103.4,7.4
Rod Streater,OAK,2012.0,15.0,74.0,39.0,584.0,3.0,0.0,0.0,0.0,93.9,6.3
Leonard Hankerson,WAS,2012.0,15.0,57.0,38.0,543.0,3.0,2.0,5.0,0.0,91.8,6.1
Jason Avant,PHI,2012.0,14.0,76.0,53.0,648.0,0.0,0.0,0.0,0.0,91.3,6.5
Josh Morgan,WAS,2012.0,16.0,73.0,48.0,510.0,2.0,3.0,25.0,0.0,89.5,5.6
Donald Jones,BUF,2012.0,12.0,67.0,41.0,443.0,4.0,0.0,0.0,0.0,88.8,7.4
Michael Floyd,ARI,2012.0,15.0,86.0,45.0,562.0,2.0,0.0,0.0,0.0,88.7,5.9
Domenik Hixon,NYG,2012.0,13.0,59.0,39.0,567.0,2.0,0.0,0.0,0.0,88.2,6.8
Emmanuel Sanders,PIT,2012.0,16.0,74.0,44.0,626.0,1.0,1.0,4.0,0.0,87.0,5.4
Kevin Ogletree,DAL,2012.0,14.0,55.0,32.0,436.0,4.0,2.0,9.0,0.0,84.5,6.0
Kevin Walter,HOU,2012.0,16.0,68.0,41.0,518.0,2.0,0.0,0.0,0.0,84.3,5.3
Titus Young,DET,2012.0,10.0,56.0,33.0,383.0,4.0,2.0,16.0,0.0,80.4,8.0
Greg Jennings,GB,2012.0,8.0,62.0,36.0,366.0,4.0,0.0,0.0,0.0,78.6,9.8
Michael Jenkins,MIN,2012.0,16.0,72.0,40.0,449.0,2.0,0.0,0.0,0.0,76.9,4.8
Mario Manningham,SF,2012.0,12.0,57.0,42.0,449.0,1.0,3.0,64.0,0.0,76.3,6.4
Randy Moss,SF,2012.0,16.0,50.0,28.0,434.0,3.0,0.0,0.0,0.0,75.4,4.7
Doug Baldwin,SEA,2012.0,14.0,50.0,29.0,366.0,3.0,0.0,0.0,0.0,69.1,4.9
Tiquan Underwood,TB,2012.0,14.0,55.0,28.0,425.0,2.0,1.0,1.0,0.0,68.6,4.9
Alshon Jeffery,CHI,2012.0,10.0,48.0,24.0,367.0,3.0,0.0,0.0,0.0,66.7,6.7
Austin Pettis,STL,2012.0,13.0,48.0,30.0,261.0,4.0,0.0,0.0,0.0,65.1,5.0
Harry Douglas,ATL,2012.0,15.0,59.0,38.0,396.0,1.0,2.0,4.0,0.0,65.0,4.3
Earl Bennett,CHI,2012.0,12.0,49.0,29.0,375.0,2.0,0.0,0.0,0.0,64.0,5.3
Jacoby Jones,BAL,2012.0,16.0,55.0,30.0,406.0,1.0,1.0,6.0,0.0,62.2,3.9
Joe Morgan,NO,2012.0,11.0,21.0,10.0,379.0,3.0,1.0,1.0,0.0,61.0,5.5
Rueben Randle,NYG,2012.0,11.0,32.0,19.0,298.0,3.0,0.0,0.0,0.0,57.3,5.2
Travis Benjamin,CLE,2012.0,12.0,37.0,18.0,298.0,2.0,6.0,66.0,0.0,55.4,4.6
Jarius Wright,MIN,2012.0,7.0,36.0,22.0,310.0,2.0,2.0,11.0,0.0,55.1,7.9
Julian Edelman,NE,2012.0,8.0,32.0,21.0,235.0,3.0,4.0,45.0,0.0,54.5,6.8
Nate Burleson,DET,2012.0,6.0,43.0,27.0,240.0,2.0,8.0,48.0,0.0,54.3,9.1
Riley Cooper,PHI,2012.0,11.0,47.0,23.0,248.0,3.0,0.0,0.0,0.0,54.3,4.9
T.J. Graham,BUF,2012.0,15.0,58.0,31.0,322.0,1.0,1.0,5.0,0.0,54.2,3.6
Ryan Broyles,DET,2012.0,8.0,32.0,22.0,310.0,2.0,0.0,0.0,0.0,54.0,6.8
Stephen Hill,NYJ,2012.0,11.0,47.0,21.0,252.0,3.0,0.0,0.0,0.0,53.7,4.9
Chaz Schilens,NYJ,2012.0,12.0,41.0,28.0,289.0,2.0,0.0,0.0,0.0,52.9,4.4
Louis Murphy,CAR,2012.0,15.0,61.0,25.0,336.0,1.0,1.0,3.0,0.0,52.4,3.5
Devery Henderson,NO,2012.0,15.0,47.0,22.0,316.0,1.0,1.0,13.0,0.0,49.9,3.3
Mohamed Sanu,CIN,2012.0,6.0,25.0,16.0,154.0,4.0,5.0,15.0,0.0,48.9,8.2
Aldrick Robinson,WAS,2012.0,9.0,19.0,11.0,237.0,3.0,1.0,14.0,0.0,48.6,5.4
Jonathan Baldwin,KC,2012.0,14.0,47.0,20.0,325.0,1.0,0.0,0.0,0.0,48.5,3.5
Damian Williams,TEN,2012.0,13.0,45.0,30.0,324.0,0.0,0.0,0.0,0.0,47.4,3.6
Armon Binns,CIN,2012.0,8.0,40.0,24.0,277.0,1.0,0.0,0.0,0.0,43.7,5.5
Eddie Royal,SD,2012.0,10.0,44.0,23.0,234.0,1.0,3.0,22.0,0.0,43.1,4.3
Devin Hester,CHI,2012.0,13.0,40.0,23.0,242.0,1.0,3.0,6.0,0.0,42.3,3.3
Santonio Holmes,NYJ,2012.0,4.0,41.0,20.0,272.0,1.0,0.0,0.0,0.0,41.2,10.3
Jordan Shipley,TB,2012.0,7.0,39.0,23.0,244.0,1.0,0.0,0.0,0.0,39.9,5.7
Marvin Jones,CIN,2012.0,8.0,32.0,18.0,201.0,1.0,3.0,47.0,0.0,39.8,5.0
Robert Meachem,SD,2012.0,9.0,32.0,14.0,207.0,2.0,1.0,-6.0,0.0,39.1,4.3
Jerome Simpson,MIN,2012.0,12.0,52.0,26.0,274.0,0.0,0.0,0.0,0.0,38.4,3.2
Micheal Spurlock,JAC,2012.0,8.0,29.0,23.0,200.0,1.0,0.0,0.0,0.0,37.5,4.7
Dwayne Harris,DAL,2012.0,9.0,31.0,17.0,222.0,1.0,0.0,0.0,0.0,36.7,4.1
Kyle Williams,SF,2012.0,11.0,22.0,14.0,212.0,1.0,4.0,21.0,0.0,36.3,3.3
Derek Hagan,OAK,2012.0,12.0,36.0,20.0,259.0,0.0,0.0,0.0,0.0,35.9,3.0
Early Doucet,ARI,2012.0,12.0,53.0,28.0,207.0,0.0,2.0,9.0,0.0,35.6,3.0
Laurent Robinson,JAC,2012.0,7.0,43.0,24.0,252.0,0.0,0.0,0.0,0.0,35.2,5.0
Braylon Edwards,SEA,2012.0,8.0,35.0,18.0,199.0,1.0,0.0,0.0,0.0,34.9,4.4
Mohamed Massaquoi,CLE,2012.0,9.0,33.0,17.0,254.0,0.0,0.0,0.0,0.0,33.9,3.8
Brian Quick,STL,2012.0,14.0,27.0,11.0,156.0,2.0,0.0,0.0,0.0,33.1,2.4
Damaris Johnson,PHI,2012.0,11.0,31.0,19.0,256.0,0.0,3.0,12.0,0.0,32.3,2.9
Brandon Tate,CIN,2012.0,12.0,25.0,13.0,211.0,1.0,1.0,0.0,0.0,31.6,2.6
Mike Thomas,JAC,2012.0,14.0,40.0,18.0,108.0,1.0,7.0,57.0,0.0,31.5,2.3
Juron Criner,OAK,2012.0,8.0,33.0,16.0,151.0,1.0,0.0,0.0,0.0,29.1,3.6
Ramses Barden,NYG,2012.0,7.0,21.0,14.0,220.0,0.0,0.0,0.0,0.0,29.0,4.1
Jerricho Cotchery,PIT,2012.0,12.0,27.0,17.0,205.0,0.0,0.0,0.0,0.0,29.0,2.4
LaVon Brazill,IND,2012.0,11.0,24.0,11.0,186.0,1.0,0.0,0.0,0.0,28.1,2.6
Clyde Gates,NYJ,2012.0,7.0,30.0,14.0,187.0,0.0,1.0,12.0,0.0,26.9,3.8
Keshawn Martin,HOU,2012.0,13.0,28.0,10.0,85.0,1.0,4.0,53.0,0.0,24.8,1.9
Lestar Jean,HOU,2012.0,7.0,12.0,6.0,151.0,1.0,0.0,0.0,0.0,24.1,3.4
Devin Aromashodu,MIN,2012.0,11.0,22.0,11.0,182.0,0.0,0.0,0.0,0.0,23.7,2.2
Donald Driver,GB,2012.0,9.0,13.0,8.0,77.0,2.0,0.0,0.0,0.0,23.7,2.6
Deion Branch,NE,2012.0,9.0,29.0,16.0,145.0,0.0,0.0,0.0,0.0,22.5,2.5
Kris Durham,DET,2012.0,4.0,21.0,8.0,125.0,1.0,0.0,0.0,0.0,22.5,5.6
Tandon Doss,BAL,2012.0,8.0,17.0,7.0,123.0,1.0,0.0,0.0,0.0,21.8,2.7
Marlon Moore,MIA,2012.0,8.0,11.0,6.0,116.0,1.0,1.0,9.0,0.0,21.5,2.7
Rishard Matthews,MIA,2012.0,6.0,20.0,11.0,151.0,0.0,0.0,0.0,0.0,20.6,3.4
Cole Beasley,DAL,2012.0,9.0,24.0,15.0,128.0,0.0,0.0,0.0,0.0,20.3,2.3
Jordan Norwood,CLE,2012.0,2.0,19.0,13.0,137.0,0.0,1.0,1.0,0.0,20.3,10.2
Steve Smith,STL,2012.0,9.0,25.0,14.0,131.0,0.0,0.0,0.0,0.0,20.1,2.2
Armanti Edwards,CAR,2012.0,6.0,9.0,5.0,121.0,0.0,0.0,0.0,0.0,14.6,2.4
Matt Willis,DEN,2012.0,12.0,22.0,10.0,90.0,0.0,0.0,0.0,0.0,14.0,1.2
Terrelle Pryor,OAK,2012.0,3.0,1.0,1.0,22.0,0.0,10.0,51.0,1.0,13.8,4.6
Donte' Stallworth,NE,2012.0,1.0,2.0,1.0,63.0,1.0,0.0,0.0,0.0,12.8,12.8
Brian Robiskie,DET,2012.0,3.0,6.0,4.0,44.0,1.0,0.0,0.0,0.0,12.4,4.1
Stephen Burton,MIN,2012.0,7.0,11.0,5.0,35.0,1.0,0.0,0.0,0.0,12.0,1.7
Terrance Copper,KC,2012.0,5.0,12.0,8.0,79.0,0.0,1.0,1.0,0.0,12.0,2.4
Drew Davis,ATL,2012.0,4.0,6.0,4.0,40.0,1.0,0.0,0.0,0.0,12.0,3.0
Kealoha Pilares,CAR,2012.0,4.0,4.0,2.0,42.0,1.0,1.0,5.0,0.0,11.7,2.9
DeVier Posey,HOU,2012.0,6.0,14.0,6.0,87.0,0.0,1.0,-3.0,0.0,11.4,1.9
Steve Breaston,KC,2012.0,7.0,15.0,7.0,74.0,0.0,0.0,0.0,0.0,10.9,1.6
Brandon Banks,WAS,2012.0,6.0,8.0,8.0,15.0,0.0,7.0,36.0,0.0,9.1,1.5
David Reed,BAL,2012.0,2.0,6.0,5.0,66.0,0.0,0.0,0.0,0.0,9.1,4.6
Demaryius Thomas,DEN,2013.0,16.0,142.0,92.0,1430.0,14.0,0.0,0.0,0.0,273.0,17.1
Josh Gordon,CLE,2013.0,14.0,159.0,87.0,1646.0,9.0,5.0,88.0,0.0,270.9,19.4
Calvin Johnson,DET,2013.0,14.0,156.0,84.0,1489.0,12.0,0.0,0.0,0.0,260.9,18.6
A.J. Green,CIN,2013.0,16.0,178.0,98.0,1426.0,11.0,0.0,0.0,0.0,257.6,16.1
Antonio Brown,PIT,2013.0,16.0,166.0,110.0,1498.0,8.0,7.0,4.0,0.0,253.2,15.8
Brandon Marshall,CHI,2013.0,16.0,164.0,100.0,1295.0,12.0,0.0,0.0,0.0,251.5,15.7
Dez Bryant,DAL,2013.0,16.0,159.0,93.0,1249.0,13.0,1.0,1.0,0.0,247.5,15.5
Alshon Jeffery,CHI,2013.0,16.0,149.0,89.0,1421.0,7.0,16.0,105.0,0.0,237.1,14.8
Eric Decker,DEN,2013.0,16.0,136.0,87.0,1288.0,11.0,0.0,0.0,0.0,236.3,14.8
DeSean Jackson,PHI,2013.0,16.0,126.0,82.0,1332.0,9.0,3.0,2.0,0.0,228.4,14.3
Andre Johnson,HOU,2013.0,16.0,181.0,109.0,1407.0,5.0,0.0,0.0,0.0,225.2,14.1
Jordy Nelson,GB,2013.0,16.0,127.0,85.0,1314.0,8.0,0.0,0.0,0.0,221.9,13.9
Pierre Garcon,WAS,2013.0,16.0,182.0,113.0,1346.0,5.0,2.0,19.0,0.0,221.0,13.8
Anquan Boldin,SF,2013.0,16.0,129.0,85.0,1179.0,7.0,2.0,11.0,0.0,203.5,12.7
Vincent Jackson,TB,2013.0,16.0,160.0,78.0,1224.0,7.0,1.0,0.0,0.0,203.4,12.7
Julian Edelman,NE,2013.0,16.0,151.0,105.0,1056.0,6.0,2.0,11.0,0.0,195.2,12.2
Larry Fitzgerald,ARI,2013.0,16.0,135.0,82.0,954.0,10.0,2.0,8.0,0.0,195.2,12.2
Keenan Allen,SD,2013.0,15.0,104.0,71.0,1046.0,8.0,0.0,0.0,0.0,184.1,12.3
T.Y. Hilton,IND,2013.0,16.0,139.0,83.0,1086.0,5.0,1.0,3.0,0.0,180.4,11.3
Wes Welker,DEN,2013.0,13.0,111.0,73.0,778.0,10.0,0.0,0.0,0.0,172.3,13.3
Torrey Smith,BAL,2013.0,16.0,137.0,65.0,1128.0,4.0,0.0,0.0,0.0,169.3,10.6
Michael Floyd,ARI,2013.0,16.0,113.0,66.0,1054.0,5.0,0.0,0.0,0.0,168.4,10.5
Kendall Wright,TEN,2013.0,16.0,139.0,94.0,1079.0,2.0,0.0,0.0,0.0,166.9,10.4
Brian Hartline,MIA,2013.0,16.0,134.0,76.0,1016.0,4.0,0.0,0.0,0.0,163.6,10.2
Marvin Jones,CIN,2013.0,16.0,80.0,51.0,712.0,10.0,8.0,65.0,0.0,163.2,10.2
Mike Wallace,MIA,2013.0,16.0,141.0,73.0,930.0,5.0,3.0,33.0,0.0,162.8,10.2
Marques Colston,NO,2013.0,15.0,111.0,75.0,943.0,5.0,0.0,0.0,0.0,161.8,10.8
Victor Cruz,NYG,2013.0,14.0,122.0,73.0,998.0,4.0,0.0,0.0,0.0,158.3,11.3
Harry Douglas,ATL,2013.0,16.0,132.0,85.0,1067.0,2.0,0.0,0.0,0.0,157.2,9.8
Riley Cooper,PHI,2013.0,16.0,83.0,47.0,833.0,8.0,0.0,18.0,0.0,156.6,9.8
Golden Tate,SEA,2013.0,16.0,99.0,64.0,898.0,5.0,3.0,31.0,0.0,154.9,9.7
Emmanuel Sanders,PIT,2013.0,16.0,112.0,67.0,732.0,6.0,1.0,25.0,0.0,145.2,9.1
Jerricho Cotchery,PIT,2013.0,15.0,76.0,46.0,607.0,10.0,1.0,-5.0,0.0,143.2,9.5
Rod Streater,OAK,2013.0,16.0,99.0,60.0,888.0,4.0,2.0,17.0,0.0,142.5,8.9
Nate Washington,TEN,2013.0,16.0,105.0,58.0,919.0,3.0,0.0,0.0,0.0,138.9,8.7
Greg Jennings,MIN,2013.0,15.0,106.0,68.0,804.0,4.0,0.0,0.0,0.0,138.4,9.2
Eddie Royal,SD,2013.0,15.0,67.0,47.0,631.0,8.0,3.0,21.0,0.0,134.7,9.0
Doug Baldwin,SEA,2013.0,16.0,73.0,50.0,778.0,5.0,2.0,6.0,0.0,133.4,8.3
Steve Smith,CAR,2013.0,15.0,110.0,64.0,745.0,4.0,0.0,0.0,0.0,130.5,8.7
Cecil Shorts,JAC,2013.0,13.0,123.0,66.0,777.0,3.0,0.0,0.0,0.0,128.7,9.9
James Jones,GB,2013.0,14.0,93.0,59.0,817.0,3.0,0.0,0.0,0.0,127.2,9.1
Cordarrelle Patterson,MIN,2013.0,16.0,77.0,45.0,469.0,4.0,12.0,158.0,3.0,127.2,8.0
Dwayne Bowe,KC,2013.0,15.0,103.0,57.0,672.0,5.0,0.0,0.0,0.0,125.7,8.4
Denarius Moore,OAK,2013.0,13.0,86.0,46.0,695.0,5.0,0.0,0.0,0.0,122.5,9.4
Terrance Williams,DAL,2013.0,15.0,74.0,44.0,736.0,5.0,3.0,4.0,0.0,122.0,8.1
Marlon Brown,BAL,2013.0,14.0,82.0,49.0,524.0,7.0,1.0,-2.0,0.0,118.7,8.5
Brandon LaFell,CAR,2013.0,15.0,85.0,49.0,627.0,5.0,2.0,15.0,0.0,118.7,7.9
Roddy White,ATL,2013.0,13.0,97.0,63.0,711.0,3.0,0.0,0.0,0.0,118.6,9.1
Hakeem Nicks,NYG,2013.0,15.0,101.0,56.0,896.0,0.0,0.0,0.0,0.0,117.6,7.8
DeAndre Hopkins,HOU,2013.0,16.0,91.0,52.0,802.0,2.0,0.0,0.0,0.0,116.2,7.3
Rueben Randle,NYG,2013.0,16.0,78.0,41.0,611.0,6.0,0.0,0.0,0.0,115.6,7.2
Kenny Stills,NO,2013.0,16.0,50.0,32.0,641.0,5.0,3.0,10.0,0.0,111.1,6.9
Jarrett Boykin,GB,2013.0,12.0,83.0,49.0,681.0,3.0,0.0,0.0,0.0,110.6,9.2
Ted Ginn Jr,CAR,2013.0,16.0,68.0,36.0,556.0,5.0,4.0,29.0,0.0,106.5,6.7
Tavon Austin,STL,2013.0,13.0,67.0,40.0,418.0,4.0,9.0,151.0,1.0,104.9,8.1
Steve Johnson,BUF,2013.0,12.0,101.0,52.0,597.0,3.0,1.0,10.0,0.0,102.7,8.6
Jerome Simpson,MIN,2013.0,16.0,100.0,48.0,726.0,1.0,0.0,0.0,0.0,102.6,6.4
Danny Amendola,NE,2013.0,12.0,83.0,54.0,633.0,2.0,1.0,1.0,0.0,102.4,8.5
Robert Woods,BUF,2013.0,14.0,85.0,40.0,587.0,3.0,2.0,16.0,0.0,98.3,7.0
Aaron Dobson,NE,2013.0,11.0,72.0,37.0,519.0,4.0,0.0,0.0,0.0,94.4,8.6
Jeremy Kerley,NYJ,2013.0,12.0,72.0,43.0,523.0,3.0,4.0,11.0,0.0,92.9,7.7
Randall Cobb,GB,2013.0,6.0,47.0,31.0,433.0,4.0,4.0,78.0,0.0,90.6,15.1
Donnie Avery,KC,2013.0,15.0,71.0,40.0,596.0,2.0,2.0,6.0,0.0,90.2,6.0
Julio Jones,ATL,2013.0,5.0,59.0,41.0,580.0,2.0,1.0,7.0,0.0,89.2,17.8
Kenbrell Thompkins,NE,2013.0,11.0,69.0,32.0,466.0,4.0,0.0,0.0,0.0,86.6,7.9
Austin Pettis,STL,2013.0,14.0,63.0,38.0,399.0,4.0,0.0,0.0,0.0,82.9,5.9
Reggie Wayne,IND,2013.0,7.0,59.0,39.0,508.0,2.0,0.0,0.0,0.0,82.3,11.8
Andre Roberts,ARI,2013.0,16.0,76.0,43.0,471.0,2.0,0.0,0.0,0.0,80.6,5.0
Mohamed Sanu,CIN,2013.0,16.0,77.0,47.0,455.0,2.0,4.0,16.0,0.0,80.6,5.0
Ace Sanders,JAC,2013.0,15.0,87.0,51.0,484.0,1.0,3.0,4.0,0.0,80.3,5.4
Tiquan Underwood,TB,2013.0,12.0,46.0,24.0,440.0,4.0,0.0,0.0,0.0,80.0,6.7
Greg Little,CLE,2013.0,16.0,99.0,41.0,465.0,2.0,0.0,0.0,0.0,79.0,4.9
Kris Durham,DET,2013.0,16.0,85.0,38.0,490.0,2.0,0.0,0.0,0.0,78.0,4.9
Rishard Matthews,MIA,2013.0,13.0,67.0,41.0,448.0,2.0,0.0,0.0,0.0,77.3,5.9
Santana Moss,WAS,2013.0,16.0,79.0,42.0,452.0,2.0,3.0,25.0,0.0,76.7,4.8
Jacoby Jones,BAL,2013.0,12.0,67.0,37.0,455.0,2.0,2.0,0.0,0.0,76.0,6.3
Jarius Wright,MIN,2013.0,15.0,43.0,26.0,434.0,3.0,0.0,0.0,0.0,74.4,5.0
Vincent Brown,SD,2013.0,16.0,70.0,42.0,472.0,1.0,0.0,0.0,0.0,74.2,4.6
Lance Moore,NO,2013.0,13.0,54.0,37.0,457.0,2.0,0.0,0.0,0.0,74.2,5.7
Chris Givens,STL,2013.0,16.0,83.0,34.0,569.0,0.0,3.0,8.0,0.0,72.7,4.5
David Nelson,NYJ,2013.0,12.0,60.0,36.0,423.0,2.0,0.0,0.0,0.0,72.3,6.0
Jason Avant,PHI,2013.0,15.0,76.0,38.0,447.0,2.0,0.0,0.0,0.0,71.7,4.8
Nate Burleson,DET,2013.0,9.0,55.0,39.0,461.0,1.0,2.0,-8.0,0.0,70.8,7.9
Leonard Hankerson,WAS,2013.0,10.0,50.0,30.0,375.0,3.0,0.0,0.0,0.0,70.5,7.1
Jerrel Jernigan,NYG,2013.0,10.0,46.0,29.0,329.0,2.0,2.0,57.0,1.0,69.1,6.9
Mike Brown,JAC,2013.0,10.0,53.0,31.0,432.0,2.0,0.0,0.0,0.0,68.7,6.9
Justin Hunter,TEN,2013.0,13.0,42.0,18.0,354.0,4.0,0.0,0.0,0.0,68.4,5.3
Cole Beasley,DAL,2013.0,14.0,54.0,39.0,368.0,2.0,0.0,0.0,0.0,68.3,4.9
Jermaine Kearse,SEA,2013.0,14.0,38.0,22.0,346.0,4.0,0.0,0.0,0.0,67.6,4.8
Davone Bess,CLE,2013.0,14.0,86.0,42.0,362.0,2.0,0.0,0.0,0.0,67.2,4.8
Terrelle Pryor,OAK,2013.0,11.0,0.0,0.0,0.0,0.0,82.0,580.0,2.0,66.0,6.0
Brandon Gibson,MIA,2013.0,7.0,43.0,30.0,326.0,3.0,0.0,0.0,0.0,65.6,9.4
Earl Bennett,CHI,2013.0,14.0,43.0,32.0,243.0,4.0,0.0,0.0,0.0,64.3,4.6
Santonio Holmes,NYJ,2013.0,10.0,59.0,23.0,456.0,1.0,0.0,0.0,0.0,63.1,6.3
Justin Blackmon,JAC,2013.0,4.0,48.0,29.0,415.0,1.0,1.0,-1.0,0.0,61.9,15.5
Andre Holmes,OAK,2013.0,10.0,52.0,25.0,431.0,1.0,0.0,0.0,0.0,61.6,6.2
T.J. Graham,BUF,2013.0,16.0,58.0,23.0,361.0,2.0,4.0,14.0,0.0,59.0,3.7
Aldrick Robinson,WAS,2013.0,13.0,46.0,18.0,365.0,2.0,3.0,-4.0,0.0,57.1,4.4
Marquise Goodwin,BUF,2013.0,9.0,32.0,17.0,283.0,3.0,3.0,13.0,0.0,54.1,6.0
Darrius Heyward-Bey,IND,2013.0,13.0,64.0,29.0,309.0,1.0,3.0,26.0,0.0,54.0,4.2
Robert Meachem,NO,2013.0,15.0,30.0,16.0,324.0,2.0,2.0,-1.0,0.0,52.3,3.5
Brian Quick,STL,2013.0,14.0,35.0,18.0,302.0,2.0,0.0,0.0,0.0,51.2,3.7
Stephen Hill,NYJ,2013.0,12.0,59.0,24.0,342.0,1.0,0.0,0.0,0.0,50.2,4.2
Andre Caldwell,DEN,2013.0,12.0,29.0,16.0,200.0,3.0,1.0,7.0,0.0,46.7,3.9
Sidney Rice,SEA,2013.0,8.0,35.0,15.0,231.0,3.0,0.0,0.0,0.0,46.6,5.8
Keshawn Martin,HOU,2013.0,12.0,40.0,22.0,253.0,2.0,0.0,0.0,0.0,46.3,3.9
Griff Whalen,IND,2013.0,6.0,37.0,22.0,231.0,2.0,0.0,0.0,0.0,46.1,7.7
Mike Williams,TB,2013.0,6.0,40.0,22.0,216.0,2.0,0.0,0.0,0.0,44.6,7.4
Michael Crabtree,SF,2013.0,5.0,33.0,19.0,284.0,1.0,0.0,0.0,0.0,43.9,8.8
Stedman Bailey,STL,2013.0,8.0,25.0,17.0,226.0,0.0,2.0,33.0,1.0,40.4,5.1
Drew Davis,ATL,2013.0,8.0,17.0,12.0,216.0,2.0,0.0,0.0,0.0,39.6,5.0
Da'Rick Rogers,IND,2013.0,4.0,23.0,14.0,192.0,2.0,1.0,0.0,0.0,38.2,9.6
Tandon Doss,BAL,2013.0,10.0,36.0,19.0,305.0,0.0,0.0,0.0,0.0,38.0,3.8
Miles Austin,DAL,2013.0,11.0,49.0,24.0,244.0,0.0,0.0,0.0,0.0,36.4,3.3
Darius Johnson,ATL,2013.0,10.0,43.0,22.0,210.0,1.0,0.0,0.0,0.0,36.0,3.6
LaVon Brazill,IND,2013.0,8.0,27.0,12.0,161.0,2.0,0.0,0.0,0.0,34.1,4.3
Josh Morgan,WAS,2013.0,13.0,34.0,21.0,223.0,0.0,1.0,4.0,0.0,33.2,2.6
Kevin Ogletree,TB,2013.0,6.0,23.0,9.0,129.0,2.0,0.0,0.0,0.0,29.4,4.9
Junior Hemingway,KC,2013.0,11.0,19.0,13.0,125.0,2.0,0.0,0.0,0.0,29.0,2.6
Andrew Hawkins,CIN,2013.0,8.0,18.0,12.0,199.0,0.0,2.0,3.0,0.0,26.2,3.3
Damian Williams,TEN,2013.0,8.0,23.0,15.0,178.0,0.0,0.0,0.0,0.0,23.3,2.9
Dwayne Harris,DAL,2013.0,9.0,14.0,9.0,80.0,2.0,1.0,6.0,0.0,23.1,2.6
DeVier Posey,HOU,2013.0,9.0,25.0,15.0,155.0,0.0,0.0,0.0,0.0,23.0,2.6
Kyle Williams,SF,2013.0,9.0,27.0,12.0,113.0,0.0,2.0,23.0,0.0,19.6,2.2
Greg Salas,NYJ,2013.0,5.0,13.0,8.0,143.0,0.0,0.0,0.0,0.0,18.3,3.7
Clyde Gates,NYJ,2013.0,6.0,24.0,12.0,122.0,0.0,0.0,0.0,0.0,18.2,3.0
Brandon Stokley,BAL,2013.0,6.0,21.0,13.0,115.0,0.0,0.0,0.0,0.0,18.0,3.0
Malcom Floyd,SD,2013.0,2.0,11.0,6.0,149.0,0.0,0.0,0.0,0.0,17.9,9.0
A.J. Jenkins,KC,2013.0,7.0,17.0,8.0,130.0,0.0,2.0,6.0,0.0,17.6,2.5
Josh Boyce,NE,2013.0,6.0,19.0,9.0,121.0,0.0,0.0,0.0,0.0,16.6,2.8
Jacoby Ford,OAK,2013.0,13.0,24.0,13.0,99.0,0.0,5.0,15.0,0.0,15.9,1.2
Travis Benjamin,CLE,2013.0,6.0,13.0,5.0,105.0,0.0,1.0,45.0,0.0,15.5,2.6
Kenny Britt,TEN,2013.0,10.0,35.0,11.0,96.0,0.0,0.0,0.0,0.0,15.1,1.5
Domenik Hixon,CAR,2013.0,5.0,9.0,7.0,55.0,1.0,0.0,0.0,0.0,15.0,3.0
Brice Butler,OAK,2013.0,8.0,17.0,9.0,103.0,0.0,0.0,0.0,0.0,14.8,1.9
Jeff Maehl,PHI,2013.0,5.0,9.0,4.0,67.0,1.0,0.0,0.0,0.0,14.7,2.9
Deonte Thompson,BAL,2013.0,5.0,20.0,10.0,96.0,0.0,0.0,0.0,0.0,14.6,2.9
Seyi Ajirotutu,SD,2013.0,3.0,4.0,3.0,64.0,1.0,0.0,0.0,0.0,13.9,4.6
Mario Manningham,SF,2013.0,5.0,23.0,9.0,85.0,0.0,0.0,0.0,0.0,13.0,2.6
Ryan Broyles,DET,2013.0,6.0,14.0,8.0,85.0,0.0,0.0,0.0,0.0,12.5,2.1
Stephen Burton,JAC,2013.0,3.0,13.0,8.0,76.0,0.0,1.0,-9.0,0.0,10.7,3.6
Louis Murphy,NYG,2013.0,7.0,13.0,6.0,37.0,1.0,0.0,0.0,0.0,10.7,1.5
Josh Cooper,CLE,2013.0,2.0,14.0,9.0,60.0,0.0,0.0,0.0,0.0,10.5,5.3
Ricardo Lockette,SEA,2013.0,7.0,7.0,5.0,82.0,0.0,1.0,-2.0,0.0,10.5,1.5
Myles White,GB,2013.0,4.0,10.0,8.0,57.0,0.0,0.0,0.0,0.0,9.7,2.4
Markus Wheaton,PIT,2013.0,5.0,13.0,6.0,64.0,0.0,0.0,0.0,0.0,9.4,1.9
Austin Collie,NE,2013.0,4.0,11.0,6.0,63.0,0.0,0.0,0.0,0.0,9.3,2.3
Dane Sanzenbacher,CIN,2013.0,6.0,8.0,6.0,61.0,0.0,0.0,0.0,0.0,9.1,1.5
Nick Toon,NO,2013.0,5.0,12.0,4.0,68.0,0.0,0.0,0.0,0.0,8.8,1.8
Quinton Patton,SF,2013.0,3.0,5.0,3.0,34.0,0.0,1.0,26.0,0.0,7.5,2.5
Antonio Brown,PIT,2014.0,16.0,181.0,129.0,1698.0,13.0,4.0,13.0,0.0,309.6,19.4
Demaryius Thomas,DEN,2014.0,16.0,184.0,111.0,1619.0,11.0,0.0,0.0,0.0,283.4,17.7
Jordy Nelson,GB,2014.0,16.0,151.0,98.0,1519.0,13.0,0.0,0.0,0.0,278.9,17.4
Dez Bryant,DAL,2014.0,16.0,136.0,88.0,1320.0,16.0,0.0,0.0,0.0,272.0,17.0
Odell Beckham Jr,NYG,2014.0,12.0,130.0,91.0,1305.0,12.0,7.0,35.0,0.0,249.5,20.8
Emmanuel Sanders,DEN,2014.0,16.0,141.0,101.0,1404.0,9.0,8.0,44.0,0.0,249.3,15.6
Randall Cobb,GB,2014.0,16.0,127.0,91.0,1287.0,12.0,12.0,37.0,0.0,245.9,15.4
Julio Jones,ATL,2014.0,15.0,163.0,104.0,1593.0,6.0,1.0,1.0,0.0,245.4,16.4
Jeremy Maclin,PHI,2014.0,16.0,144.0,86.0,1329.0,10.0,0.0,0.0,0.0,235.9,14.7
Alshon Jeffery,CHI,2014.0,16.0,145.0,85.0,1133.0,10.0,6.0,33.0,0.0,219.1,13.7
T.Y. Hilton,IND,2014.0,15.0,131.0,82.0,1345.0,7.0,2.0,20.0,0.0,217.5,14.5
Mike Evans,TB,2014.0,15.0,123.0,68.0,1051.0,12.0,0.0,0.0,0.0,211.1,14.1
Golden Tate,DET,2014.0,16.0,143.0,99.0,1331.0,4.0,5.0,30.0,0.0,209.6,13.1
DeAndre Hopkins,HOU,2014.0,16.0,127.0,76.0,1210.0,6.0,0.0,0.0,0.0,193.0,12.1
Calvin Johnson,DET,2014.0,13.0,128.0,71.0,1077.0,8.0,0.0,0.0,0.0,191.2,14.7
Kelvin Benjamin,CAR,2014.0,16.0,145.0,73.0,1008.0,9.0,0.0,0.0,0.0,189.3,11.8
DeSean Jackson,WAS,2014.0,15.0,95.0,56.0,1169.0,6.0,4.0,7.0,0.0,181.6,12.1
Steve Smith,BAL,2014.0,16.0,134.0,79.0,1065.0,6.0,0.0,0.0,0.0,180.0,11.3
Mike Wallace,MIA,2014.0,16.0,115.0,67.0,862.0,10.0,4.0,16.0,0.0,179.3,11.2
Anquan Boldin,SF,2014.0,16.0,131.0,83.0,1062.0,5.0,1.0,4.0,0.0,178.1,11.1
Julian Edelman,NE,2014.0,14.0,134.0,92.0,972.0,4.0,10.0,94.0,0.0,176.6,12.6
Brandon LaFell,NE,2014.0,15.0,119.0,74.0,953.0,7.0,2.0,13.0,0.0,173.6,11.6
Roddy White,ATL,2014.0,14.0,124.0,80.0,921.0,7.0,0.0,0.0,0.0,172.1,12.3
A.J. Green,CIN,2014.0,12.0,116.0,69.0,1041.0,6.0,2.0,2.0,0.0,170.8,14.2
Jordan Matthews,PHI,2014.0,16.0,103.0,67.0,872.0,8.0,0.0,0.0,0.0,168.7,10.5
Torrey Smith,BAL,2014.0,15.0,92.0,49.0,767.0,11.0,0.0,0.0,0.0,167.2,11.1
Sammy Watkins,BUF,2014.0,16.0,128.0,65.0,982.0,6.0,2.0,8.0,0.0,165.5,10.3
Eric Decker,NYJ,2014.0,15.0,114.0,74.0,962.0,5.0,0.0,0.0,0.0,163.2,10.9
Eddie Royal,SD,2014.0,16.0,91.0,62.0,778.0,7.0,3.0,14.0,0.0,150.2,9.4
Brandon Marshall,CHI,2014.0,13.0,106.0,61.0,721.0,8.0,0.0,0.0,0.0,148.6,11.4
Andre Johnson,HOU,2014.0,15.0,146.0,85.0,936.0,3.0,0.0,0.0,0.0,148.1,9.9
Marques Colston,NO,2014.0,15.0,99.0,59.0,902.0,5.0,0.0,0.0,0.0,147.7,9.8
Malcom Floyd,SD,2014.0,16.0,92.0,52.0,856.0,6.0,0.0,0.0,0.0,147.6,9.2
Rueben Randle,NYG,2014.0,16.0,127.0,71.0,938.0,3.0,0.0,0.0,0.0,147.3,9.2
Vincent Jackson,TB,2014.0,16.0,140.0,70.0,1002.0,2.0,0.0,0.0,0.0,145.2,9.1
Mohamed Sanu,CIN,2014.0,16.0,99.0,57.0,790.0,5.0,7.0,51.0,0.0,142.6,8.9
Kenny Stills,NO,2014.0,15.0,83.0,63.0,931.0,3.0,1.0,-2.0,0.0,142.4,9.5
Michael Floyd,ARI,2014.0,16.0,99.0,47.0,841.0,6.0,0.0,0.0,0.0,141.6,8.9
Greg Jennings,MIN,2014.0,16.0,91.0,59.0,742.0,6.0,0.0,0.0,0.0,139.7,8.7
Jarvis Landry,MIA,2014.0,16.0,112.0,84.0,758.0,5.0,2.0,-4.0,0.0,139.4,8.7
Kendall Wright,TEN,2014.0,14.0,93.0,57.0,715.0,6.0,4.0,54.0,0.0,139.4,10.0
James Jones,OAK,2014.0,16.0,111.0,73.0,666.0,6.0,0.0,0.0,0.0,137.1,8.6
Keenan Allen,SD,2014.0,14.0,121.0,77.0,783.0,4.0,0.0,0.0,0.0,136.8,9.8
Doug Baldwin,SEA,2014.0,16.0,98.0,66.0,825.0,3.0,1.0,8.0,0.0,134.3,8.4
Robert Woods,BUF,2014.0,16.0,104.0,65.0,699.0,5.0,0.0,0.0,0.0,130.4,8.2
Allen Hurns,JAC,2014.0,16.0,97.0,51.0,677.0,6.0,0.0,0.0,0.0,129.2,8.1
Terrance Williams,DAL,2014.0,15.0,65.0,37.0,621.0,8.0,0.0,0.0,0.0,128.6,8.6
Michael Crabtree,SF,2014.0,16.0,108.0,68.0,698.0,4.0,1.0,4.0,0.0,128.2,8.0
Andrew Hawkins,CLE,2014.0,15.0,112.0,63.0,825.0,2.0,3.0,15.0,0.0,127.5,8.5
Pierre Garcon,WAS,2014.0,16.0,105.0,68.0,752.0,3.0,0.0,0.0,0.0,127.2,8.0
John Brown,ARI,2014.0,16.0,103.0,48.0,696.0,5.0,2.0,-1.0,0.0,123.5,7.7
Larry Fitzgerald,ARI,2014.0,14.0,103.0,63.0,784.0,2.0,0.0,0.0,0.0,119.9,8.6
Reggie Wayne,IND,2014.0,15.0,116.0,64.0,779.0,2.0,0.0,0.0,0.0,119.9,8.0
Kenny Britt,STL,2014.0,16.0,84.0,48.0,748.0,3.0,2.0,14.0,0.0,118.2,7.4
Martavis Bryant,PIT,2014.0,10.0,48.0,26.0,549.0,8.0,3.0,12.0,0.0,117.1,11.7
Andre Holmes,OAK,2014.0,15.0,99.0,47.0,693.0,4.0,0.0,0.0,0.0,116.8,7.8
Brandin Cooks,NO,2014.0,10.0,69.0,53.0,550.0,3.0,7.0,73.0,1.0,112.8,11.3
Dwayne Bowe,KC,2014.0,15.0,95.0,60.0,754.0,0.0,0.0,0.0,0.0,105.4,7.0
Markus Wheaton,PIT,2014.0,16.0,86.0,53.0,644.0,2.0,4.0,19.0,0.0,104.8,6.6
Percy Harvin,SEA,2014.0,13.0,78.0,51.0,483.0,1.0,33.0,202.0,1.0,104.0,8.0
Riley Cooper,PHI,2014.0,16.0,94.0,55.0,577.0,3.0,0.0,0.0,0.0,101.2,6.3
Jarius Wright,MIN,2014.0,15.0,62.0,42.0,588.0,2.0,5.0,71.0,0.0,98.9,6.6
Nate Washington,TEN,2014.0,16.0,72.0,40.0,647.0,2.0,0.0,0.0,0.0,96.7,6.0
Harry Douglas,ATL,2014.0,12.0,74.0,51.0,556.0,2.0,0.0,0.0,0.0,93.1,7.8
Miles Austin,CLE,2014.0,12.0,72.0,47.0,568.0,2.0,0.0,0.0,0.0,92.3,7.7
Allen Robinson,JAC,2014.0,10.0,81.0,48.0,548.0,2.0,0.0,0.0,0.0,90.8,9.1
Devin Hester,ATL,2014.0,15.0,59.0,38.0,504.0,2.0,6.0,36.0,1.0,89.0,5.9
Taylor Gabriel,CLE,2014.0,16.0,73.0,38.0,633.0,1.0,2.0,-2.0,0.0,88.1,5.5
Jerricho Cotchery,CAR,2014.0,15.0,78.0,48.0,580.0,1.0,0.0,0.0,0.0,88.0,5.9
Cecil Shorts,JAC,2014.0,13.0,110.0,53.0,557.0,1.0,0.0,0.0,0.0,86.2,6.6
Hakeem Nicks,IND,2014.0,15.0,69.0,38.0,405.0,4.0,0.0,0.0,0.0,83.5,5.6
Chris Hogan,BUF,2014.0,12.0,61.0,41.0,426.0,4.0,0.0,0.0,0.0,83.1,6.9
Wes Welker,DEN,2014.0,14.0,64.0,49.0,464.0,2.0,0.0,0.0,0.0,82.9,5.9
Justin Hunter,TEN,2014.0,12.0,67.0,28.0,498.0,3.0,0.0,0.0,0.0,81.8,6.8
Davante Adams,GB,2014.0,14.0,66.0,38.0,446.0,3.0,0.0,0.0,0.0,81.6,5.8
Cole Beasley,DAL,2014.0,15.0,49.0,37.0,420.0,4.0,0.0,0.0,0.0,80.5,5.4
Jermaine Kearse,SEA,2014.0,15.0,69.0,38.0,537.0,1.0,2.0,15.0,0.0,80.2,5.3
Donte Moncrief,IND,2014.0,14.0,49.0,32.0,444.0,3.0,4.0,17.0,0.0,80.1,5.7
Steve Johnson,SF,2014.0,13.0,50.0,35.0,435.0,3.0,0.0,0.0,0.0,79.0,6.1
Brian Hartline,MIA,2014.0,16.0,63.0,39.0,474.0,2.0,0.0,0.0,0.0,78.9,4.9
Cordarrelle Patterson,MIN,2014.0,16.0,67.0,33.0,384.0,1.0,10.0,117.0,1.0,76.6,4.8
Jeremy Kerley,NYJ,2014.0,16.0,75.0,38.0,409.0,1.0,4.0,86.0,0.0,74.5,4.7
Tavon Austin,STL,2014.0,15.0,45.0,32.0,239.0,0.0,36.0,224.0,2.0,74.3,5.0
Charles Johnson,MIN,2014.0,11.0,59.0,31.0,475.0,2.0,1.0,-11.0,0.0,73.9,6.7
Andre Roberts,WAS,2014.0,16.0,73.0,36.0,453.0,2.0,2.0,21.0,0.0,73.4,4.6
Preston Parker,NYG,2014.0,15.0,56.0,36.0,418.0,2.0,0.0,0.0,0.0,69.8,4.7
Brian Quick,STL,2014.0,7.0,39.0,25.0,375.0,3.0,0.0,0.0,0.0,68.0,9.7
Marqise Lee,JAC,2014.0,12.0,68.0,37.0,422.0,1.0,3.0,9.0,0.0,67.6,5.6
Stedman Bailey,STL,2014.0,12.0,46.0,30.0,435.0,1.0,1.0,13.0,0.0,65.8,5.5
Louis Murphy,TB,2014.0,11.0,56.0,31.0,380.0,2.0,0.0,0.0,0.0,65.5,6.0
Philly Brown,CAR,2014.0,11.0,36.0,21.0,296.0,2.0,8.0,95.0,0.0,59.6,5.4
Travis Benjamin,CLE,2014.0,16.0,46.0,18.0,314.0,3.0,3.0,11.0,0.0,59.5,3.7
Jason Avant,CAR,2014.0,15.0,61.0,34.0,353.0,1.0,1.0,1.0,0.0,58.4,3.9
Kamar Aiken,BAL,2014.0,13.0,33.0,24.0,267.0,3.0,0.0,0.0,0.0,56.7,4.4
Damaris Johnson,HOU,2014.0,16.0,49.0,31.0,331.0,1.0,5.0,19.0,0.0,56.5,3.5
Victor Cruz,NYG,2014.0,6.0,41.0,23.0,337.0,1.0,0.0,0.0,0.0,51.2,8.5
Brice Butler,OAK,2014.0,14.0,35.0,21.0,280.0,2.0,0.0,0.0,0.0,50.5,3.6
Brandon Gibson,MIA,2014.0,14.0,51.0,29.0,295.0,1.0,0.0,0.0,0.0,50.0,3.6
Paul Richardson,SEA,2014.0,11.0,44.0,29.0,271.0,1.0,0.0,0.0,0.0,47.6,4.3
Jaron Brown,ARI,2014.0,12.0,32.0,22.0,229.0,2.0,1.0,-5.0,0.0,45.4,3.8
Jeremy Ross,DET,2014.0,15.0,35.0,24.0,314.0,1.0,2.0,-1.0,0.0,45.3,3.0
De'Anthony Thomas,KC,2014.0,12.0,30.0,22.0,159.0,0.0,15.0,110.0,1.0,43.9,3.7
Brandon Lloyd,SF,2014.0,12.0,35.0,14.0,294.0,1.0,0.0,0.0,0.0,42.4,3.5
Josh Gordon,CLE,2014.0,5.0,47.0,24.0,303.0,0.0,0.0,0.0,0.0,42.3,8.5
Derek Hagan,TEN,2014.0,10.0,34.0,19.0,254.0,1.0,0.0,0.0,0.0,40.9,4.1
Danny Amendola,NE,2014.0,14.0,42.0,27.0,200.0,1.0,0.0,0.0,0.0,39.5,2.8
Lance Moore,PIT,2014.0,11.0,26.0,14.0,198.0,2.0,0.0,0.0,0.0,38.8,3.5
Marlon Brown,BAL,2014.0,13.0,31.0,24.0,255.0,0.0,0.0,0.0,0.0,37.5,2.9
Ricardo Lockette,SEA,2014.0,10.0,15.0,11.0,195.0,2.0,1.0,2.0,0.0,37.2,3.7
Kenbrell Thompkins,NE,2014.0,13.0,48.0,21.0,262.0,0.0,2.0,5.0,0.0,37.2,2.9
Nick Toon,NO,2014.0,6.0,23.0,17.0,215.0,1.0,1.0,4.0,0.0,34.4,5.7
Albert Wilson,KC,2014.0,7.0,28.0,16.0,260.0,0.0,0.0,0.0,0.0,34.0,4.9
Brandon Tate,CIN,2014.0,12.0,26.0,17.0,193.0,1.0,3.0,21.0,0.0,33.9,2.8
Rishard Matthews,MIA,2014.0,10.0,22.0,12.0,135.0,2.0,1.0,3.0,0.0,31.8,3.2
Corey Fuller,DET,2014.0,12.0,31.0,14.0,202.0,1.0,0.0,0.0,0.0,31.2,2.6
Bruce Ellington,SF,2014.0,7.0,12.0,6.0,62.0,2.0,6.0,28.0,1.0,30.0,4.3
Greg Salas,NYJ,2014.0,8.0,23.0,8.0,167.0,0.0,1.0,20.0,1.0,28.7,3.6
Marquess Wilson,CHI,2014.0,7.0,32.0,17.0,140.0,1.0,0.0,0.0,0.0,28.5,4.1
Chris Givens,STL,2014.0,10.0,21.0,11.0,159.0,1.0,1.0,4.0,0.0,27.8,2.8
Brenton Bersin,CAR,2014.0,12.0,20.0,13.0,151.0,1.0,0.0,0.0,0.0,27.6,2.3
Eric Weems,ATL,2014.0,6.0,11.0,10.0,102.0,2.0,0.0,0.0,0.0,27.2,4.5
Ted Ginn Jr,ARI,2014.0,12.0,26.0,14.0,190.0,0.0,3.0,6.0,0.0,26.6,2.2
Chris Owusu,TB,2014.0,5.0,6.0,6.0,78.0,1.0,1.0,23.0,1.0,25.1,5.0
Mike Williams,BUF,2014.0,6.0,19.0,8.0,142.0,1.0,0.0,0.0,0.0,24.2,4.0
Austin Pettis,STL,2014.0,4.0,18.0,12.0,118.0,1.0,0.0,0.0,0.0,23.8,6.0
Adam Thielen,MIN,2014.0,6.0,14.0,8.0,137.0,1.0,0.0,0.0,0.0,23.7,4.0
Donnie Avery,KC,2014.0,5.0,26.0,15.0,176.0,0.0,0.0,0.0,0.0,23.1,4.6
Dontrelle Inman,SD,2014.0,2.0,17.0,12.0,158.0,0.0,0.0,0.0,0.0,21.8,10.9
Josh Morgan,CHI,2014.0,8.0,19.0,10.0,70.0,1.0,2.0,30.0,0.0,21.0,2.6
Michael Campanaro,BAL,2014.0,4.0,9.0,7.0,102.0,1.0,0.0,0.0,0.0,19.7,4.9
Rod Streater,OAK,2014.0,3.0,13.0,9.0,84.0,1.0,0.0,0.0,0.0,18.9,6.3
Joe Morgan,NO,2014.0,4.0,10.0,4.0,92.0,0.0,1.0,67.0,0.0,17.9,4.5
Vincent Brown,OAK,2014.0,6.0,21.0,12.0,118.0,0.0,0.0,0.0,0.0,17.8,3.0
Junior Hemingway,KC,2014.0,9.0,21.0,12.0,108.0,0.0,0.0,0.0,0.0,16.8,1.9
Brian Tyms,NE,2014.0,4.0,11.0,5.0,82.0,1.0,0.0,0.0,0.0,16.7,4.2
Santana Moss,WAS,2014.0,5.0,15.0,10.0,116.0,0.0,0.0,0.0,0.0,16.6,3.3
T.J. Graham,NYJ,2014.0,7.0,8.0,3.0,87.0,1.0,0.0,0.0,0.0,16.2,2.3
Denarius Moore,OAK,2014.0,9.0,27.0,12.0,115.0,0.0,1.0,1.0,0.0,15.6,1.7
Jacoby Jones,BAL,2014.0,12.0,18.0,9.0,131.0,0.0,3.0,16.0,0.0,15.2,1.3
Robert Meachem,NO,2014.0,10.0,21.0,7.0,114.0,0.0,0.0,0.0,0.0,14.9,1.5
Robert Herron,TB,2014.0,6.0,12.0,6.0,58.0,1.0,1.0,0.0,0.0,14.8,2.5
Kevin Norwood,SEA,2014.0,6.0,10.0,9.0,102.0,0.0,0.0,0.0,0.0,14.7,2.5
James Wright,CIN,2014.0,10.0,16.0,5.0,91.0,0.0,3.0,30.0,0.0,14.6,1.5
Corey Washington,NYG,2014.0,3.0,8.0,5.0,52.0,1.0,0.0,0.0,0.0,13.7,4.6
A.J. Jenkins,KC,2014.0,7.0,15.0,9.0,93.0,0.0,2.0,-2.0,0.0,13.6,1.9
Justin Brown,PIT,2014.0,6.0,21.0,12.0,94.0,0.0,0.0,0.0,0.0,13.4,2.2
Dane Sanzenbacher,CIN,2014.0,6.0,15.0,9.0,105.0,0.0,1.0,-1.0,0.0,12.9,2.2
Dwayne Harris,DAL,2014.0,11.0,12.0,7.0,116.0,0.0,4.0,7.0,0.0,11.8,1.1
Keshawn Martin,HOU,2014.0,9.0,12.0,6.0,78.0,0.0,0.0,0.0,0.0,10.8,1.2
Santonio Holmes,CHI,2014.0,5.0,14.0,8.0,67.0,0.0,0.0,0.0,0.0,10.7,2.1
Antonio Brown,PIT,2015.0,16.0,193.0,136.0,1834.0,10.0,3.0,28.0,0.0,310.2,19.4
Julio Jones,ATL,2015.0,16.0,203.0,136.0,1871.0,8.0,0.0,0.0,0.0,301.1,18.8
Brandon Marshall,NYJ,2015.0,16.0,173.0,109.0,1502.0,14.0,0.0,0.0,0.0,284.7,17.8
DeAndre Hopkins,HOU,2015.0,16.0,192.0,111.0,1521.0,11.0,0.0,0.0,0.0,273.6,17.1
Odell Beckham Jr,NYG,2015.0,15.0,158.0,96.0,1450.0,13.0,1.0,3.0,0.0,271.3,18.1
Allen Robinson,JAC,2015.0,16.0,151.0,80.0,1400.0,14.0,0.0,0.0,0.0,264.0,16.5
A.J. Green,CIN,2015.0,16.0,132.0,86.0,1297.0,10.0,0.0,0.0,0.0,230.7,14.4
Doug Baldwin,SEA,2015.0,16.0,103.0,78.0,1069.0,14.0,0.0,0.0,0.0,229.9,14.4
Larry Fitzgerald,ARI,2015.0,16.0,146.0,109.0,1215.0,9.0,0.0,0.0,0.0,226.0,14.1
Calvin Johnson,DET,2015.0,16.0,149.0,88.0,1214.0,9.0,0.0,0.0,0.0,217.4,13.6
Demaryius Thomas,DEN,2015.0,16.0,177.0,105.0,1304.0,6.0,0.0,0.0,0.0,214.9,13.4
Eric Decker,NYJ,2015.0,15.0,132.0,80.0,1027.0,12.0,0.0,0.0,0.0,212.7,14.2
Jarvis Landry,MIA,2015.0,16.0,167.0,111.0,1159.0,4.0,17.0,111.0,1.0,212.5,13.3
Brandin Cooks,NO,2015.0,16.0,129.0,84.0,1140.0,9.0,8.0,18.0,0.0,211.8,13.2
Jeremy Maclin,KC,2015.0,15.0,124.0,87.0,1088.0,8.0,4.0,11.0,0.0,199.4,13.3
Allen Hurns,JAC,2015.0,15.0,105.0,64.0,1030.0,10.0,0.0,0.0,0.0,193.0,12.9
Sammy Watkins,BUF,2015.0,12.0,93.0,60.0,1047.0,9.0,1.0,1.0,0.0,188.8,15.7
Michael Crabtree,OAK,2015.0,16.0,146.0,85.0,922.0,9.0,0.0,0.0,0.0,188.7,11.8
Jordan Matthews,PHI,2015.0,16.0,128.0,85.0,997.0,8.0,0.0,0.0,0.0,188.2,11.8
Emmanuel Sanders,DEN,2015.0,15.0,137.0,76.0,1135.0,6.0,3.0,29.0,0.0,186.4,12.4
T.Y. Hilton,IND,2015.0,16.0,134.0,69.0,1124.0,5.0,0.0,0.0,0.0,176.9,11.1
Amari Cooper,OAK,2015.0,16.0,130.0,72.0,1070.0,6.0,3.0,-3.0,0.0,176.7,11.0
John Brown,ARI,2015.0,15.0,101.0,65.0,1003.0,7.0,3.0,22.0,0.0,175.0,11.7
Mike Evans,TB,2015.0,14.0,145.0,74.0,1208.0,3.0,0.0,0.0,0.0,173.8,12.4
Tavon Austin,STL,2015.0,16.0,87.0,52.0,473.0,5.0,52.0,434.0,4.0,166.7,10.4
Golden Tate,DET,2015.0,16.0,129.0,90.0,813.0,6.0,6.0,41.0,0.0,164.4,10.3
Randall Cobb,GB,2015.0,16.0,129.0,79.0,829.0,6.0,13.0,50.0,0.0,163.4,10.2
James Jones,GB,2015.0,16.0,99.0,50.0,890.0,8.0,0.0,0.0,0.0,162.0,10.1
Ted Ginn Jr,CAR,2015.0,14.0,97.0,44.0,739.0,10.0,4.0,60.0,0.0,161.9,11.6
Kamar Aiken,BAL,2015.0,15.0,126.0,75.0,944.0,5.0,0.0,0.0,0.0,159.9,10.7
Travis Benjamin,CLE,2015.0,16.0,125.0,68.0,966.0,5.0,4.0,12.0,0.0,157.8,9.9
Rueben Randle,NYG,2015.0,16.0,90.0,57.0,797.0,8.0,0.0,0.0,0.0,156.2,9.8
Willie Snead,NO,2015.0,15.0,102.0,70.0,990.0,3.0,0.0,0.0,0.0,150.0,10.0
Pierre Garcon,WAS,2015.0,16.0,111.0,72.0,777.0,6.0,0.0,0.0,0.0,149.7,9.4
Michael Floyd,ARI,2015.0,14.0,88.0,52.0,849.0,6.0,0.0,0.0,0.0,146.9,10.5
Martavis Bryant,PIT,2015.0,11.0,92.0,50.0,765.0,6.0,5.0,37.0,1.0,145.2,13.2
Julian Edelman,NE,2015.0,9.0,88.0,61.0,692.0,7.0,3.0,23.0,0.0,142.0,15.8
Marvin Jones,CIN,2015.0,16.0,103.0,65.0,816.0,4.0,5.0,33.0,0.0,141.4,8.8
Donte Moncrief,IND,2015.0,16.0,105.0,64.0,733.0,6.0,0.0,0.0,0.0,141.3,8.8
Anquan Boldin,SF,2015.0,14.0,111.0,69.0,789.0,4.0,0.0,0.0,0.0,135.4,9.7
Alshon Jeffery,CHI,2015.0,9.0,94.0,54.0,807.0,4.0,0.0,0.0,0.0,131.7,14.6
Keenan Allen,SD,2015.0,8.0,89.0,67.0,725.0,4.0,0.0,0.0,0.0,128.0,16.0
Terrance Williams,DAL,2015.0,15.0,91.0,52.0,840.0,3.0,0.0,0.0,0.0,128.0,8.5
Tyler Lockett,SEA,2015.0,15.0,68.0,51.0,664.0,6.0,5.0,20.0,0.0,127.9,8.5
Markus Wheaton,PIT,2015.0,16.0,79.0,44.0,749.0,5.0,0.0,0.0,0.0,126.9,7.9
Stefon Diggs,MIN,2015.0,13.0,84.0,52.0,720.0,4.0,3.0,13.0,0.0,123.3,9.5
Jermaine Kearse,SEA,2015.0,15.0,66.0,49.0,685.0,5.0,0.0,0.0,0.0,123.0,8.2
Danny Amendola,NE,2015.0,14.0,87.0,65.0,648.0,3.0,2.0,11.0,0.0,114.4,8.2
Nate Washington,HOU,2015.0,13.0,94.0,47.0,658.0,4.0,0.0,0.0,0.0,113.3,8.7
Rishard Matthews,MIA,2015.0,11.0,61.0,43.0,662.0,4.0,1.0,4.0,0.0,112.1,10.2
Steve Smith,BAL,2015.0,7.0,73.0,46.0,670.0,3.0,0.0,0.0,0.0,108.0,15.4
Torrey Smith,SF,2015.0,15.0,60.0,33.0,663.0,4.0,0.0,0.0,0.0,106.8,7.1
Cole Beasley,DAL,2015.0,16.0,75.0,52.0,536.0,5.0,0.0,0.0,0.0,105.6,6.6
Kenny Britt,STL,2015.0,16.0,72.0,36.0,681.0,3.0,0.0,0.0,0.0,104.1,6.5
Jamison Crowder,WAS,2015.0,16.0,78.0,59.0,604.0,2.0,2.0,2.0,0.0,100.1,6.3
Marques Colston,NO,2015.0,13.0,67.0,45.0,520.0,4.0,0.0,0.0,0.0,98.5,7.6
Dorial Green-Beckham,TEN,2015.0,14.0,67.0,32.0,549.0,4.0,0.0,0.0,0.0,94.9,6.8
Andre Johnson,IND,2015.0,15.0,76.0,41.0,503.0,4.0,0.0,0.0,0.0,94.8,6.3
Robert Woods,BUF,2015.0,14.0,80.0,47.0,552.0,3.0,1.0,0.0,0.0,94.7,6.8
Seth Roberts,OAK,2015.0,16.0,55.0,32.0,480.0,5.0,0.0,0.0,0.0,94.0,5.9
Devin Funchess,CAR,2015.0,16.0,63.0,31.0,473.0,5.0,0.0,0.0,0.0,90.8,5.7
Steve Johnson,SD,2015.0,9.0,65.0,45.0,497.0,3.0,0.0,0.0,0.0,90.2,10.0
DeSean Jackson,WAS,2015.0,8.0,48.0,30.0,528.0,4.0,0.0,0.0,0.0,89.8,11.2
Vincent Jackson,TB,2015.0,10.0,62.0,33.0,543.0,3.0,0.0,0.0,0.0,88.8,8.9
Philly Brown,CAR,2015.0,14.0,54.0,31.0,447.0,4.0,6.0,38.0,0.0,88.0,6.3
Jerricho Cotchery,CAR,2015.0,14.0,54.0,39.0,485.0,3.0,1.0,16.0,0.0,87.6,6.3
Brian Hartline,CLE,2015.0,11.0,74.0,46.0,523.0,2.0,0.0,0.0,0.0,87.3,7.9
Malcom Floyd,SD,2015.0,15.0,69.0,30.0,561.0,3.0,0.0,0.0,0.0,87.1,5.8
Cecil Shorts,HOU,2015.0,11.0,75.0,42.0,484.0,2.0,10.0,47.0,0.0,84.1,7.6
Dwayne Harris,NYG,2015.0,13.0,56.0,36.0,396.0,4.0,2.0,12.0,0.0,82.8,6.4
Dontrelle Inman,SD,2015.0,12.0,63.0,35.0,486.0,3.0,0.0,0.0,0.0,82.1,6.8
DeVante Parker,MIA,2015.0,8.0,50.0,26.0,494.0,3.0,0.0,0.0,0.0,80.4,10.1
Mike Wallace,MIN,2015.0,15.0,72.0,39.0,473.0,2.0,1.0,6.0,0.0,79.4,5.3
Davante Adams,GB,2015.0,12.0,92.0,50.0,483.0,1.0,0.0,0.0,0.0,79.3,6.6
Kendall Wright,TEN,2015.0,10.0,60.0,36.0,408.0,3.0,5.0,17.0,0.0,78.5,7.9
Roddy White,ATL,2015.0,14.0,69.0,43.0,506.0,1.0,0.0,0.0,0.0,78.1,5.6
Albert Wilson,KC,2015.0,12.0,53.0,35.0,451.0,2.0,5.0,26.0,0.0,77.2,6.4
Kenny Stills,MIA,2015.0,14.0,62.0,27.0,440.0,3.0,0.0,0.0,0.0,75.5,5.4
Chris Hogan,BUF,2015.0,13.0,59.0,36.0,450.0,2.0,1.0,4.0,0.0,75.4,5.8
Mohamed Sanu,CIN,2015.0,16.0,49.0,33.0,394.0,0.0,10.0,71.0,2.0,75.0,4.7
Dez Bryant,DAL,2015.0,9.0,72.0,31.0,401.0,3.0,0.0,0.0,0.0,73.6,8.2
Brandon Coleman,NO,2015.0,16.0,49.0,30.0,454.0,2.0,0.0,0.0,0.0,72.4,4.5
Brandon LaFell,NE,2015.0,11.0,74.0,37.0,515.0,0.0,2.0,9.0,0.0,70.9,6.4
Lance Moore,DET,2015.0,13.0,43.0,29.0,337.0,4.0,0.0,0.0,0.0,70.2,5.4
Harry Douglas,TEN,2015.0,14.0,72.0,36.0,411.0,2.0,1.0,-6.0,0.0,68.5,4.9
Marquess Wilson,CHI,2015.0,10.0,49.0,28.0,464.0,1.0,0.0,0.0,0.0,66.4,6.6
Leonard Hankerson,ATL,2015.0,7.0,46.0,26.0,327.0,3.0,0.0,0.0,0.0,63.7,9.1
Josh Huff,PHI,2015.0,13.0,40.0,27.0,312.0,3.0,0.0,0.0,0.0,62.7,4.8
Jarius Wright,MIN,2015.0,15.0,50.0,34.0,442.0,0.0,1.0,29.0,0.0,62.1,4.1
Quinton Patton,SF,2015.0,14.0,56.0,30.0,394.0,1.0,1.0,5.0,0.0,60.9,4.4
Bryan Walters,JAC,2015.0,11.0,45.0,32.0,368.0,1.0,0.0,0.0,0.0,58.8,5.3
Riley Cooper,PHI,2015.0,11.0,39.0,21.0,327.0,2.0,0.0,0.0,0.0,55.2,5.0
Darrius Heyward-Bey,PIT,2015.0,11.0,39.0,21.0,314.0,2.0,0.0,0.0,0.0,53.9,4.9
Chris Givens,STL,2015.0,14.0,54.0,20.0,353.0,1.0,4.0,18.0,0.0,53.1,3.8
Jeremy Butler,BAL,2015.0,8.0,44.0,31.0,363.0,0.0,0.0,0.0,0.0,51.8,6.5
Andre Holmes,OAK,2015.0,13.0,33.0,14.0,201.0,4.0,0.0,0.0,0.0,51.1,3.9
Ryan Grant,WAS,2015.0,12.0,42.0,23.0,268.0,2.0,0.0,0.0,0.0,50.3,4.2
Keshawn Martin,NE,2015.0,9.0,37.0,24.0,269.0,2.0,1.0,6.0,0.0,49.5,5.5
Eddie Royal,CHI,2015.0,9.0,50.0,37.0,238.0,1.0,1.0,-1.0,0.0,48.2,5.4
J.J. Nelson,ARI,2015.0,7.0,23.0,11.0,299.0,2.0,1.0,0.0,0.0,47.4,6.8
Adam Humphries,TB,2015.0,11.0,40.0,27.0,260.0,1.0,0.0,0.0,0.0,45.5,4.1
Josh Bellamy,CHI,2015.0,9.0,32.0,19.0,224.0,2.0,0.0,0.0,0.0,43.9,4.9
Nelson Agholor,PHI,2015.0,12.0,40.0,23.0,283.0,1.0,0.0,0.0,0.0,43.8,3.7
Justin Hunter,TEN,2015.0,9.0,31.0,22.0,264.0,1.0,0.0,0.0,0.0,43.4,4.8
Quincy Enunwa,NYJ,2015.0,11.0,46.0,22.0,315.0,0.0,0.0,0.0,0.0,42.5,3.9
Jaelen Strong,HOU,2015.0,10.0,24.0,14.0,161.0,3.0,0.0,0.0,0.0,41.1,4.1
Percy Harvin,BUF,2015.0,5.0,30.0,19.0,218.0,1.0,5.0,31.0,0.0,40.4,8.1
Andrew Hawkins,CLE,2015.0,8.0,43.0,27.0,276.0,0.0,0.0,0.0,0.0,39.1,4.9
Marc Mariani,CHI,2015.0,12.0,33.0,22.0,300.0,0.0,1.0,-3.0,0.0,38.7,3.2
Phillip Dorsett,IND,2015.0,11.0,39.0,18.0,225.0,1.0,3.0,17.0,0.0,37.2,3.4
Marqise Lee,JAC,2015.0,9.0,32.0,15.0,191.0,1.0,5.0,38.0,0.0,36.4,4.0
Nick Williams,ATL,2015.0,11.0,25.0,17.0,159.0,2.0,0.0,0.0,0.0,36.4,3.3
Greg Jennings,MIA,2015.0,11.0,31.0,19.0,208.0,1.0,0.0,0.0,0.0,36.3,3.3
Taylor Gabriel,CLE,2015.0,12.0,48.0,28.0,241.0,0.0,0.0,0.0,0.0,36.1,3.0
De'Anthony Thomas,KC,2015.0,10.0,24.0,17.0,140.0,1.0,9.0,34.0,1.0,35.9,3.6
Jeremy Kerley,NYJ,2015.0,5.0,26.0,16.0,152.0,2.0,0.0,0.0,0.0,35.2,7.0
Miles Austin,PHI,2015.0,9.0,26.0,13.0,224.0,1.0,0.0,0.0,0.0,34.9,3.9
Chris Conley,KC,2015.0,9.0,31.0,17.0,199.0,1.0,0.0,0.0,0.0,34.4,3.8
Griff Whalen,IND,2015.0,8.0,26.0,19.0,205.0,1.0,0.0,0.0,0.0,32.0,4.0
Brice Butler,DAL,2015.0,5.0,26.0,12.0,258.0,0.0,0.0,0.0,0.0,31.8,6.4
Jordan Norwood,DEN,2015.0,10.0,32.0,22.0,207.0,0.0,0.0,0.0,0.0,31.7,3.2
Rashad Greene,JAC,2015.0,9.0,35.0,19.0,93.0,2.0,0.0,0.0,0.0,30.8,3.4
Javontee Herndon,SD,2015.0,7.0,33.0,24.0,195.0,0.0,1.0,13.0,0.0,30.8,4.4
Stedman Bailey,STL,2015.0,7.0,24.0,12.0,182.0,1.0,0.0,0.0,0.0,30.2,4.3
Justin Hardy,ATL,2015.0,9.0,36.0,21.0,194.0,0.0,0.0,0.0,0.0,29.9,3.3
Adam Thielen,MIN,2015.0,9.0,18.0,12.0,144.0,0.0,4.0,89.0,0.0,29.3,3.3
Rashad Ross,WAS,2015.0,5.0,13.0,8.0,184.0,1.0,0.0,0.0,0.0,28.4,5.7
Bennie Fowler,DEN,2015.0,13.0,25.0,16.0,203.0,0.0,0.0,0.0,0.0,28.3,2.2
Chris Matthews,SEA,2015.0,10.0,23.0,13.0,151.0,1.0,0.0,0.0,0.0,27.6,2.8
Jaron Brown,ARI,2015.0,10.0,23.0,11.0,144.0,1.0,0.0,0.0,0.0,25.9,2.6
Kenbrell Thompkins,NYJ,2015.0,6.0,33.0,17.0,165.0,0.0,0.0,0.0,0.0,25.0,4.2
Louis Murphy,TB,2015.0,4.0,15.0,10.0,198.0,0.0,0.0,0.0,0.0,24.8,6.2
Donteea Dye,TB,2015.0,9.0,30.0,11.0,132.0,1.0,0.0,0.0,0.0,24.7,2.7
Andre Caldwell,DEN,2015.0,12.0,22.0,10.0,72.0,2.0,1.0,3.0,0.0,24.5,2.0
T.J. Jones,DET,2015.0,7.0,18.0,10.0,132.0,1.0,1.0,-3.0,0.0,21.9,3.1
Aaron Dobson,NE,2015.0,6.0,21.0,13.0,141.0,0.0,0.0,0.0,0.0,20.6,3.4
Bruce Ellington,SF,2015.0,11.0,19.0,13.0,153.0,0.0,1.0,7.0,0.0,20.5,1.9
Devin Smith,NYJ,2015.0,7.0,28.0,9.0,115.0,1.0,0.0,0.0,0.0,20.0,2.9
Keith Mumphery,HOU,2015.0,7.0,30.0,14.0,129.0,0.0,0.0,0.0,0.0,19.9,2.8
Jason Avant,KC,2015.0,10.0,24.0,15.0,119.0,0.0,0.0,0.0,0.0,19.4,1.9
Andre Roberts,WAS,2015.0,7.0,21.0,11.0,135.0,0.0,0.0,0.0,0.0,19.0,2.7
Devin Street,DAL,2015.0,9.0,12.0,7.0,114.0,1.0,0.0,0.0,0.0,18.9,2.1
Darius Jennings,CLE,2015.0,3.0,21.0,14.0,117.0,0.0,0.0,0.0,0.0,18.7,6.2
Myles White,NYG,2015.0,9.0,20.0,7.0,88.0,1.0,0.0,0.0,0.0,18.3,2.0
Marlon Brown,BAL,2015.0,9.0,30.0,14.0,112.0,0.0,0.0,0.0,0.0,18.2,2.0
Marlon Moore,CLE,2015.0,6.0,10.0,7.0,81.0,1.0,0.0,0.0,0.0,17.6,2.9
Cameron Meredith,CHI,2015.0,6.0,16.0,11.0,120.0,0.0,0.0,0.0,0.0,17.5,2.9
Charles Johnson,MIN,2015.0,6.0,13.0,9.0,127.0,0.0,0.0,0.0,0.0,17.2,2.9
Wes Welker,STL,2015.0,7.0,22.0,13.0,102.0,0.0,0.0,0.0,0.0,16.7,2.4
Tyrell Williams,SD,2015.0,2.0,6.0,2.0,90.0,1.0,0.0,0.0,0.0,16.0,8.0
Jordy Nelson,GB,2016.0,16.0,152.0,97.0,1257.0,14.0,0.0,0.0,0.0,256.2,16.0
Antonio Brown,PIT,2016.0,15.0,154.0,106.0,1284.0,12.0,3.0,9.0,0.0,254.3,17.0
Mike Evans,TB,2016.0,16.0,171.0,96.0,1321.0,12.0,0.0,0.0,0.0,252.1,15.8
Odell Beckham Jr,NYG,2016.0,16.0,169.0,101.0,1367.0,10.0,1.0,9.0,0.0,246.1,15.4
T.Y. Hilton,IND,2016.0,16.0,155.0,91.0,1448.0,6.0,0.0,0.0,0.0,226.3,14.1
Julio Jones,ATL,2016.0,14.0,129.0,83.0,1409.0,6.0,0.0,0.0,0.0,218.4,15.6
Michael Thomas,NO,2016.0,15.0,121.0,92.0,1137.0,9.0,0.0,0.0,0.0,209.7,14.0
Brandin Cooks,NO,2016.0,16.0,117.0,78.0,1173.0,8.0,6.0,30.0,0.0,207.3,13.0
Davante Adams,GB,2016.0,16.0,121.0,75.0,997.0,12.0,0.0,0.0,0.0,207.2,13.0
Doug Baldwin,SEA,2016.0,16.0,125.0,94.0,1128.0,7.0,3.0,2.0,0.0,202.0,12.6
Michael Crabtree,OAK,2016.0,16.0,145.0,89.0,1003.0,8.0,0.0,0.0,0.0,192.8,12.1
Larry Fitzgerald,ARI,2016.0,16.0,151.0,108.0,1028.0,6.0,1.0,1.0,0.0,190.9,11.9
Amari Cooper,OAK,2016.0,16.0,131.0,82.0,1149.0,5.0,1.0,0.0,0.0,185.9,11.6
Jarvis Landry,MIA,2016.0,16.0,131.0,94.0,1138.0,4.0,5.0,17.0,0.0,182.5,11.4
Tyrell Williams,SD,2016.0,16.0,119.0,69.0,1059.0,7.0,0.0,0.0,0.0,182.4,11.4
Julian Edelman,NE,2016.0,16.0,160.0,98.0,1106.0,3.0,12.0,57.0,0.0,179.3,11.2
Demaryius Thomas,DEN,2016.0,16.0,144.0,90.0,1083.0,5.0,0.0,0.0,0.0,179.3,11.2
Rishard Matthews,TEN,2016.0,16.0,108.0,65.0,945.0,9.0,0.0,0.0,0.0,179.0,11.2
Golden Tate,DET,2016.0,16.0,135.0,91.0,1077.0,4.0,10.0,4.0,0.0,175.6,11.0
Emmanuel Sanders,DEN,2016.0,15.0,137.0,79.0,1032.0,5.0,1.0,4.0,0.0,173.1,11.5
Terrelle Pryor,CLE,2016.0,16.0,141.0,77.0,1007.0,4.0,8.0,21.0,1.0,171.3,10.7
Tyreek Hill,KC,2016.0,16.0,83.0,61.0,593.0,6.0,24.0,267.0,3.0,168.5,10.5
Kelvin Benjamin,CAR,2016.0,16.0,117.0,63.0,941.0,7.0,0.0,0.0,0.0,165.6,10.4
Mike Wallace,BAL,2016.0,16.0,117.0,72.0,1017.0,4.0,5.0,31.0,0.0,164.8,10.3
Kenny Britt,LAR,2016.0,15.0,111.0,68.0,1002.0,5.0,0.0,0.0,0.0,162.2,10.8
Pierre Garcon,WAS,2016.0,16.0,114.0,79.0,1041.0,3.0,0.0,0.0,0.0,161.6,10.1
Allen Robinson,JAC,2016.0,16.0,150.0,73.0,883.0,6.0,0.0,0.0,0.0,160.8,10.1
Adam Thielen,MIN,2016.0,16.0,92.0,69.0,967.0,5.0,2.0,15.0,0.0,160.7,10.0
DeAndre Hopkins,HOU,2016.0,16.0,151.0,78.0,954.0,4.0,0.0,0.0,0.0,158.4,9.9
Jamison Crowder,WAS,2016.0,16.0,99.0,67.0,847.0,7.0,2.0,-2.0,0.0,158.0,9.9
Brandon LaFell,CIN,2016.0,16.0,107.0,64.0,862.0,6.0,1.0,-2.0,0.0,154.0,9.6
A.J. Green,CIN,2016.0,10.0,100.0,66.0,964.0,4.0,0.0,0.0,0.0,153.4,15.3
DeSean Jackson,WAS,2016.0,15.0,100.0,56.0,1005.0,4.0,0.0,0.0,0.0,152.5,10.2
Sterling Shepard,NYG,2016.0,16.0,105.0,65.0,683.0,8.0,3.0,31.0,0.0,151.9,9.5
Cole Beasley,DAL,2016.0,16.0,98.0,75.0,833.0,5.0,1.0,7.0,0.0,151.5,9.5
Stefon Diggs,MIN,2016.0,13.0,112.0,84.0,903.0,3.0,3.0,10.0,0.0,151.3,11.6
Dez Bryant,DAL,2016.0,13.0,96.0,50.0,796.0,8.0,0.0,0.0,0.0,150.6,11.6
Willie Snead,NO,2016.0,15.0,104.0,72.0,895.0,4.0,0.0,0.0,0.0,149.5,10.0
Kenny Stills,MIA,2016.0,16.0,81.0,42.0,726.0,9.0,0.0,0.0,0.0,147.6,9.2
Steve Smith,BAL,2016.0,14.0,102.0,70.0,799.0,5.0,0.0,0.0,0.0,144.9,10.4
Marvin Jones,DET,2016.0,15.0,103.0,55.0,930.0,4.0,1.0,3.0,0.0,144.8,9.7
Cameron Meredith,CHI,2016.0,14.0,97.0,66.0,888.0,4.0,1.0,6.0,0.0,142.4,10.2
Anquan Boldin,DET,2016.0,16.0,95.0,67.0,584.0,8.0,0.0,0.0,0.0,139.9,8.7
Quincy Enunwa,NYJ,2016.0,16.0,105.0,58.0,857.0,4.0,1.0,12.0,0.0,139.9,8.7
Marqise Lee,JAC,2016.0,16.0,105.0,63.0,851.0,3.0,6.0,35.0,0.0,136.1,8.5
Dontrelle Inman,SD,2016.0,16.0,97.0,58.0,810.0,4.0,0.0,0.0,0.0,134.0,8.4
Ted Ginn Jr,CAR,2016.0,16.0,95.0,54.0,752.0,4.0,14.0,98.0,0.0,132.0,8.3
Brandon Marshall,NYJ,2016.0,15.0,129.0,60.0,787.0,3.0,0.0,0.0,0.0,126.7,8.4
DeVante Parker,MIA,2016.0,15.0,88.0,56.0,744.0,4.0,0.0,0.0,0.0,126.4,8.4
Jordan Matthews,PHI,2016.0,13.0,106.0,67.0,731.0,3.0,0.0,0.0,0.0,124.6,9.6
Taylor Gabriel,ATL,2016.0,12.0,51.0,36.0,588.0,6.0,4.0,51.0,1.0,123.9,10.3
J.J. Nelson,ARI,2016.0,14.0,74.0,34.0,568.0,6.0,4.0,83.0,1.0,122.1,8.7
Alshon Jeffery,CHI,2016.0,12.0,94.0,52.0,821.0,2.0,0.0,0.0,0.0,120.1,10.0
Randall Cobb,GB,2016.0,13.0,84.0,60.0,610.0,4.0,10.0,33.0,0.0,118.3,9.1
Tavon Austin,LAR,2016.0,15.0,106.0,58.0,509.0,3.0,28.0,159.0,1.0,117.8,7.9
Mohamed Sanu,ATL,2016.0,15.0,81.0,59.0,653.0,4.0,1.0,5.0,0.0,117.3,7.8
Jeremy Kerley,SF,2016.0,16.0,115.0,64.0,667.0,3.0,0.0,0.0,0.0,114.7,7.2
Chris Hogan,NE,2016.0,15.0,58.0,38.0,680.0,4.0,3.0,9.0,0.0,109.9,7.3
Travis Benjamin,SD,2016.0,14.0,75.0,47.0,677.0,4.0,2.0,-3.0,0.0,108.9,7.8
Tyler Lockett,SEA,2016.0,14.0,66.0,41.0,597.0,1.0,6.0,114.0,1.0,103.6,7.4
Adam Humphries,TB,2016.0,15.0,83.0,55.0,622.0,2.0,5.0,18.0,0.0,103.5,6.9
Terrance Williams,DAL,2016.0,15.0,61.0,44.0,594.0,4.0,0.0,0.0,0.0,103.4,6.9
Eli Rogers,PIT,2016.0,13.0,66.0,48.0,594.0,3.0,1.0,6.0,0.0,102.0,7.8
Will Fuller,HOU,2016.0,14.0,92.0,47.0,635.0,2.0,1.0,-3.0,0.0,98.7,7.1
Michael Floyd,ARI,2016.0,14.0,76.0,37.0,488.0,5.0,0.0,0.0,0.0,97.3,7.0
Tyler Boyd,CIN,2016.0,16.0,81.0,54.0,603.0,1.0,4.0,58.0,0.0,97.1,6.1
Brian Quick,LAR,2016.0,16.0,77.0,41.0,564.0,3.0,0.0,0.0,0.0,94.9,5.9
Robby Anderson,NYJ,2016.0,14.0,78.0,42.0,587.0,2.0,3.0,42.0,0.0,93.9,6.7
Robert Woods,BUF,2016.0,13.0,76.0,51.0,613.0,1.0,1.0,6.0,0.0,93.4,7.2
Seth Roberts,OAK,2016.0,16.0,77.0,38.0,397.0,5.0,0.0,0.0,0.0,88.7,5.5
Donte Moncrief,IND,2016.0,9.0,56.0,30.0,307.0,7.0,1.0,-1.0,0.0,87.6,9.7
Cordarrelle Patterson,MIN,2016.0,16.0,70.0,52.0,453.0,2.0,7.0,43.0,0.0,87.6,5.5
Jeremy Maclin,KC,2016.0,12.0,76.0,44.0,536.0,2.0,1.0,-1.0,0.0,87.5,7.3
Tajae Sharpe,TEN,2016.0,16.0,83.0,41.0,522.0,2.0,1.0,1.0,0.0,84.8,5.3
Breshad Perriman,BAL,2016.0,15.0,66.0,33.0,499.0,3.0,1.0,2.0,0.0,84.6,5.6
John Brown,ARI,2016.0,14.0,72.0,39.0,517.0,2.0,1.0,10.0,0.0,84.2,6.0
Allen Hurns,JAC,2016.0,11.0,76.0,35.0,477.0,3.0,0.0,0.0,0.0,83.2,7.6
Phillip Dorsett,IND,2016.0,15.0,59.0,33.0,528.0,2.0,2.0,10.0,0.0,82.3,5.5
Victor Cruz,NYG,2016.0,14.0,72.0,39.0,586.0,1.0,0.0,0.0,0.0,82.1,5.9
Malcolm Mitchell,NE,2016.0,12.0,48.0,32.0,401.0,4.0,0.0,0.0,0.0,80.1,6.7
Jermaine Kearse,SEA,2016.0,16.0,89.0,41.0,511.0,1.0,0.0,0.0,0.0,77.6,4.9
Corey Coleman,CLE,2016.0,10.0,73.0,33.0,413.0,3.0,2.0,10.0,0.0,76.8,7.7
Marquise Goodwin,BUF,2016.0,14.0,68.0,29.0,431.0,3.0,0.0,0.0,0.0,75.6,5.4
Kendall Wright,TEN,2016.0,11.0,43.0,29.0,416.0,3.0,1.0,15.0,0.0,75.6,6.9
Chris Conley,KC,2016.0,16.0,69.0,44.0,530.0,0.0,0.0,0.0,0.0,75.0,4.7
Devin Funchess,CAR,2016.0,14.0,58.0,23.0,371.0,4.0,0.0,0.0,0.0,72.6,5.2
Dorial Green-Beckham,PHI,2016.0,14.0,74.0,36.0,392.0,2.0,0.0,0.0,0.0,69.2,4.9
Sammy Watkins,BUF,2016.0,8.0,52.0,28.0,430.0,2.0,0.0,0.0,0.0,69.0,8.6
Nelson Agholor,PHI,2016.0,15.0,69.0,36.0,365.0,2.0,5.0,14.0,0.0,67.9,4.5
Sammie Coates,PIT,2016.0,11.0,49.0,21.0,435.0,2.0,4.0,14.0,0.0,67.4,6.1
Andrew Hawkins,CLE,2016.0,16.0,53.0,33.0,324.0,3.0,2.0,0.0,0.0,66.9,4.2
Albert Wilson,KC,2016.0,14.0,51.0,31.0,279.0,2.0,2.0,50.0,1.0,66.4,4.7
Eddie Royal,CHI,2016.0,9.0,43.0,33.0,369.0,2.0,0.0,0.0,0.0,65.4,7.3
Quinton Patton,SF,2016.0,13.0,63.0,37.0,408.0,0.0,0.0,0.0,0.0,59.3,4.6
Brandon Coleman,NO,2016.0,13.0,38.0,26.0,281.0,3.0,0.0,0.0,0.0,59.1,4.5
Russell Shepard,TB,2016.0,12.0,40.0,23.0,341.0,2.0,1.0,9.0,0.0,58.5,4.9
Danny Amendola,NE,2016.0,11.0,29.0,23.0,245.0,4.0,0.0,0.0,0.0,58.0,5.3
Justin Hardy,ATL,2016.0,11.0,31.0,21.0,203.0,4.0,0.0,0.0,0.0,54.8,5.0
Torrey Smith,SF,2016.0,12.0,49.0,20.0,267.0,3.0,0.0,0.0,0.0,54.7,4.6
Kamar Aiken,BAL,2016.0,16.0,50.0,29.0,328.0,1.0,0.0,0.0,0.0,53.3,3.3
Aldrick Robinson,ATL,2016.0,13.0,31.0,19.0,314.0,2.0,0.0,0.0,0.0,52.9,4.1
Brice Butler,DAL,2016.0,14.0,32.0,16.0,219.0,3.0,0.0,0.0,0.0,47.9,3.4
Justin Hunter,BUF,2016.0,9.0,23.0,10.0,189.0,4.0,0.0,0.0,0.0,47.9,5.3
Josh Bellamy,CHI,2016.0,12.0,38.0,19.0,282.0,1.0,4.0,37.0,0.0,47.4,4.0
Deonte Thompson,CHI,2016.0,9.0,36.0,22.0,249.0,2.0,0.0,0.0,0.0,45.9,5.1
Paul Richardson,SEA,2016.0,11.0,36.0,21.0,288.0,1.0,1.0,5.0,0.0,45.8,4.2
Philly Brown,CAR,2016.0,15.0,53.0,27.0,276.0,1.0,2.0,6.0,0.0,45.7,3.0
Bryan Walters,JAC,2016.0,8.0,34.0,24.0,231.0,2.0,1.0,4.0,0.0,45.5,5.7
Cobi Hamilton,PIT,2016.0,11.0,28.0,17.0,234.0,2.0,0.0,0.0,0.0,43.9,4.0
Rod Streater,SF,2016.0,13.0,27.0,18.0,191.0,2.0,0.0,0.0,0.0,40.1,3.1
Jordan Taylor,DEN,2016.0,11.0,25.0,16.0,209.0,2.0,0.0,0.0,0.0,38.9,3.5
Darrius Heyward-Bey,PIT,2016.0,7.0,19.0,6.0,114.0,2.0,1.0,60.0,1.0,38.4,5.5
Geronimo Allison,GB,2016.0,7.0,22.0,12.0,202.0,2.0,0.0,0.0,0.0,38.2,5.5
Andre Holmes,OAK,2016.0,14.0,25.0,14.0,126.0,3.0,0.0,0.0,0.0,37.6,2.7
Chester Rogers,IND,2016.0,10.0,34.0,19.0,273.0,0.0,0.0,0.0,0.0,36.8,3.7
Eric Decker,NYJ,2016.0,3.0,21.0,9.0,194.0,2.0,0.0,0.0,0.0,35.9,12.0
Jordan Norwood,DEN,2016.0,14.0,35.0,21.0,232.0,1.0,1.0,0.0,0.0,33.7,2.4
Charles Johnson,MIN,2016.0,13.0,37.0,20.0,232.0,0.0,0.0,0.0,0.0,33.2,2.6
Bennie Fowler,DEN,2016.0,10.0,24.0,11.0,145.0,2.0,0.0,0.0,0.0,32.0,3.2
Jalin Marshall,NYJ,2016.0,6.0,22.0,14.0,162.0,2.0,0.0,0.0,0.0,31.2,5.2
Jeff Janis,GB,2016.0,10.0,19.0,11.0,93.0,1.0,2.0,38.0,1.0,30.6,3.1
Tanner McEvoy,SEA,2016.0,8.0,11.0,9.0,140.0,2.0,0.0,0.0,0.0,30.5,3.8
Jaron Brown,ARI,2016.0,6.0,23.0,11.0,187.0,1.0,0.0,0.0,0.0,30.2,5.0
Andre Roberts,DET,2016.0,13.0,25.0,14.0,188.0,1.0,0.0,0.0,0.0,29.8,2.3
Ricardo Louis,CLE,2016.0,8.0,36.0,18.0,205.0,0.0,0.0,0.0,0.0,29.5,3.7
Kevin White,CHI,2016.0,4.0,36.0,19.0,187.0,0.0,1.0,9.0,0.0,29.1,7.3
Cody Core,CIN,2016.0,6.0,27.0,17.0,200.0,0.0,0.0,0.0,0.0,28.5,4.8
Harry Douglas,TEN,2016.0,7.0,22.0,15.0,210.0,0.0,0.0,0.0,0.0,28.5,4.1
Charone Peake,NYJ,2016.0,11.0,35.0,19.0,186.0,0.0,0.0,0.0,0.0,28.1,2.6
Josh Huff,PHI,2016.0,9.0,23.0,16.0,113.0,1.0,4.0,15.0,0.0,26.8,3.0
Marquess Wilson,CHI,2016.0,3.0,16.0,9.0,160.0,1.0,0.0,0.0,0.0,26.5,8.8
Roger Lewis,NYG,2016.0,9.0,19.0,7.0,97.0,2.0,0.0,0.0,0.0,25.2,2.8
Andre Johnson,TEN,2016.0,6.0,23.0,9.0,85.0,2.0,0.0,0.0,0.0,25.0,4.2
Vincent Jackson,TB,2016.0,5.0,32.0,15.0,173.0,0.0,0.0,0.0,0.0,24.8,5.0
Freddie Martino,TB,2016.0,7.0,11.0,8.0,142.0,1.0,0.0,0.0,0.0,24.2,3.5
Braxton Miller,HOU,2016.0,9.0,28.0,15.0,99.0,1.0,3.0,0.0,0.0,23.4,2.6
Walter Powell,BUF,2016.0,7.0,25.0,14.0,142.0,0.0,0.0,0.0,0.0,21.2,3.0
Cecil Shorts,TB,2016.0,7.0,27.0,11.0,152.0,0.0,0.0,0.0,0.0,20.7,3.0
Brandon Tate,BUF,2016.0,9.0,12.0,8.0,117.0,0.0,3.0,48.0,0.0,20.5,2.3
Arrelious Benn,JAC,2016.0,7.0,10.0,5.0,116.0,1.0,0.0,0.0,0.0,20.1,2.9
Jaelen Strong,HOU,2016.0,6.0,24.0,14.0,131.0,0.0,0.0,0.0,0.0,20.1,3.4
Chris Harper,SF,2016.0,8.0,21.0,13.0,133.0,0.0,0.0,0.0,0.0,19.8,2.5
Jarius Wright,MIN,2016.0,4.0,14.0,11.0,67.0,1.0,0.0,0.0,0.0,18.2,4.6
Pharoh Cooper,LAR,2016.0,8.0,20.0,14.0,106.0,0.0,0.0,0.0,0.0,17.6,2.2
Paul Turner,PHI,2016.0,3.0,14.0,9.0,126.0,0.0,0.0,0.0,0.0,17.1,5.7
Greg Salas,BUF,2016.0,2.0,6.0,4.0,89.0,1.0,0.0,0.0,0.0,16.9,8.5
James Wright,CIN,2016.0,10.0,19.0,13.0,106.0,0.0,2.0,-6.0,0.0,16.5,1.7
Brittan Golden,ARI,2016.0,7.0,14.0,8.0,82.0,1.0,0.0,0.0,0.0,16.2,2.3
DeMarcus Ayers,PIT,2016.0,2.0,13.0,6.0,53.0,1.0,2.0,-12.0,0.0,13.1,6.6
Markus Wheaton,PIT,2016.0,3.0,9.0,4.0,51.0,1.0,0.0,0.0,0.0,13.1,4.4
DeAndre Hopkins,HOU,2017.0,15.0,174.0,96.0,1378.0,13.0,0.0,0.0,0.0,261.8,17.5
Antonio Brown,PIT,2017.0,14.0,162.0,101.0,1533.0,9.0,0.0,0.0,0.0,257.8,18.4
Keenan Allen,LAC,2017.0,16.0,159.0,102.0,1393.0,6.0,2.0,9.0,1.0,233.2,14.6
Julio Jones,ATL,2017.0,16.0,148.0,88.0,1444.0,3.0,1.0,15.0,0.0,207.9,13.0
Michael Thomas,NO,2017.0,16.0,149.0,104.0,1245.0,5.0,0.0,0.0,0.0,206.5,12.9
Larry Fitzgerald,ARI,2017.0,16.0,161.0,109.0,1156.0,6.0,0.0,0.0,0.0,204.1,12.8
Jarvis Landry,MIA,2017.0,16.0,161.0,112.0,987.0,9.0,1.0,-7.0,0.0,204.0,12.8
Tyreek Hill,KC,2017.0,15.0,105.0,75.0,1183.0,7.0,17.0,59.0,0.0,203.7,13.6
Marvin Jones,DET,2017.0,16.0,107.0,61.0,1101.0,9.0,0.0,0.0,0.0,194.6,12.2
Adam Thielen,MIN,2017.0,16.0,143.0,91.0,1277.0,4.0,1.0,11.0,0.0,194.3,12.1
A.J. Green,CIN,2017.0,16.0,143.0,75.0,1078.0,8.0,0.0,0.0,0.0,189.3,11.8
Brandin Cooks,NE,2017.0,16.0,114.0,65.0,1082.0,7.0,9.0,40.0,0.0,186.7,11.7
Davante Adams,GB,2017.0,14.0,118.0,74.0,885.0,10.0,0.0,0.0,0.0,185.5,13.3
Doug Baldwin,SEA,2017.0,16.0,116.0,75.0,991.0,8.0,2.0,-8.0,0.0,183.8,11.5
Golden Tate,DET,2017.0,16.0,120.0,92.0,1003.0,5.0,5.0,22.0,0.0,176.5,11.0
Robby Anderson,NYJ,2017.0,16.0,114.0,63.0,941.0,7.0,3.0,9.0,0.0,168.5,10.5
Stefon Diggs,MIN,2017.0,14.0,95.0,64.0,849.0,8.0,8.0,13.0,0.0,166.2,11.9
Mike Evans,TB,2017.0,15.0,136.0,71.0,1001.0,5.0,0.0,0.0,0.0,165.6,11.0
Demaryius Thomas,DEN,2017.0,16.0,140.0,83.0,949.0,5.0,0.0,0.0,0.0,164.4,10.3
Devin Funchess,CAR,2017.0,16.0,112.0,63.0,840.0,8.0,0.0,0.0,0.0,163.5,10.2
JuJu Smith-Schuster,PIT,2017.0,13.0,79.0,58.0,917.0,7.0,0.0,0.0,0.0,162.7,12.5
Nelson Agholor,PHI,2017.0,16.0,95.0,62.0,768.0,8.0,1.0,7.0,1.0,162.5,10.2
Alshon Jeffery,PHI,2017.0,16.0,120.0,57.0,789.0,9.0,0.0,0.0,0.0,161.4,10.1
Dez Bryant,DAL,2017.0,16.0,132.0,69.0,839.0,6.0,1.0,-4.0,0.0,152.0,9.5
T.Y. Hilton,IND,2017.0,16.0,109.0,57.0,966.0,4.0,0.0,0.0,0.0,147.1,9.2
Cooper Kupp,LAR,2017.0,15.0,94.0,62.0,869.0,5.0,0.0,0.0,0.0,145.9,9.7
Kenny Stills,MIA,2017.0,16.0,105.0,58.0,847.0,6.0,0.0,0.0,0.0,145.7,9.1
Jermaine Kearse,NYJ,2017.0,16.0,102.0,65.0,810.0,5.0,0.0,0.0,0.0,143.5,9.0
Marquise Goodwin,SF,2017.0,16.0,105.0,56.0,962.0,2.0,4.0,44.0,0.0,140.6,8.8
Michael Crabtree,OAK,2017.0,13.0,101.0,58.0,618.0,8.0,0.0,0.0,0.0,138.8,10.7
Robert Woods,LAR,2017.0,12.0,85.0,56.0,781.0,5.0,2.0,12.0,0.0,135.3,11.3
Mohamed Sanu,ATL,2017.0,15.0,96.0,67.0,703.0,5.0,4.0,10.0,0.0,134.8,9.0
Amari Cooper,OAK,2017.0,14.0,96.0,48.0,680.0,7.0,1.0,4.0,0.0,134.4,9.6
Ted Ginn Jr,NO,2017.0,15.0,70.0,53.0,787.0,4.0,10.0,39.0,0.0,133.1,8.9
Rishard Matthews,TEN,2017.0,14.0,87.0,53.0,795.0,4.0,1.0,-3.0,0.0,129.7,9.3
Paul Richardson,SEA,2017.0,16.0,80.0,44.0,703.0,6.0,0.0,0.0,0.0,128.3,8.0
Jamison Crowder,WAS,2017.0,15.0,103.0,66.0,789.0,3.0,7.0,34.0,0.0,127.3,8.5
Sammy Watkins,LAR,2017.0,15.0,70.0,39.0,593.0,8.0,0.0,0.0,0.0,126.8,8.5
Mike Wallace,BAL,2017.0,15.0,92.0,52.0,748.0,4.0,1.0,4.0,0.0,125.2,8.3
Randall Cobb,GB,2017.0,14.0,92.0,66.0,653.0,4.0,9.0,17.0,0.0,124.0,8.9
Marqise Lee,JAC,2017.0,13.0,96.0,56.0,702.0,3.0,1.0,17.0,0.0,117.9,9.1
Tyrell Williams,LAC,2017.0,16.0,69.0,43.0,728.0,4.0,0.0,0.0,0.0,116.3,7.3
Sterling Shepard,NYG,2017.0,11.0,84.0,59.0,731.0,2.0,4.0,4.0,0.0,115.0,10.5
DeSean Jackson,TB,2017.0,14.0,90.0,50.0,668.0,3.0,3.0,38.0,0.0,113.6,8.1
Keelan Cole,JAC,2017.0,16.0,83.0,42.0,748.0,3.0,0.0,0.0,0.0,111.8,7.0
Kelvin Benjamin,CAR,2017.0,14.0,78.0,48.0,692.0,3.0,0.0,0.0,0.0,111.2,7.9
Jordy Nelson,GB,2017.0,14.0,88.0,53.0,482.0,6.0,0.0,0.0,0.0,110.7,7.9
Danny Amendola,NE,2017.0,15.0,86.0,61.0,659.0,2.0,0.0,0.0,0.0,108.4,7.2
Travis Benjamin,LAC,2017.0,16.0,65.0,34.0,567.0,4.0,13.0,96.0,0.0,107.3,6.7
Martavis Bryant,PIT,2017.0,15.0,84.0,50.0,603.0,3.0,6.0,22.0,0.0,105.5,7.0
Ryan Grant,WAS,2017.0,16.0,65.0,45.0,573.0,4.0,0.0,0.0,0.0,103.8,6.5
Josh Doctson,WAS,2017.0,15.0,78.0,35.0,502.0,6.0,1.0,-14.0,0.0,102.3,6.8
DeVante Parker,MIA,2017.0,13.0,96.0,57.0,670.0,1.0,0.0,0.0,0.0,101.5,7.8
Will Fuller,HOU,2017.0,10.0,50.0,28.0,423.0,7.0,2.0,9.0,0.0,99.2,9.9
Brandon LaFell,CIN,2017.0,16.0,89.0,52.0,548.0,3.0,0.0,0.0,0.0,98.8,6.2
Adam Humphries,TB,2017.0,16.0,83.0,61.0,631.0,1.0,1.0,6.0,0.0,98.2,6.1
Kendall Wright,CHI,2017.0,14.0,91.0,59.0,614.0,1.0,0.0,0.0,0.0,96.9,6.9
Tyler Lockett,SEA,2017.0,16.0,71.0,45.0,555.0,2.0,10.0,58.0,0.0,95.8,6.0
Albert Wilson,KC,2017.0,13.0,62.0,42.0,554.0,3.0,3.0,6.0,0.0,95.0,7.3
Chris Hogan,NE,2017.0,9.0,59.0,34.0,439.0,5.0,3.0,17.0,0.0,92.6,10.3
Emmanuel Sanders,DEN,2017.0,12.0,92.0,47.0,555.0,2.0,0.0,0.0,0.0,91.0,7.6
Eric Decker,TEN,2017.0,16.0,83.0,54.0,563.0,1.0,0.0,0.0,0.0,89.3,5.6
Jaron Brown,ARI,2017.0,14.0,69.0,31.0,477.0,4.0,0.0,0.0,0.0,87.2,6.2
Deonte Thompson,CHI,2017.0,15.0,68.0,38.0,555.0,2.0,2.0,-5.0,0.0,86.0,5.7
Terrance Williams,DAL,2017.0,16.0,78.0,53.0,568.0,0.0,2.0,15.0,0.0,84.8,5.3
Jeremy Maclin,BAL,2017.0,12.0,72.0,40.0,440.0,3.0,0.0,0.0,0.0,82.0,6.8
Kenny Golladay,DET,2017.0,11.0,48.0,28.0,477.0,3.0,1.0,9.0,0.0,80.6,7.3
Allen Hurns,JAC,2017.0,10.0,56.0,39.0,484.0,2.0,0.0,0.0,0.0,79.9,8.0
J.J. Nelson,ARI,2017.0,16.0,61.0,29.0,504.0,2.0,3.0,37.0,0.0,78.6,4.9
Chris Godwin,TB,2017.0,15.0,55.0,34.0,525.0,1.0,0.0,0.0,0.0,75.5,5.0
Trent Taylor,SF,2017.0,15.0,60.0,43.0,430.0,2.0,0.0,0.0,0.0,74.5,5.0
Cole Beasley,DAL,2017.0,15.0,63.0,36.0,314.0,4.0,0.0,0.0,0.0,73.4,4.9
Roger Lewis,NYG,2017.0,14.0,72.0,36.0,416.0,2.0,0.0,0.0,0.0,71.6,5.1
Cordarrelle Patterson,OAK,2017.0,15.0,42.0,31.0,309.0,0.0,13.0,121.0,2.0,70.5,4.7
Pierre Garcon,SF,2017.0,8.0,67.0,40.0,500.0,0.0,0.0,0.0,0.0,70.0,8.8
Seth Roberts,OAK,2017.0,15.0,65.0,43.0,455.0,1.0,0.0,0.0,0.0,69.0,4.6
Bennie Fowler,DEN,2017.0,14.0,56.0,29.0,350.0,3.0,0.0,0.0,0.0,67.5,4.8
Taylor Gabriel,ATL,2017.0,16.0,51.0,33.0,378.0,1.0,8.0,49.0,0.0,65.2,4.1
Donte Moncrief,IND,2017.0,12.0,47.0,26.0,391.0,2.0,0.0,0.0,0.0,64.1,5.3
Torrey Smith,PHI,2017.0,15.0,60.0,32.0,364.0,2.0,1.0,-3.0,0.0,64.1,4.3
Brandon Coleman,NO,2017.0,14.0,37.0,23.0,368.0,3.0,0.0,0.0,0.0,62.3,4.5
Odell Beckham Jr,NYG,2017.0,4.0,41.0,25.0,302.0,3.0,1.0,8.0,0.0,61.5,15.4
Bruce Ellington,HOU,2017.0,11.0,56.0,29.0,330.0,2.0,3.0,17.0,0.0,61.2,5.6
T.J. Jones,DET,2017.0,11.0,49.0,30.0,399.0,1.0,0.0,0.0,0.0,60.9,5.5
John Brown,ARI,2017.0,10.0,55.0,21.0,299.0,3.0,1.0,10.0,0.0,59.4,5.9
Brice Butler,DAL,2017.0,12.0,23.0,15.0,317.0,3.0,0.0,0.0,0.0,57.2,4.8
Zay Jones,BUF,2017.0,14.0,74.0,27.0,316.0,2.0,0.0,0.0,0.0,57.1,4.1
Chris Moore,BAL,2017.0,11.0,38.0,18.0,248.0,3.0,2.0,-9.0,1.0,56.9,5.2
Josh Bellamy,CHI,2017.0,9.0,46.0,24.0,376.0,1.0,1.0,6.0,0.0,56.2,6.2
Rashard Higgins,CLE,2017.0,14.0,50.0,27.0,312.0,2.0,1.0,4.0,0.0,55.1,3.9
Corey Coleman,CLE,2017.0,9.0,57.0,23.0,305.0,2.0,0.0,0.0,0.0,54.0,6.0
Dede Westbrook,JAC,2017.0,7.0,51.0,27.0,339.0,1.0,0.0,0.0,0.0,53.4,7.6
Dontrelle Inman,LAC,2017.0,10.0,44.0,25.0,343.0,1.0,0.0,0.0,0.0,52.8,5.3
Corey Davis,TEN,2017.0,11.0,65.0,34.0,375.0,0.0,0.0,0.0,0.0,52.5,4.8
Tavarres King,NYG,2017.0,8.0,37.0,18.0,240.0,3.0,2.0,3.0,0.0,51.3,6.4
Cody Latimer,DEN,2017.0,10.0,31.0,19.0,287.0,2.0,0.0,0.0,0.0,50.2,5.0
Justin Hardy,ATL,2017.0,10.0,29.0,20.0,221.0,3.0,0.0,0.0,0.0,50.1,5.0
Ricardo Louis,CLE,2017.0,14.0,61.0,27.0,357.0,0.0,0.0,0.0,0.0,49.2,3.5
Josh Gordon,CLE,2017.0,5.0,43.0,18.0,335.0,1.0,0.0,0.0,0.0,48.5,9.7
Kenny Britt,CLE,2017.0,12.0,43.0,20.0,256.0,2.0,0.0,0.0,0.0,47.6,4.0
Aldrick Robinson,SF,2017.0,14.0,48.0,19.0,260.0,2.0,0.0,0.0,0.0,47.5,3.4
Chester Rogers,IND,2017.0,10.0,37.0,23.0,284.0,1.0,3.0,8.0,0.0,46.7,4.7
Tyler Boyd,CIN,2017.0,10.0,32.0,22.0,225.0,2.0,0.0,0.0,0.0,45.5,4.6
Jordan Matthews,BUF,2017.0,10.0,36.0,25.0,282.0,1.0,0.0,0.0,0.0,44.7,4.5
Taywan Taylor,TEN,2017.0,16.0,28.0,16.0,231.0,1.0,8.0,43.0,0.0,41.4,2.6
Jarius Wright,MIN,2017.0,12.0,25.0,18.0,198.0,2.0,0.0,0.0,0.0,40.8,3.4
Johnny Holton,OAK,2017.0,7.0,18.0,9.0,218.0,3.0,0.0,0.0,0.0,40.3,5.8
Terrelle Pryor,WAS,2017.0,8.0,37.0,20.0,240.0,1.0,0.0,0.0,0.0,40.0,5.0
Jakeem Grant,MIA,2017.0,10.0,22.0,13.0,203.0,2.0,3.0,12.0,0.0,38.0,3.8
Michael Campanaro,BAL,2017.0,11.0,27.0,19.0,173.0,1.0,5.0,42.0,0.0,37.0,3.4
Tavon Austin,LAR,2017.0,14.0,23.0,14.0,52.0,0.0,58.0,265.0,1.0,36.7,2.6
Mack Hollins,PHI,2017.0,11.0,22.0,16.0,226.0,1.0,0.0,0.0,0.0,36.6,3.3
Russell Shepard,CAR,2017.0,12.0,33.0,17.0,202.0,1.0,2.0,19.0,0.0,36.6,3.1
Andre Holmes,BUF,2017.0,10.0,23.0,13.0,120.0,3.0,0.0,0.0,0.0,36.5,3.7
Geronimo Allison,GB,2017.0,11.0,39.0,23.0,253.0,0.0,0.0,0.0,0.0,34.8,3.2
Jeremy Kerley,NYJ,2017.0,7.0,27.0,22.0,217.0,1.0,0.0,0.0,0.0,34.7,5.0
Kendrick Bourne,SF,2017.0,10.0,34.0,16.0,257.0,0.0,0.0,0.0,0.0,33.7,3.4
De'Anthony Thomas,KC,2017.0,9.0,16.0,14.0,143.0,2.0,1.0,4.0,0.0,33.7,3.7
Braxton Miller,HOU,2017.0,10.0,29.0,19.0,162.0,1.0,1.0,1.0,0.0,31.8,3.2
Demarcus Robinson,KC,2017.0,10.0,39.0,21.0,212.0,0.0,0.0,0.0,0.0,31.7,3.2
Laquon Treadwell,MIN,2017.0,13.0,35.0,20.0,200.0,0.0,0.0,0.0,0.0,30.0,2.3
Alex Erickson,CIN,2017.0,10.0,16.0,12.0,180.0,1.0,5.0,16.0,0.0,29.6,3.0
Damiere Byrd,CAR,2017.0,8.0,17.0,10.0,105.0,2.0,1.0,12.0,0.0,28.7,3.6
Eli Rogers,PIT,2017.0,12.0,36.0,18.0,149.0,1.0,0.0,0.0,0.0,27.9,2.3
Phillip Dorsett,NE,2017.0,9.0,18.0,12.0,194.0,0.0,1.0,7.0,0.0,26.1,2.9
Curtis Samuel,CAR,2017.0,8.0,26.0,15.0,115.0,0.0,4.0,64.0,0.0,25.4,3.2
Brandon Marshall,NYG,2017.0,5.0,33.0,18.0,154.0,0.0,0.0,0.0,0.0,24.4,4.9
Chris Conley,KC,2017.0,5.0,16.0,11.0,175.0,0.0,0.0,0.0,0.0,23.0,4.6
Louis Murphy,SF,2017.0,6.0,17.0,8.0,121.0,1.0,0.0,0.0,0.0,22.1,3.7
Tommylee Lewis,NO,2017.0,10.0,15.0,10.0,116.0,1.0,2.0,14.0,0.0,22.0,2.2
Josh Reynolds,LAR,2017.0,8.0,24.0,11.0,104.0,1.0,0.0,0.0,0.0,21.9,2.7
Kamar Aiken,IND,2017.0,13.0,44.0,15.0,133.0,0.0,0.0,0.0,0.0,20.8,1.6
Jordan Taylor,DEN,2017.0,6.0,20.0,13.0,142.0,0.0,0.0,0.0,0.0,20.7,3.5
Jaydon Mickens,JAC,2017.0,5.0,11.0,6.0,77.0,2.0,0.0,0.0,0.0,18.7,3.7
Tre McBride,CHI,2017.0,5.0,15.0,8.0,144.0,0.0,0.0,0.0,0.0,18.4,3.7
Brandon Tate,BUF,2017.0,5.0,14.0,6.0,81.0,1.0,0.0,0.0,0.0,17.1,3.4
Brenton Bersin,CAR,2017.0,6.0,14.0,8.0,128.0,0.0,0.0,0.0,0.0,16.8,2.8
Josh Malone,CIN,2017.0,9.0,17.0,6.0,63.0,1.0,2.0,2.0,0.0,15.5,1.7
Mike Williams,LAC,2017.0,9.0,23.0,11.0,95.0,0.0,0.0,0.0,0.0,15.0,1.7
Darrius Heyward-Bey,PIT,2017.0,5.0,3.0,2.0,47.0,0.0,2.0,32.0,1.0,14.9,3.0
Maurice Harris,WAS,2017.0,3.0,6.0,4.0,62.0,1.0,0.0,0.0,0.0,14.2,4.7
Travis Rudolph,NYG,2017.0,6.0,21.0,8.0,101.0,0.0,0.0,0.0,0.0,14.1,2.4
Chad Hansen,NYJ,2017.0,6.0,16.0,9.0,94.0,0.0,0.0,0.0,0.0,13.9,2.3
Hunter Sharp,DEN,2017.0,3.0,9.0,5.0,54.0,1.0,0.0,0.0,0.0,13.9,4.6
ArDarius Stewart,NYJ,2017.0,9.0,13.0,6.0,82.0,0.0,7.0,27.0,0.0,13.9,1.5
Marvin Hall,ATL,2017.0,6.0,9.0,2.0,60.0,1.0,0.0,0.0,0.0,13.0,2.2
Kasen Williams,CLE,2017.0,5.0,16.0,9.0,84.0,0.0,0.0,0.0,0.0,12.9,2.6
Michael Floyd,MIN,2017.0,10.0,17.0,10.0,78.0,0.0,0.0,0.0,0.0,12.8,1.3
Breshad Perriman,BAL,2017.0,11.0,35.0,10.0,77.0,0.0,0.0,0.0,0.0,12.7,1.2
Pharoh Cooper,LAR,2017.0,10.0,19.0,11.0,84.0,0.0,1.0,6.0,0.0,12.5,1.3
